ID_Commercant,Zone_Dakar,Secteur_Activite,Volume_Mensuel_FCFA,Evolution_Ventes_3M_Pct,Nb_Transferts_Recus_Mois,Anciennete_Mois,Defaut_Paiement
SN-0000,Ouakam,Services,1869088.0,-30.88344460313212,58,15.0,0
SN-0001, Pikine ,Alimentation,1904803.0,7.824275129269234,82,19.0,1
SN-0002,Marche Sandaga,Habillement,135172.0,-14.70135513777155,152,61.0,1
SN-0003,Guediawaye,Alimentation,974142.0,-8.021694459166675,93,26.0,0
SN-0004,Parcelles Assainies,Services,1100420.0,-19.373452921684397,140,13.0,1
SN-0005,Medina,Électronique,1380710.0,8.503600818298585,42,99.0,0
SN-0006,Medina,Alimentation,720156.0,,114,48.0,0
SN-0007,Medina,Habillement,842781.0,-0.3522434780285669,75,78.0,0
SN-0008,Pikine,Alimentation,427016.0,-7.917997466600633,166,72.0,0
SN-0009,Ouakam,Restauration,1688835.0,-48.839974073245514,163,16.0,0
SN-0010, Pikine ,Services,906577.0,7.571985409344856,135,6.0,1
SN-0011,Yoff,Habillement,1456290.0,2.1976293860504628,93,84.0,0
SN-0012,Marche Sandaga,Habillement,1596030.0,-20.097610629445363,18,112.0,0
SN-0013, Pikine ,Habillement,355173.0,-6.055146091000917,1,92.0,0
SN-0014,Yoff,Restauration,398233.0,-7.555048478404986,125,48.0,1
SN-0015,PIKINE,Électronique,1618618.0,3.6426966860856997,5,53.0,0
SN-0016, Pikine ,Alimentation,364345.0,36.87836559437817,159,101.0,0
SN-0017,Marche Sandaga,Restauration,634060.0,16.89709602257695,12,22.0,0
SN-0018,Marche Sandaga,Électronique,1636997.0,-23.492609332293235,15,103.0,0
SN-0019,Yoff,Habillement,1577228.0,-12.691062487794182,138,42.0,0
SN-0020,Guediawaye,nan,1932322.0,-27.765869178167897,131,67.0,0
SN-0021,Ouakam,Services,759355.0,-43.047796695989355,34,112.0,0
SN-0022, Pikine ,Habillement,360004.0,,49,90.0,0
SN-0023,Medina,Alimentation,1328939.0,-1.8433587695195983,16,25.0,1
SN-0024,Parcelles Assainies,Restauration,1823837.0,32.03702045001326,120,35.0,0
SN-0025,Ouakam,Restauration,790810.0,22.029111807020335,140,92.0,0
SN-0026,Marche Sandaga,Habillement,1942477.0,14.25564097667787,29,101.0,0
SN-0027,Medina,Services,1652401.0,14.985870667302272,86,64.0,0
SN-0028,PIKINE,Services,1131870.0,25.028839232628304,87,3.0,0
SN-0029,PIKINE,Services,806753.0,-22.058259305880462,31,111.0,0
SN-0030,Ouakam,Restauration,1114821.0,13.654931389042435,190,48.0,0
SN-0031,Pikine,Services,1832263.0,-6.4242377982917,51,112.0,0
SN-0032,Medina,Restauration,442579.0,-41.03934669422842,67,81.0,1
SN-0033,Ouakam,Alimentation,737385.0,2.2959925227001343,133,118.0,0
SN-0034,Medina,Alimentation,502454.0,1.9428492318243562,142,26.0,0
SN-0035,Marche Sandaga,Restauration,1026647.0,-6.749140021384172,147,84.0,0
SN-0036,Medina,Alimentation,1698158.0,17.082114902757194,70,58.0,0
SN-0037,Guediawaye,Habillement,469194.0,13.817790767063528,118,52.0,0
SN-0038,Marché Sandaga,Alimentation,140387.0,9.178010514352364,190,112.0,1
SN-0039,Marché Sandaga,Alimentation,681326.0,-22.258224936722822,19,79.0,0
SN-0040,Marché Sandaga,Habillement,1745665.0,28.644397066417678,34,77.0,0
SN-0041,Medina,Alimentation,1846027.0,-2.0176858880770574,128,25.0,0
SN-0042,Medina,Alimentation,1185400.0,-70.12225321531596,64,12.0,0
SN-0043,Pikine,Électronique,147577.0,-29.679665995344415,124,36.0,1
SN-0044,Medina,Restauration,958081.0,8.73319982141224,146,51.0,0
SN-0045, Pikine ,Électronique,751236.0,15.725525717688447,78,102.0,0
SN-0046,Marche Sandaga,Alimentation,386908.0,4.5311759020273366,116,88.0,0
SN-0047, Pikine ,Habillement,452514.0,-1.6562636077781903,51,16.0,1
SN-0048,Guediawaye,Restauration,567565.0,24.00271176585463,132,64.0,0
SN-0049, Pikine ,Électronique,1578311.0,6.711533871359051,33,101.0,0
SN-0050,PIKINE,Habillement,270814.0,-11.112910462025381,120,100.0,0
SN-0051,Parcelles Assainies,Habillement,1235840.0,35.643557313639484,147,60.0,0
SN-0052,Marché Sandaga,Habillement,1317768.0,26.44818059459425,32,2.0,0
SN-0053,Yoff,Services,308960.0,,169,119.0,0
SN-0054,Ouakam,Électronique,1432949.0,5.568280232869872,15,52.0,0
SN-0055,Yoff,Services,1856775.0,0.6522833162308799,196,55.0,0
SN-0056,Parcelles Assainies,nan,891954.0,10.746142526956605,90,102.0,0
SN-0057, Pikine ,Électronique,1705498.0,-14.02014000706107,178,7.0,1
SN-0058,Yoff,Services,1016924.0,-53.593560842664935,137,22.0,0
SN-0059, Pikine ,Alimentation,1305013.0,9.437309530500267,171,50.0,1
SN-0060,Ouakam,Services,186028.0,-0.7859841794414759,32,64.0,0
SN-0061, Pikine ,Alimentation,331179.0,1.9437622418702376,94,39.0,0
SN-0062,PIKINE,Alimentation,1468192.0,,118,0.0,0
SN-0063,Parcelles Assainies,Alimentation,1668343.0,-8.717327283961348,131,79.0,0
SN-0064,Ouakam,Restauration,1162269.0,-0.3720001127883455,17,41.0,0
SN-0065,Pikine,Habillement,1017304.0,14.400907629043058,179,38.0,0
SN-0066,Marche Sandaga,Habillement,1134832.0,-22.163838788741252,56,58.0,0
SN-0067,PIKINE,Électronique,1669147.0,-44.020013210286,187,65.0,0
SN-0068,Ouakam,Restauration,301855.0,-10.668710749119034,194,61.0,1
SN-0069,Marche Sandaga,Électronique,642627.0,-12.908181016227012,119,61.0,1
SN-0070,Parcelles Assainies,Services,1751509.0,-29.97034676823705,128,57.0,0
SN-0071,Parcelles Assainies,Électronique,479157.0,-16.924227476090273,149,71.0,0
SN-0072,Marché Sandaga,Électronique,1959821.0,2.7003430726351336,12,49.0,0
SN-0073,Marché Sandaga,Alimentation,786090.0,-17.677672559034292,95,101.0,1
SN-0074,PIKINE,Services,9488.0,-21.356001469652327,57,62.0,1
SN-0075,Ouakam,Alimentation,548950.0,14.56289878489148,39,92.0,0
SN-0076,Medina,Alimentation,958049.0,27.247511241800705,57,34.0,0
SN-0077,Yoff,Restauration,760666.0,18.04585893723912,113,60.0,0
SN-0078,Marche Sandaga,Alimentation,855540.0,-26.136742902618796,74,30.0,1
SN-0079,Parcelles Assainies,Alimentation,1318390.0,20.22046914530788,2,24.0,0
SN-0080, Pikine ,Restauration,918214.0,-22.380714861390384,143,8.0,0
SN-0081,Marche Sandaga,Services,1174885.0,3.3938384812742544,197,72.0,0
SN-0082,Guediawaye,Habillement,1798116.0,-16.418451110432425,54,33.0,0
SN-0083,Parcelles Assainies,Alimentation,1470968.0,,1,92.0,0
SN-0084,PIKINE,Habillement,890873.0,54.38722765330414,82,82.0,0
SN-0085,Marche Sandaga,Habillement,977923.0,-6.27931187063912,176,113.0,0
SN-0086,Marche Sandaga,Électronique,1090731.0,10.188757444907154,172,112.0,0
SN-0087,Parcelles Assainies,Habillement,1768693.0,-18.03919135912373,71,54.0,0
SN-0088,PIKINE,Alimentation,1003703.0,-12.18935751222488,111,26.0,0
SN-0089,Parcelles Assainies,Services,1256256.0,-32.49560482919977,147,72.0,0
SN-0090,Parcelles Assainies,Restauration,879428.0,3.856372556629768,102,66.0,0
SN-0091,Ouakam,Électronique,599613.0,19.7039542021718,145,75.0,0
SN-0092,Guediawaye,Électronique,743764.0,9.83515998731449,62,47.0,1
SN-0093,Guediawaye,Restauration,792743.0,21.3053933682744,54,25.0,1
SN-0094,PIKINE,Habillement,1325771.0,9.788907138574288,166,106.0,0
SN-0095, Pikine ,Restauration,223106.0,-15.334534667430013,128,108.0,0
SN-0096,Medina,Restauration,1694197.0,-17.634291488808262,162,109.0,0
SN-0097,Medina,Électronique,670901.0,-17.751200118734204,119,63.0,0
SN-0098,Parcelles Assainies,Habillement,1370758.0,-11.719633347248546,127,94.0,0
SN-0099,Ouakam,Alimentation,1314299.0,-23.22057367176612,35,3.0,0
SN-0100,Marché Sandaga,Habillement,1613821.0,1.0404766584021783,115,59.0,0
SN-0101,PIKINE,Électronique,1077580.0,5.235978419140342,10,39.0,0
SN-0102,Parcelles Assainies,Services,1402626.0,20.403821568195436,92,69.0,0
SN-0103,Guediawaye,Électronique,1281634.0,-42.52265465607272,160,79.0,0
SN-0104,PIKINE,Services,888878.0,-32.20718352344885,35,78.0,0
SN-0105,Ouakam,Électronique,623100.0,-12.840218039496019,59,8.0,1
SN-0106,Medina,Électronique,453104.0,20.418303293923795,77,100.0,0
SN-0107,Medina,Habillement,1744122.0,-12.152812899008252,139,114.0,0
SN-0108, Pikine ,Alimentation,56378.0,-26.573813755173603,62,17.0,0
SN-0109,Parcelles Assainies,Habillement,675200.0,20.033793037397977,97,112.0,0
SN-0110,Marche Sandaga,Habillement,1798031.0,14.983351593565402,180,117.0,0
SN-0111,Pikine,Alimentation,1789280.0,27.995650437002297,69,113.0,0
SN-0112,Ouakam,Habillement,577232.0,25.8719080362942,124,56.0,0
SN-0113,Marché Sandaga,nan,536728.0,4.319147375316002,36,86.0,0
SN-0114,Ouakam,Électronique,636157.0,22.31087960671421,56,66.0,0
SN-0115,PIKINE,Restauration,1589510.0,19.54475311953155,99,95.0,0
SN-0116,PIKINE,Électronique,232103.0,8.968619145281732,191,-2.0,0
SN-0117,Guediawaye,Électronique,414873.0,1.14855138268838,28,18.0,0
SN-0118,PIKINE,Alimentation,1605908.0,,27,2.0,1
SN-0119,Medina,Services,1026455.0,25.859222898187596,159,23.0,0
SN-0120,Marche Sandaga,Restauration,415385.0,-14.966982605325557,176,83.0,0
SN-0121,Marché Sandaga,Services,823157.0,22.653469680520267,80,65.0,0
SN-0122,Yoff,Restauration,1181492.0,,90,26.0,0
SN-0123,Pikine,Alimentation,1644272.0,-9.544026111198033,81,35.0,0
SN-0124,Yoff,Électronique,823777.0,19.848023336695398,152,116.0,0
SN-0125,Medina,Habillement,1426551.0,-5.703520000683034,42,3.0,0
SN-0126, Pikine ,Électronique,1368422.0,0.5906576432968533,183,-4.0,0
SN-0127,Marche Sandaga,Électronique,1442394.0,-22.094249500318163,34,97.0,0
SN-0128,Ouakam,Restauration,1325197.0,-39.16682703517079,32,51.0,0
SN-0129,Guediawaye,Électronique,1225468.0,7.082813057966631,22,117.0,0
SN-0130,Yoff,Services,1302561.0,11.25731756169004,162,4.0,0
SN-0131, Pikine ,Services,943914.0,-21.470262522043804,36,61.0,1
SN-0132,Ouakam,Services,436039.0,32.773343024131414,114,60.0,1
SN-0133,Pikine,Restauration,1086749.0,15.385832926492586,13,75.0,0
SN-0134,PIKINE,Habillement,1716591.0,-0.2810386927134154,133,42.0,1
SN-0135,Yoff,Services,1826190.0,0.8768190298186993,10,48.0,0
SN-0136,Medina,Restauration,1719281.0,-19.299762705863284,0,82.0,0
SN-0137,Parcelles Assainies,Alimentation,808630.0,-26.55835447046103,107,0.0,1
SN-0138, Pikine ,Restauration,1984645.0,20.38155947401663,138,70.0,0
SN-0139,Pikine,Restauration,1132975.0,,132,54.0,0
SN-0140,Marche Sandaga,Alimentation,726254.0,26.181340862007218,13,108.0,0
SN-0141, Pikine ,Services,934440.0,42.97664190777419,179,55.0,0
SN-0142,PIKINE,Services,107139.0,-11.681405358689146,43,52.0,1
SN-0143,Yoff,Restauration,957928.0,19.65402298989749,145,119.0,0
SN-0144,Marché Sandaga,Électronique,527629.0,-5.042205486214018,22,73.0,0
SN-0145,Marché Sandaga,nan,1483564.0,9.010339532076275,63,46.0,0
SN-0146,Marché Sandaga,Restauration,546721.0,-35.34531960966394,12,12.0,1
SN-0147,Yoff,Alimentation,320508.0,-7.51258336910486,17,19.0,1
SN-0148,Pikine,Électronique,293194.0,10.113216230171423,194,11.0,0
SN-0149,Marché Sandaga,Électronique,1008254.0,7.972823458450251,9,23.0,1
SN-0150,Medina,Alimentation,782832.0,-28.38602288108868,151,17.0,1
SN-0151,Marché Sandaga,Services,979577.0,-17.30935164351177,133,115.0,0
SN-0152,Yoff,Habillement,1075891.0,8.192480701272295,115,27.0,0
SN-0153, Pikine ,Alimentation,1315559.0,-5.8028550875078855,194,60.0,0
SN-0154,Parcelles Assainies,Alimentation,350592.0,-18.106175412209605,43,5.0,1
SN-0155,Yoff,Services,134032.0,,155,24.0,1
SN-0156, Pikine ,Électronique,853759.0,-15.724699587127747,55,115.0,0
SN-0157,Yoff,Habillement,263983.0,9.088030406318712,110,119.0,0
SN-0158,Medina,Habillement,1103474.0,4.159725828417799,49,-5.0,1
SN-0159,Marché Sandaga,Restauration,1663633.0,10.948454458314934,148,-2.0,0
SN-0160,Ouakam,Restauration,1360111.0,8.859890205377576,194,102.0,0
SN-0161,PIKINE,Habillement,718132.0,30.62340072659001,87,28.0,1
SN-0162,Marché Sandaga,Électronique,1389361.0,6.964956240695476,194,20.0,0
SN-0163,Marché Sandaga,Services,1232579.0,-8.826386741888468,111,99.0,0
SN-0164,Marché Sandaga,Restauration,1371066.0,42.128697237432334,82,52.0,0
SN-0165,Marche Sandaga,Restauration,458509.0,3.274943876705232,192,37.0,1
SN-0166,Guediawaye,Habillement,1557488.0,19.885045680977704,193,112.0,0
SN-0167,PIKINE,Alimentation,477685.0,-44.28087893401383,113,65.0,1
SN-0168,Medina,Habillement,1882702.0,2.8714445472720933,65,81.0,0
SN-0169,Marché Sandaga,Habillement,1964872.0,10.809643819641918,61,7.0,0
SN-0170,Guediawaye,Restauration,169520.0,-36.1298846203386,125,78.0,0
SN-0171,PIKINE,Habillement,253316.0,1.943786583709239,130,19.0,1
SN-0172,PIKINE,Restauration,527842.0,10.74673888396087,170,14.0,1
SN-0173,PIKINE,Électronique,1537629.0,6.591775419272223,154,75.0,0
SN-0174,Yoff,Services,924774.0,-46.90980813728724,16,103.0,0
SN-0175,Yoff,Électronique,27135.0,4.818333378894532,65,31.0,1
SN-0176,Pikine,Habillement,1034150.0,13.505665307409632,0,73.0,0
SN-0177,Pikine,Habillement,989738.0,22.639146876877952,15,29.0,0
SN-0178,Pikine,Restauration,11287.0,-14.095884411547585,174,35.0,0
SN-0179,PIKINE,Habillement,1761.0,3.0154408699601443,38,47.0,0
SN-0180,Yoff,Restauration,208358.0,16.892757829953283,161,76.0,1
SN-0181,Yoff,Habillement,1421926.0,19.88324287057582,24,27.0,0
SN-0182, Pikine ,Alimentation,1041341.0,26.79538284750521,197,45.0,1
SN-0183,Yoff,Habillement,829410.0,6.240910590995846,162,16.0,0
SN-0184,Ouakam,Services,104241.0,12.406574225773868,117,8.0,1
SN-0185,Medina,Alimentation,986487.0,-18.694055934198236,88,76.0,0
SN-0186,Pikine,Habillement,505476.0,5.896775972762379,57,74.0,0
SN-0187,Ouakam,Restauration,1392970.0,-12.58796716744879,115,47.0,0
SN-0188,Medina,Électronique,1233031.0,14.923963386875984,124,-4.0,1
SN-0189,Yoff,Restauration,1376630.0,1.021261200766321,99,35.0,1
SN-0190,Ouakam,Alimentation,1857378.0,-0.35959964022917557,106,48.0,0
SN-0191,Yoff,Habillement,294503.0,5.254089074182207,129,45.0,0
SN-0192,Parcelles Assainies,Électronique,595812.0,-9.422849554306286,70,68.0,0
SN-0193,Pikine,Habillement,444521.0,7.900458967753831,155,97.0,0
SN-0194,Marche Sandaga,Restauration,84922.0,28.627860497078746,29,75.0,0
SN-0195,Yoff,Restauration,703148.0,-3.307321034174215,160,27.0,0
SN-0196,Parcelles Assainies,Restauration,1648690.0,23.516709762887853,149,62.0,0
SN-0197,Ouakam,Alimentation,865924.0,-5.731200262572892,156,98.0,0
SN-0198,Parcelles Assainies,Alimentation,1363780.0,-16.188479709747014,127,7.0,0
SN-0199,Ouakam,Électronique,124125.0,-2.630354268358622,146,31.0,0
SN-0200,Guediawaye,Restauration,1872966.0,35.9721840137549,141,6.0,0
SN-0201,Marché Sandaga,Habillement,543535.0,-23.135457147958558,70,45.0,0
SN-0202,Parcelles Assainies,Électronique,132145.0,-7.559834835981032,185,43.0,0
SN-0203,Guediawaye,Alimentation,1990092.0,42.66833128432067,126,117.0,0
SN-0204,Ouakam,Alimentation,1858389.0,-31.891638520721663,81,45.0,0
SN-0205,Ouakam,Électronique,1105141.0,,160,38.0,1
SN-0206,Pikine,nan,1518554.0,-0.16995912840246877,92,72.0,0
SN-0207,Yoff,Services,1397981.0,18.33673879297663,77,103.0,0
SN-0208,Yoff,Électronique,1547449.0,-22.077520085371912,83,9.0,0
SN-0209,Guediawaye,Services,1736925.0,34.53571397992176,74,108.0,0
SN-0210,Marché Sandaga,Restauration,516593.0,-11.156993907102459,172,11.0,0
SN-0211,Marche Sandaga,Habillement,39767.0,-51.8581156301377,165,30.0,0
SN-0212, Pikine ,Électronique,851967.0,-4.806099047739459,64,63.0,0
SN-0213,Marché Sandaga,Habillement,1018580.0,1.935413237344892,143,7.0,0
SN-0214,Pikine,Services,768482.0,,80,71.0,0
SN-0215,Yoff,Habillement,391144.0,29.83669228138242,182,89.0,0
SN-0216, Pikine ,Électronique,775557.0,-0.9117926458689196,36,24.0,1
SN-0217,Medina,Restauration,578014.0,0.558472390280279,130,92.0,0
SN-0218,Ouakam,Habillement,1563257.0,-41.333050027890565,1,33.0,0
SN-0219,PIKINE,Habillement,1598448.0,-5.699255850971285,16,1.0,0
SN-0220,Pikine,Habillement,1477877.0,4.382050387312779,19,14.0,0
SN-0221, Pikine ,nan,19740.0,-2.9357845987979925,59,67.0,1
SN-0222,Marche Sandaga,Habillement,1530053.0,-18.973182506188266,80,23.0,0
SN-0223,Medina,nan,1235146.0,-17.3971686967563,71,37.0,0
SN-0224,Yoff,Électronique,1918809.0,5.286951648398616,121,-4.0,0
SN-0225,PIKINE,Services,1211568.0,35.79038243670158,61,92.0,0
SN-0226,Parcelles Assainies,Habillement,834731.0,1.5810244154790423,46,68.0,0
SN-0227,Medina,Services,207157.0,6.665849399260717,110,75.0,0
SN-0228,Medina,Services,1046800.0,9.168717050145487,103,-5.0,0
SN-0229,PIKINE,Habillement,1101391.0,-1.4902623954015524,123,24.0,0
SN-0230,Pikine,Électronique,175716.0,1.7233429796319963,157,87.0,1
SN-0231,Marche Sandaga,Restauration,651799.0,-16.126932747767764,146,9.0,0
SN-0232,Ouakam,Électronique,1581830.0,-15.771809793365817,124,77.0,0
SN-0233,Yoff,Services,172599.0,11.729544630036743,42,-3.0,1
SN-0234,Guediawaye,nan,1849467.0,-5.816342074255254,36,56.0,0
SN-0235,Medina,Alimentation,327344.0,1.78594934914199,4,96.0,0
SN-0236,Marché Sandaga,Restauration,334140.0,-35.37338633082542,31,105.0,0
SN-0237,Ouakam,Alimentation,1121586.0,0.6722294314060593,42,101.0,0
SN-0238, Pikine ,nan,589500.0,,118,46.0,0
SN-0239,Medina,Habillement,402830.0,18.933446252054228,173,54.0,1
SN-0240, Pikine ,Électronique,124985.0,-17.866489495515474,100,62.0,1
SN-0241,Parcelles Assainies,Habillement,521075.0,,191,96.0,1
SN-0242,Guediawaye,Services,217323.0,7.601192038877147,113,69.0,1
SN-0243,Marché Sandaga,Alimentation,892740.0,16.210977798606503,81,51.0,0
SN-0244,Ouakam,Alimentation,838502.0,-17.260333951299543,15,111.0,0
SN-0245,Yoff,Habillement,1301422.0,-21.172446309505464,58,93.0,0
SN-0246,Pikine,Alimentation,641385.0,9.29218342496476,188,14.0,1
SN-0247,Marche Sandaga,Alimentation,17860.0,20.655100516566982,81,65.0,0
SN-0248,PIKINE,Électronique,485877.0,7.371768648950221,39,95.0,0
SN-0249,Guediawaye,Services,1226439.0,-34.59859815310725,22,45.0,0
SN-0250,Guediawaye,Restauration,37690.0,22.43980845478134,197,-5.0,1
SN-0251,Guediawaye,Alimentation,1330660.0,30.61444516950797,20,0.0,0
SN-0252,Guediawaye,Habillement,1642747.0,24.060622688516208,5,87.0,0
SN-0253,Ouakam,Services,1236906.0,-24.48792012508286,180,33.0,0
SN-0254,Guediawaye,Restauration,331013.0,-14.617160859572822,32,65.0,1
SN-0255,Guediawaye,Électronique,1734699.0,-26.398819695277705,96,102.0,0
SN-0256,Pikine,Restauration,1164321.0,10.67076248730125,134,27.0,0
SN-0257,Pikine,Électronique,1096264.0,0.7641298800579315,168,66.0,0
SN-0258,PIKINE,Services,519901.0,2.8594873082387706,79,40.0,0
SN-0259,Guediawaye,Habillement,1305274.0,11.545354980289469,158,75.0,0
SN-0260,Ouakam,Habillement,546796.0,7.732370116651545,172,19.0,0
SN-0261,Marche Sandaga,Services,556519.0,,50,47.0,1
SN-0262,Ouakam,Services,1214516.0,29.22060840735313,180,100.0,0
SN-0263,Marche Sandaga,Alimentation,775222.0,8.965148660749495,14,37.0,1
SN-0264,PIKINE,Habillement,726860.0,24.65534006551544,78,58.0,0
SN-0265,Ouakam,Alimentation,38530.0,-3.2529392368704553,87,106.0,0
SN-0266,Medina,Services,179922.0,9.231923826745343,10,80.0,1
SN-0267,Marche Sandaga,Restauration,1702197.0,-4.681842997936501,115,94.0,0
SN-0268,Marché Sandaga,Services,1013770.0,14.817725613884399,77,95.0,0
SN-0269,Guediawaye,nan,1500711.0,20.516859232883068,161,49.0,0
SN-0270,Marché Sandaga,Restauration,432439.0,12.314794080814991,66,-5.0,1
SN-0271,Marché Sandaga,Alimentation,452415.0,12.109776570089714,92,51.0,0
SN-0272,Marché Sandaga,Services,1989905.0,-11.286681368914621,59,74.0,0
SN-0273,Ouakam,Habillement,155359.0,8.36414222441596,129,94.0,0
SN-0274,Ouakam,Alimentation,1565965.0,30.77436747515093,128,88.0,0
SN-0275, Pikine ,Électronique,1922861.0,-25.19678999786497,117,33.0,1
SN-0276,PIKINE,Électronique,865467.0,13.15821418952731,66,29.0,0
SN-0277,Yoff,Électronique,1171686.0,1.856109334673155,199,28.0,0
SN-0278, Pikine ,Services,982102.0,23.592473453576734,70,13.0,1
SN-0279,Parcelles Assainies,Restauration,1459446.0,10.698113374240737,30,118.0,0
SN-0280,Medina,Alimentation,1575805.0,7.6564205676125985,22,88.0,0
SN-0281,Marche Sandaga,Restauration,78834.0,13.834799598891172,39,44.0,1
SN-0282,Guediawaye,Services,1961603.0,0.2989480493127048,8,71.0,0
SN-0283,Marche Sandaga,Restauration,493049.0,-1.978551033310254,89,9.0,1
SN-0284,Medina,Alimentation,496141.0,18.82759723954654,40,110.0,0
SN-0285,Ouakam,Services,1387567.0,17.372526501275605,104,104.0,0
SN-0286,Yoff,Habillement,97049.0,-10.673290955943322,87,83.0,0
SN-0287,Pikine,Services,1817698.0,45.52284265266603,75,85.0,0
SN-0288,Ouakam,Alimentation,52448.0,12.243452079246834,46,37.0,0
SN-0289,Marché Sandaga,Électronique,1982422.0,-31.521139471433184,143,50.0,0
SN-0290,Medina,Habillement,1352585.0,-21.6106771074886,66,47.0,0
SN-0291,Yoff,Services,1535694.0,-5.154472640848847,59,0.0,1
SN-0292,Yoff,nan,409770.0,0.2144873950379117,43,106.0,0
SN-0293,Medina,Restauration,1124810.0,31.015357687711415,153,39.0,0
SN-0294,Marche Sandaga,Restauration,1418849.0,-3.5621579594555635,43,105.0,0
SN-0295,Ouakam,Électronique,1620604.0,41.19856421319497,162,110.0,0
SN-0296,PIKINE,Alimentation,647498.0,2.8500095922719106,93,29.0,1
SN-0297,Marché Sandaga,Habillement,1835377.0,41.80687315759572,104,119.0,0
SN-0298,Ouakam,Alimentation,893502.0,-6.434537905437328,159,64.0,0
SN-0299,Ouakam,Électronique,1059617.0,13.665191100205199,56,77.0,0
SN-0300,Pikine,Alimentation,697968.0,-51.8760219026354,17,36.0,0
SN-0301,Medina,Alimentation,165897.0,-22.134570176568637,166,45.0,0
SN-0302,Pikine,Services,808299.0,-13.89668248194231,157,75.0,0
SN-0303,Parcelles Assainies,Électronique,1305858.0,7.2389334674545145,110,66.0,1
SN-0304,Pikine,Alimentation,1403063.0,11.654086224847012,63,18.0,0
SN-0305,Medina,Services,656475.0,3.7059314978403273,12,54.0,0
SN-0306,Guediawaye,Alimentation,1135798.0,22.096559044254516,126,71.0,0
SN-0307, Pikine ,Restauration,818027.0,,18,119.0,0
SN-0308,Marche Sandaga,Habillement,1356782.0,-3.754394702556392,17,99.0,0
SN-0309,Guediawaye,Alimentation,137661.0,36.88602268395339,145,26.0,0
SN-0310,Yoff,Services,1278597.0,-5.1854750350399135,25,118.0,0
SN-0311,PIKINE,Habillement,743685.0,4.931700177679124,12,52.0,0
SN-0312, Pikine ,Alimentation,1078378.0,-18.29604352554185,68,87.0,1
SN-0313,Yoff,nan,1691529.0,-7.849411821241878,41,38.0,0
SN-0314,PIKINE,Alimentation,212172.0,-23.88543533370367,45,27.0,0
SN-0315,Pikine,Habillement,1665133.0,11.708449200758457,15,21.0,0
SN-0316,Medina,Électronique,1594410.0,-35.459289203623044,27,70.0,0
SN-0317,Ouakam,Alimentation,242777.0,-29.921946724181897,171,45.0,1
SN-0318,Marché Sandaga,Services,922762.0,-2.2798524294574483,106,80.0,0
SN-0319,Medina,Habillement,1986212.0,27.28790859352783,4,59.0,0
SN-0320,Marché Sandaga,Restauration,1613121.0,-8.199820708797445,80,13.0,0
SN-0321,Parcelles Assainies,Électronique,1380964.0,-6.138399196598257,21,24.0,0
SN-0322,Marché Sandaga,Habillement,765377.0,15.44740518624753,108,31.0,1
SN-0323,Marché Sandaga,nan,761726.0,-24.423514304557475,129,2.0,0
SN-0324,Parcelles Assainies,Habillement,1431295.0,,87,33.0,0
SN-0325,Marché Sandaga,Habillement,1447668.0,9.742093184486206,172,85.0,0
SN-0326,Marché Sandaga,Électronique,1089326.0,-27.748778808630213,107,8.0,0
SN-0327,Yoff,Habillement,733041.0,-12.960206253131341,150,65.0,0
SN-0328, Pikine ,Restauration,1852523.0,2.1895060543449545,88,17.0,0
SN-0329,PIKINE,Restauration,718751.0,48.19856296777756,10,1.0,1
SN-0330,Medina,Restauration,625982.0,-14.975092649967932,81,60.0,0
SN-0331,Parcelles Assainies,Alimentation,182518.0,6.388309093245583,157,30.0,0
SN-0332,Yoff,Habillement,1686435.0,-17.688412547447214,19,100.0,0
SN-0333,Guediawaye,Restauration,824460.0,-21.328994292212485,89,43.0,0
SN-0334,Marche Sandaga,Services,1967747.0,-12.116550305248033,11,-5.0,0
SN-0335,Ouakam,Habillement,614948.0,-5.634628119136665,135,30.0,1
SN-0336, Pikine ,Alimentation,1105826.0,,58,21.0,1
SN-0337,Ouakam,Restauration,471054.0,1.9782773756620688,82,27.0,0
SN-0338,Pikine,Services,935726.0,18.449485969188608,20,24.0,1
SN-0339,Marche Sandaga,Habillement,843354.0,15.722305335827475,40,102.0,0
SN-0340, Pikine ,Habillement,901489.0,10.066112208138783,139,-3.0,1
SN-0341,Parcelles Assainies,Restauration,766999.0,58.78599832609062,45,44.0,0
SN-0342,Marche Sandaga,Alimentation,1744633.0,24.060504456473524,0,59.0,0
SN-0343,Yoff,Services,686533.0,22.95536050261046,46,25.0,1
SN-0344,PIKINE,nan,756764.0,7.688993460013485,118,32.0,1
SN-0345,Parcelles Assainies,Restauration,1569053.0,-22.89863833759442,46,67.0,0
SN-0346,Medina,Alimentation,20923.0,3.7754694031016123,8,45.0,1
SN-0347,Pikine,Restauration,737360.0,-55.521196651121336,52,25.0,0
SN-0348,Guediawaye,Services,1867720.0,32.68627712437785,81,48.0,0
SN-0349,Ouakam,Services,496638.0,21.721852402607507,123,20.0,0
SN-0350,Guediawaye,Alimentation,1073928.0,-14.343518471288881,94,113.0,0
SN-0351,Ouakam,Services,537951.0,33.299467551987064,184,-3.0,1
SN-0352,Guediawaye,Électronique,1175107.0,1.7079895864206547,179,16.0,1
SN-0353, Pikine ,Alimentation,1025958.0,-16.325220139873732,70,106.0,0
SN-0354,Marche Sandaga,Alimentation,67830.0,3.705270623867478,28,8.0,1
SN-0355,Yoff,Services,631931.0,-4.166399846441466,76,74.0,0
SN-0356,Marche Sandaga,Services,1048110.0,-20.379337305713467,120,22.0,1
SN-0357,Yoff,Alimentation,93501.0,26.410111383859835,84,59.0,0
SN-0358,Yoff,Électronique,907320.0,47.4438318212432,170,14.0,0
SN-0359,PIKINE,Services,21982.0,-35.603920030107766,197,37.0,1
SN-0360, Pikine ,Restauration,440651.0,4.46927672777983,47,74.0,1
SN-0361,Ouakam,Alimentation,1523801.0,27.929347042731003,169,74.0,0
SN-0362,Yoff,Électronique,1109935.0,,93,13.0,0
SN-0363,Guediawaye,Restauration,1702694.0,-7.940340499059715,11,103.0,0
SN-0364,Marche Sandaga,Habillement,1445574.0,-2.839881411509195,28,11.0,0
SN-0365,Pikine,Services,1665432.0,-36.05432395448847,173,88.0,0
SN-0366,Pikine,Électronique,1923012.0,-33.12055462722106,119,62.0,0
SN-0367, Pikine ,Électronique,513393.0,33.197917216970346,180,-4.0,0
SN-0368,Medina,Alimentation,703030.0,-15.66725720977379,100,100.0,0
SN-0369,PIKINE,Électronique,483790.0,28.229550175510376,92,14.0,0
SN-0370,Ouakam,Électronique,920963.0,-38.881454485505735,62,71.0,0
SN-0371,Pikine,Alimentation,1866216.0,11.521340674821499,164,73.0,0
SN-0372, Pikine ,Restauration,917412.0,-6.768629665992249,32,108.0,0
SN-0373,Parcelles Assainies,Habillement,1972522.0,0.2673576547319821,69,71.0,0
SN-0374,Ouakam,Restauration,1264819.0,3.097172098057209,69,24.0,0
SN-0375,Yoff,Électronique,1488999.0,4.511160343089348,5,37.0,0
SN-0376,Marche Sandaga,Services,754533.0,,37,97.0,0
SN-0377,Marche Sandaga,Restauration,1035413.0,-2.5708678539548253,57,89.0,1
SN-0378,PIKINE,Habillement,1876159.0,-9.277801289637962,162,79.0,0
SN-0379,Marche Sandaga,Alimentation,96467.0,0.677645733451562,70,7.0,0
SN-0380,PIKINE,Services,723664.0,6.7868390309809525,25,31.0,0
SN-0381,Pikine,Électronique,1531924.0,-22.96278717370037,72,37.0,0
SN-0382,PIKINE,Restauration,1458565.0,-20.04580543140493,24,55.0,0
SN-0383,Marche Sandaga,Services,592737.0,-4.295624831289308,145,85.0,0
SN-0384,PIKINE,Alimentation,1833644.0,11.69329629272605,51,108.0,0
SN-0385,Marche Sandaga,Restauration,1805654.0,30.58502551623055,125,30.0,0
SN-0386,Parcelles Assainies,Services,378154.0,48.66427372709758,76,82.0,0
SN-0387,Medina,Habillement,1647811.0,4.2831192155778055,136,49.0,1
SN-0388,Marche Sandaga,Alimentation,368414.0,-17.96636054285981,184,41.0,0
SN-0389,Yoff,Habillement,663987.0,-35.987591187947196,166,45.0,0
SN-0390,Medina,Électronique,1427565.0,2.0659357217876515,85,101.0,0
SN-0391,Marche Sandaga,Électronique,1194208.0,9.75130969154603,131,17.0,0
SN-0392,Marché Sandaga,Habillement,753753.0,-30.618733344635945,13,45.0,0
SN-0393,Medina,Restauration,1418981.0,-10.32676617539387,93,34.0,0
SN-0394,Marche Sandaga,Services,480404.0,-17.15460201192669,158,57.0,0
SN-0395,PIKINE,Services,1992088.0,,58,108.0,0
SN-0396,PIKINE,nan,1679487.0,-19.39414159280157,185,56.0,0
SN-0397,Yoff,Restauration,1001263.0,22.000479608850377,158,69.0,0
SN-0398,Marche Sandaga,Restauration,835267.0,-18.70176173929961,130,15.0,0
SN-0399,Marche Sandaga,Alimentation,1188962.0,-1.0387129731461988,73,-4.0,0
SN-0400,Yoff,Restauration,1277639.0,-8.25020058610649,180,111.0,0
SN-0401,Parcelles Assainies,Alimentation,402354.0,22.278017758971952,113,36.0,0
SN-0402,PIKINE,Services,1260630.0,-13.698131113281917,175,16.0,0
SN-0403,Pikine,Services,642940.0,19.972361865723478,57,97.0,0
SN-0404,Parcelles Assainies,Restauration,1165470.0,13.423167347124396,42,55.0,0
SN-0405, Pikine ,Électronique,1215875.0,-4.938455743321352,195,50.0,0
SN-0406,Marche Sandaga,Alimentation,1529381.0,8.16472931170813,160,14.0,0
SN-0407,Pikine,Alimentation,1244498.0,7.106222508652098,27,15.0,1
SN-0408, Pikine ,Électronique,1726928.0,24.87656977110907,171,23.0,0
SN-0409,Marche Sandaga,Habillement,454517.0,-10.047890217938015,4,27.0,1
SN-0410,Yoff,Habillement,1111101.0,-6.3586550528049575,166,13.0,0
SN-0411, Pikine ,Alimentation,838057.0,3.709207077089505,136,18.0,1
SN-0412,Ouakam,Services,1753671.0,-13.519217589096373,29,45.0,0
SN-0413,Yoff,Services,583258.0,2.105474021826787,3,99.0,0
SN-0414,Medina,Électronique,1161061.0,-21.176589516836586,78,39.0,0
SN-0415,Medina,Alimentation,176019.0,13.760729334269854,68,36.0,1
SN-0416,Marche Sandaga,Habillement,1840389.0,-10.742305441519974,46,101.0,0
SN-0417,Marché Sandaga,Alimentation,210331.0,32.43168210842771,22,-4.0,1
SN-0418,Marche Sandaga,Électronique,535282.0,-0.31557748191490054,117,52.0,0
SN-0419,PIKINE,Restauration,1632998.0,3.3519972144190553,10,52.0,0
SN-0420,Parcelles Assainies,Restauration,827433.0,4.440866763651691,63,99.0,0
SN-0421,Pikine,Restauration,681182.0,,139,-5.0,1
SN-0422, Pikine ,Alimentation,178116.0,-15.25726500552767,72,114.0,0
SN-0423,Parcelles Assainies,Alimentation,853679.0,-10.399737314533501,50,7.0,0
SN-0424,Yoff,Habillement,425195.0,5.83488524738433,70,10.0,0
SN-0425,Medina,Restauration,1276747.0,3.8643793697895115,51,99.0,0
SN-0426,PIKINE,nan,614597.0,8.060990943800538,104,0.0,1
SN-0427,PIKINE,Restauration,1495.0,-15.788312637043871,173,31.0,1
SN-0428,Guediawaye,Services,1526464.0,-18.234001607899167,57,76.0,0
SN-0429,Medina,Électronique,767530.0,-4.798417773318595,109,79.0,1
SN-0430,Parcelles Assainies,Habillement,1169503.0,19.783727717651704,165,5.0,1
SN-0431,Parcelles Assainies,Restauration,533628.0,3.447086452912305,87,62.0,0
SN-0432,Yoff,Alimentation,841007.0,7.843628399305472,21,62.0,0
SN-0433,Ouakam,Alimentation,235567.0,-2.291049669431286,10,101.0,0
SN-0434,Guediawaye,Électronique,162611.0,0.9554279700016708,134,28.0,0
SN-0435,Marché Sandaga,nan,1239593.0,-31.92927400977031,95,79.0,0
SN-0436,Marche Sandaga,Habillement,704949.0,11.947644153898793,13,47.0,0
SN-0437,Yoff,Services,16922.0,-10.815996799783989,125,78.0,1
SN-0438,Pikine,Services,1036181.0,6.577347749466327,33,20.0,0
SN-0439,PIKINE,Alimentation,706938.0,17.786869982731215,53,98.0,0
SN-0440,Yoff,Alimentation,339543.0,7.7781779339186565,9,104.0,0
SN-0441,Yoff,Alimentation,1949865.0,-3.7290647710120517,156,103.0,0
SN-0442,Guediawaye,Électronique,192138.0,,178,38.0,0
SN-0443,Pikine,Restauration,1650932.0,7.676130841914889,71,8.0,0
SN-0444,Marche Sandaga,Alimentation,673818.0,19.993737692870305,190,25.0,1
SN-0445,Medina,Alimentation,313730.0,-7.369707490055612,10,78.0,0
SN-0446,Pikine,Électronique,1567762.0,-23.91184650356831,164,26.0,0
SN-0447,Medina,nan,1101975.0,12.471923193714794,124,87.0,0
SN-0448,Guediawaye,nan,120957.0,-47.88051935152598,103,61.0,0
SN-0449,Ouakam,Électronique,860019.0,25.29699773328953,170,21.0,0
SN-0450, Pikine ,Habillement,717721.0,-28.899485086933858,136,74.0,0
SN-0451, Pikine ,Électronique,815127.0,-22.720515445658997,166,97.0,0
SN-0452,Yoff,Habillement,1927199.0,25.185833473603726,177,91.0,0
SN-0453,Marché Sandaga,Alimentation,1796223.0,16.587928072049674,97,53.0,0
SN-0454,Medina,Électronique,425206.0,-9.023197546979354,103,76.0,1
SN-0455,Pikine,Services,483894.0,13.316739592036065,197,12.0,0
SN-0456,Guediawaye,Électronique,1893633.0,16.60793353298166,168,41.0,1
SN-0457, Pikine ,Alimentation,179728.0,12.388555006220203,155,66.0,0
SN-0458,Parcelles Assainies,Services,1759475.0,,117,-1.0,0
SN-0459,Parcelles Assainies,Habillement,515541.0,-2.0366486855907873,24,92.0,0
SN-0460,Pikine,Services,185124.0,-24.74785850200222,62,-5.0,0
SN-0461,PIKINE,Services,945307.0,20.376659002021963,108,80.0,0
SN-0462,Medina,Restauration,1173889.0,-33.9113692826772,103,54.0,0
SN-0463,Marché Sandaga,Alimentation,1210658.0,33.90410890995051,192,110.0,1
SN-0464,PIKINE,Habillement,180425.0,-17.00084961297712,124,62.0,1
SN-0465,Marche Sandaga,Restauration,1339799.0,14.574688107811511,61,119.0,0
SN-0466, Pikine ,Électronique,528777.0,7.692025492282069,184,89.0,0
SN-0467,PIKINE,nan,620647.0,-4.127560087280676,125,87.0,0
SN-0468,Guediawaye,Électronique,337253.0,3.175178406011031,190,56.0,0
SN-0469,Medina,Habillement,1775191.0,40.454418452254615,155,13.0,0
SN-0470,Medina,Services,1563480.0,-15.952008502624842,12,11.0,0
SN-0471,Marche Sandaga,Services,1145586.0,-2.5480184551702525,108,111.0,0
SN-0472,Guediawaye,Habillement,1713171.0,-15.068579526628689,100,112.0,0
SN-0473,Pikine,Services,1611816.0,-21.05283411025591,177,119.0,0
SN-0474,PIKINE,Habillement,1742279.0,6.2746893725089725,148,91.0,0
SN-0475,Ouakam,Restauration,462086.0,-4.7902943592921945,156,87.0,0
SN-0476,Yoff,Services,874265.0,-12.478620938604648,0,18.0,0
SN-0477,Marché Sandaga,Habillement,878339.0,15.058546181884665,110,-4.0,0
SN-0478,Marche Sandaga,Restauration,213950.0,-45.36144126241191,176,106.0,0
SN-0479,Yoff,Alimentation,379410.0,5.326486408639451,53,110.0,0
SN-0480,Marche Sandaga,Électronique,368009.0,6.7983087684313865,60,9.0,0
SN-0481,Pikine,Restauration,1745067.0,-22.93478422296612,154,111.0,0
SN-0482,Guediawaye,Électronique,987509.0,-1.6704547475947287,33,103.0,1
SN-0483,Yoff,Habillement,573965.0,,23,10.0,1
SN-0484,Medina,Restauration,1148131.0,-25.054039092068713,62,3.0,0
SN-0485,Ouakam,Restauration,950777.0,-11.89839231938487,113,102.0,0
SN-0486, Pikine ,Électronique,1652069.0,33.97151652545281,90,78.0,0
SN-0487,Marché Sandaga,Restauration,955879.0,32.80601403479785,179,117.0,0
SN-0488,Ouakam,Restauration,312947.0,6.7865248153775255,76,65.0,1
SN-0489,Ouakam,Habillement,897714.0,10.685585846511845,33,24.0,0
SN-0490,Marché Sandaga,Alimentation,240558.0,4.998138449960415,68,7.0,0
SN-0491, Pikine ,Services,1996883.0,2.865742775770813,172,36.0,0
SN-0492,PIKINE,Habillement,734438.0,27.912559511132677,33,38.0,1
SN-0493, Pikine ,Restauration,1953554.0,8.620629954699535,139,116.0,0
SN-0494,Marché Sandaga,Restauration,1060132.0,15.442168287545137,32,92.0,0
SN-0495,Yoff,Électronique,1605033.0,7.426461714994615,124,10.0,0
SN-0496,Ouakam,Alimentation,1277763.0,-15.345775438870575,191,41.0,0
SN-0497,Medina,Habillement,1574659.0,22.43158942109373,127,57.0,0
SN-0498,Marche Sandaga,Électronique,1143579.0,-6.901668119451227,79,11.0,0
SN-0499,Ouakam,Habillement,1396505.0,-46.29828946618381,193,22.0,0
SN-0500,Medina,nan,1796513.0,-6.7050819770721946,191,51.0,0
SN-0501,Parcelles Assainies,Électronique,990708.0,14.67001382193497,196,80.0,0
SN-0502,Marche Sandaga,Habillement,210929.0,-12.492060171666209,171,12.0,1
SN-0503,Parcelles Assainies,Alimentation,749724.0,30.700334198422357,14,28.0,0
SN-0504, Pikine ,Électronique,54459.0,25.181297924817446,56,23.0,0
SN-0505,Yoff,Électronique,1429904.0,26.252010229821614,159,104.0,0
SN-0506,Parcelles Assainies,Restauration,1978836.0,-35.89853860967619,50,53.0,0
SN-0507,PIKINE,Restauration,281569.0,38.29883217381289,178,73.0,0
SN-0508,Pikine,Électronique,1619902.0,,182,110.0,0
SN-0509,Marché Sandaga,Restauration,123987.0,-31.905634463024196,99,97.0,1
SN-0510,Medina,Restauration,1466212.0,3.4052846494591855,132,11.0,1
SN-0511,Marché Sandaga,Électronique,868495.0,35.680236427979025,27,67.0,0
SN-0512,Medina,Électronique,56857.0,,148,30.0,0
SN-0513,Ouakam,Habillement,1081693.0,14.64480364695133,37,60.0,0
SN-0514,Yoff,Services,1828633.0,-6.043707947160865,11,-2.0,0
SN-0515,Medina,Restauration,130669.0,-40.22669162152774,109,26.0,1
SN-0516,Ouakam,Services,121432.0,28.267023992542263,150,69.0,1
SN-0517,PIKINE,Services,1894003.0,-13.004012277082497,11,64.0,0
SN-0518,Parcelles Assainies,Alimentation,1805161.0,-22.285354614674677,62,116.0,0
SN-0519,PIKINE,Alimentation,827356.0,-15.762032651728113,189,33.0,1
SN-0520,Yoff,Services,1373124.0,11.215109457904909,9,49.0,0
SN-0521,PIKINE,Électronique,702402.0,-10.364965900762765,78,92.0,0
SN-0522, Pikine ,Restauration,1090579.0,0.25662266785277715,87,110.0,0
SN-0523,Parcelles Assainies,Services,1747215.0,-8.962579778381892,35,51.0,0
SN-0524, Pikine ,nan,934569.0,7.245762748675155,59,117.0,0
SN-0525,PIKINE,Alimentation,1441976.0,-9.777394573855863,33,66.0,0
SN-0526,PIKINE,Habillement,1232250.0,25.832100045758438,21,66.0,0
SN-0527,Guediawaye,Restauration,553394.0,-18.941779951534684,9,-3.0,0
SN-0528,Marché Sandaga,Restauration,999423.0,-14.48227517148053,14,59.0,0
SN-0529,Parcelles Assainies,Électronique,1159717.0,-13.717201382542818,138,74.0,0
SN-0530, Pikine ,Habillement,1534932.0,-14.138446580731143,164,73.0,0
SN-0531,Marché Sandaga,Électronique,1046126.0,23.371630374455627,185,70.0,0
SN-0532,Marché Sandaga,Alimentation,1668762.0,-10.681755508602446,88,86.0,0
SN-0533,Marche Sandaga,Services,844514.0,7.814397010236233,156,15.0,0
SN-0534,Marche Sandaga,nan,218073.0,7.831784872137866,55,105.0,0
SN-0535,Pikine,Alimentation,468184.0,13.581214639037732,162,46.0,1
SN-0536,Yoff,Électronique,694081.0,6.205598549555839,170,94.0,0
SN-0537,Marché Sandaga,Alimentation,562898.0,-17.329147909276493,59,100.0,0
SN-0538,Pikine,Services,1349497.0,12.072166012497691,164,103.0,0
SN-0539,Medina,Restauration,1177303.0,20.177826687108094,139,83.0,0
SN-0540,Marché Sandaga,Restauration,1552714.0,16.8713247870587,94,41.0,0
SN-0541,PIKINE,Alimentation,1062947.0,-16.527054343299223,101,1.0,0
SN-0542,Guediawaye,Alimentation,1707045.0,32.42724353003153,146,111.0,0
SN-0543,Ouakam,Électronique,320732.0,,29,-1.0,1
SN-0544,Pikine,Électronique,1013844.0,-14.867830526779182,56,41.0,0
SN-0545,Pikine,Alimentation,1973554.0,-2.337703791790711,184,-5.0,0
SN-0546,Parcelles Assainies,Restauration,1934991.0,4.774860618320609,160,2.0,0
SN-0547,PIKINE,Services,494903.0,-0.003262754471459209,71,72.0,0
SN-0548,Guediawaye,Électronique,412706.0,6.916073925581133,17,35.0,1
SN-0549,Ouakam,Restauration,879365.0,5.3114780886458774,17,9.0,1
SN-0550,Medina,Alimentation,1553760.0,37.04356829097483,19,70.0,0
SN-0551,Yoff,Électronique,1096199.0,-7.262599183040703,67,101.0,0
SN-0552,Medina,Électronique,1932583.0,-19.844292058652773,35,94.0,0
SN-0553,Ouakam,Habillement,1628806.0,8.998837329825935,130,106.0,0
SN-0554,Medina,Électronique,1157446.0,-22.119222570677238,72,107.0,0
SN-0555,Marché Sandaga,Habillement,1403860.0,-52.17486800755143,34,47.0,0
SN-0556,Parcelles Assainies,Habillement,1862610.0,25.54995897311768,21,106.0,0
SN-0557,Yoff,Électronique,1329415.0,-42.9853491802441,147,73.0,1
SN-0558, Pikine ,Restauration,1779666.0,-5.998322773704969,72,108.0,0
SN-0559,Yoff,Restauration,479076.0,8.298593236035469,1,13.0,0
SN-0560,Marché Sandaga,Électronique,369516.0,-8.302413182569873,198,53.0,1
SN-0561,Marche Sandaga,Électronique,1079365.0,-10.963105173345815,120,42.0,0
SN-0562,Marche Sandaga,Habillement,169636.0,17.552958955374564,17,34.0,1
SN-0563,PIKINE,Alimentation,1267927.0,-26.68049322796361,142,105.0,0
SN-0564,Marche Sandaga,Électronique,357677.0,0.1923622237820273,105,32.0,1
SN-0565,Yoff,Alimentation,961425.0,-13.013214522404473,36,59.0,0
SN-0566,Pikine,Électronique,245013.0,19.9323251345201,132,114.0,0
SN-0567,Marché Sandaga,Électronique,1671214.0,-2.5045649423870353,161,25.0,0
SN-0568,Guediawaye,Alimentation,144734.0,25.494958086178237,177,37.0,1
SN-0569,Ouakam,nan,349984.0,0.38361975489404465,179,70.0,0
SN-0570,Pikine,Alimentation,1842982.0,33.588923886302744,87,31.0,0
SN-0571,PIKINE,Électronique,122157.0,19.709861699277553,119,31.0,0
SN-0572,Yoff,Habillement,1538262.0,,192,33.0,0
SN-0573,Guediawaye,Restauration,1498436.0,-18.55162968181788,42,59.0,0
SN-0574,Guediawaye,Restauration,1762735.0,-9.083283762319596,14,14.0,0
SN-0575,PIKINE,Alimentation,22256.0,41.135638717122134,153,119.0,0
SN-0576,Marche Sandaga,Habillement,1437692.0,5.7101866349109205,177,35.0,0
SN-0577,Marche Sandaga,Alimentation,227272.0,-12.88590938591456,21,116.0,1
SN-0578,Ouakam,Habillement,1871398.0,-20.719051309080495,26,96.0,0
SN-0579,Medina,Restauration,1113177.0,-0.7513307360740219,123,28.0,0
SN-0580,Guediawaye,Alimentation,296009.0,32.86790277536391,26,17.0,0
SN-0581,Parcelles Assainies,Services,1867252.0,-8.754159837892505,65,107.0,0
SN-0582,Yoff,Électronique,519135.0,6.096490097742322,142,74.0,0
SN-0583,Medina,Alimentation,1213491.0,-7.274087752241228,131,-1.0,0
SN-0584,Marché Sandaga,Alimentation,1766945.0,35.309766265708845,195,73.0,0
SN-0585,Marché Sandaga,Alimentation,1403672.0,-10.46252971739615,155,63.0,0
SN-0586,Medina,Alimentation,914212.0,10.181018876772647,30,15.0,0
SN-0587,Marché Sandaga,Habillement,799574.0,-9.450000135559659,136,17.0,1
SN-0588, Pikine ,Alimentation,1701660.0,-24.206697567756628,127,23.0,0
SN-0589,Marché Sandaga,Restauration,1885811.0,0.27739274063704805,154,71.0,0
SN-0590,Parcelles Assainies,nan,533525.0,-25.1545322011134,62,91.0,1
SN-0591,Marche Sandaga,Alimentation,380010.0,41.74352762696299,145,20.0,0
SN-0592,Yoff,Habillement,1313858.0,3.3269056398507493,128,13.0,1
SN-0593,Pikine,Alimentation,1787784.0,-15.340791647172313,174,89.0,0
SN-0594,Guediawaye,Électronique,1790043.0,-2.0829928097779367,81,28.0,0
SN-0595,Yoff,nan,427965.0,-5.797764667679909,76,45.0,1
SN-0596,Guediawaye,Électronique,317013.0,23.14611985318438,65,26.0,0
SN-0597, Pikine ,Alimentation,1819602.0,-21.46790894703685,150,90.0,0
SN-0598,Parcelles Assainies,Électronique,1784157.0,34.57510482212846,80,3.0,0
SN-0599,Ouakam,Restauration,172142.0,-43.069986113750964,132,115.0,0
SN-0600,Marche Sandaga,Habillement,1289753.0,-20.8884062615071,79,42.0,1
SN-0601,Ouakam,Électronique,196216.0,47.17601690997351,93,38.0,1
SN-0602, Pikine ,Habillement,863069.0,,117,104.0,0
SN-0603,Marche Sandaga,Restauration,649281.0,,99,88.0,0
SN-0604,Marché Sandaga,nan,350103.0,14.57606489858357,85,112.0,0
SN-0605,Medina,Électronique,1328696.0,-12.494324085363456,35,103.0,0
SN-0606,Pikine,Services,1441890.0,19.609868501349496,79,28.0,0
SN-0607,PIKINE,Restauration,81329.0,2.5717155839499513,116,78.0,1
SN-0608, Pikine ,Électronique,696257.0,17.753444626851778,161,87.0,0
SN-0609,Marche Sandaga,Services,1768325.0,26.5653616030257,107,44.0,0
SN-0610,Pikine,Électronique,418148.0,46.55788818265131,23,96.0,0
SN-0611,Ouakam,Électronique,1474941.0,-11.730029395575183,53,56.0,0
SN-0612,PIKINE,Habillement,292400.0,4.124702071896536,149,83.0,0
SN-0613,Marche Sandaga,Alimentation,1277628.0,13.158276803502481,171,10.0,0
SN-0614,Guediawaye,Services,499321.0,7.740045670956508,70,52.0,1
SN-0615,Ouakam,Restauration,879969.0,-14.428180698963502,149,57.0,1
SN-0616,Marche Sandaga,Habillement,282641.0,-13.573781096449673,39,112.0,0
SN-0617,Yoff,Alimentation,1204582.0,6.884418855231304,121,21.0,0
SN-0618,Guediawaye,Restauration,144757.0,-17.596551802280466,65,14.0,1
SN-0619,Parcelles Assainies,Services,1781890.0,-13.831629085845487,128,91.0,0
SN-0620,Ouakam,Habillement,999183.0,0.31524363623590707,160,11.0,0
SN-0621,Pikine,Restauration,953702.0,,168,74.0,0
SN-0622,Parcelles Assainies,Alimentation,493203.0,22.9820629759937,3,10.0,1
SN-0623,Parcelles Assainies,Alimentation,1035521.0,-8.988751439377037,56,14.0,0
SN-0624,PIKINE,nan,755113.0,44.431387713077825,89,93.0,0
SN-0625,PIKINE,Restauration,217124.0,18.66341205824424,45,60.0,0
SN-0626,PIKINE,Services,1734999.0,-8.352417893444361,172,7.0,0
SN-0627,Marché Sandaga,Habillement,892791.0,16.09943771108115,128,76.0,0
SN-0628, Pikine ,Habillement,848768.0,-24.74093276349202,19,27.0,0
SN-0629,Marche Sandaga,Habillement,820786.0,5.41833074255753,14,118.0,0
SN-0630,PIKINE,Services,1834208.0,10.971747717767382,11,101.0,0
SN-0631,Pikine,Alimentation,685715.0,4.169528314638321,147,28.0,0
SN-0632,Parcelles Assainies,Services,265867.0,-1.4015401499999545,159,79.0,0
SN-0633,PIKINE,Alimentation,1749342.0,30.37270818237883,197,51.0,0
SN-0634,Guediawaye,Services,1125563.0,-11.449982496031673,9,7.0,0
SN-0635,Guediawaye,Électronique,1835498.0,24.37712604062179,165,10.0,1
SN-0636,Yoff,Électronique,1148943.0,-3.759043026903192,75,5.0,0
SN-0637,Pikine,Habillement,181032.0,13.145235783825022,72,26.0,1
SN-0638,Yoff,Restauration,492555.0,-3.3325849226491435,175,7.0,1
SN-0639,Ouakam,Restauration,988751.0,11.43450508910465,159,88.0,1
SN-0640,Pikine,Habillement,1825834.0,6.248415794267918,112,58.0,0
SN-0641,Marche Sandaga,Restauration,864.0,-5.245516679510642,196,-1.0,0
SN-0642,Parcelles Assainies,Services,243327.0,-10.86714099088626,48,15.0,1
SN-0643,Marché Sandaga,Habillement,796996.0,,112,49.0,1
SN-0644, Pikine ,Restauration,91160.0,11.422730707560119,53,82.0,0
SN-0645,Ouakam,Habillement,1527841.0,3.9689301236801895,68,72.0,0
SN-0646,Yoff,Électronique,1392796.0,15.639099220180102,99,63.0,0
SN-0647,Medina,Restauration,311034.0,-15.337385710524263,177,2.0,1
SN-0648,Pikine,Services,455204.0,32.39884251985564,100,89.0,0
SN-0649, Pikine ,Restauration,926453.0,-9.914632276757365,153,-5.0,0
SN-0650,Guediawaye,Électronique,1609729.0,-25.86003937513956,61,7.0,0
SN-0651,Parcelles Assainies,Alimentation,1815533.0,19.282832169024026,54,59.0,0
SN-0652,Marche Sandaga,Services,945191.0,15.503553902006498,172,25.0,1
SN-0653,Pikine,Habillement,1826381.0,-3.5427989643665625,105,7.0,0
SN-0654,Yoff,Alimentation,1855014.0,17.985124619072735,59,49.0,0
SN-0655, Pikine ,Alimentation,661519.0,-29.90141673461201,101,42.0,1
SN-0656,Guediawaye,Restauration,1524480.0,-2.527849365121683,141,20.0,0
SN-0657,Parcelles Assainies,Alimentation,164050.0,-6.427868302282622,140,3.0,1
SN-0658, Pikine ,Électronique,1232936.0,-25.298207508382514,188,53.0,0
SN-0659,Parcelles Assainies,Services,432421.0,24.01339833851479,49,61.0,0
SN-0660, Pikine ,Alimentation,760349.0,-5.7290128460022185,71,-3.0,1
SN-0661,Yoff,Électronique,488338.0,-24.84732750416969,144,1.0,0
SN-0662,Parcelles Assainies,Restauration,1252202.0,-5.088965184642159,32,39.0,0
SN-0663,Pikine,Électronique,1681921.0,15.788935619733081,92,2.0,0
SN-0664,Guediawaye,Électronique,302983.0,14.715676495025615,102,3.0,1
SN-0665,Marche Sandaga,Habillement,993299.0,5.114557417152138,135,20.0,0
SN-0666,Marche Sandaga,Services,213365.0,-24.725856138898447,39,96.0,0
SN-0667,Medina,Habillement,1295227.0,-28.57188756967102,93,6.0,0
SN-0668, Pikine ,Habillement,444283.0,25.329925635208667,64,94.0,0
SN-0669,Pikine,Alimentation,1245946.0,-7.7627837955273336,88,108.0,0
SN-0670, Pikine ,Habillement,1139033.0,-6.4779667681101385,23,0.0,0
SN-0671,Ouakam,Électronique,954328.0,0.017990435765519758,127,70.0,0
SN-0672,Pikine,Habillement,345839.0,9.52100286735691,54,70.0,1
SN-0673,PIKINE,Restauration,1846878.0,-17.5244715279802,123,8.0,0
SN-0674,Medina,Électronique,1749575.0,-5.702987784920769,131,-5.0,0
SN-0675,Marche Sandaga,Électronique,802299.0,-1.216648614378779,113,76.0,0
SN-0676, Pikine ,Restauration,1906910.0,44.135479610402385,10,101.0,0
SN-0677,Guediawaye,Services,1256107.0,-4.00822563185204,84,119.0,0
SN-0678,PIKINE,Électronique,1518.0,-35.58696631311235,176,41.0,0
SN-0679,Marche Sandaga,nan,1357263.0,2.2651915951460904,133,109.0,0
SN-0680,Marché Sandaga,Restauration,1183078.0,41.04405845099219,191,111.0,0
SN-0681,Medina,Restauration,273747.0,,178,81.0,0
SN-0682,Pikine,Habillement,268200.0,5.259748378609142,191,70.0,0
SN-0683,PIKINE,Électronique,1041947.0,-20.25696644787844,7,67.0,0
SN-0684,Marché Sandaga,Électronique,383378.0,-6.410375811989653,45,26.0,0
SN-0685,PIKINE,Alimentation,1524810.0,-6.432115239984234,131,90.0,0
SN-0686,Yoff,Habillement,1050304.0,-29.83042894306257,120,65.0,0
SN-0687, Pikine ,Restauration,350176.0,,108,113.0,0
SN-0688,PIKINE,Habillement,1684538.0,30.00273217434917,153,112.0,0
SN-0689, Pikine ,Restauration,1408098.0,-38.82139156344925,112,43.0,0
SN-0690,Parcelles Assainies,Alimentation,924638.0,-7.227777165765055,190,-5.0,0
SN-0691,Medina,Habillement,85158.0,-14.084668550396838,73,73.0,0
SN-0692, Pikine ,Alimentation,1619468.0,,28,2.0,0
SN-0693,Guediawaye,Électronique,1343941.0,26.66452974515101,199,31.0,1
SN-0694,Pikine,Alimentation,1964030.0,-8.622276128259585,22,60.0,0
SN-0695,Marche Sandaga,Habillement,1636364.0,21.995251479381032,150,66.0,0
SN-0696, Pikine ,Services,33409.0,-2.3392853907008586,156,74.0,0
SN-0697,Parcelles Assainies,Services,210303.0,-30.376679711822476,79,109.0,0
SN-0698, Pikine ,Habillement,1938093.0,0.5909241774732071,131,66.0,0
SN-0699,Yoff,Alimentation,913194.0,12.794103800193191,137,94.0,0
SN-0700,PIKINE,Habillement,694289.0,,124,46.0,0
SN-0701,Yoff,Alimentation,505973.0,1.9839350806422715,29,54.0,1
SN-0702,Medina,Restauration,342228.0,14.049943568864268,96,100.0,0
SN-0703,Pikine,Habillement,1297780.0,-30.81109021092084,109,65.0,0
SN-0704,Parcelles Assainies,Électronique,73851.0,18.887029481688984,94,65.0,0
SN-0705,Marche Sandaga,Habillement,1398674.0,2.4472683414069265,23,26.0,0
SN-0706, Pikine ,Habillement,1884095.0,-1.9853120523545096,57,56.0,0
SN-0707, Pikine ,Restauration,1579639.0,-20.336531068107206,72,2.0,0
SN-0708,Yoff,Services,481927.0,-12.345279063277651,97,70.0,0
SN-0709,Pikine,Services,665476.0,-4.492366433903263,57,33.0,0
SN-0710,Pikine,Habillement,462246.0,11.678628691498504,137,33.0,0
SN-0711,Parcelles Assainies,nan,1990093.0,10.800103199776638,151,30.0,0
SN-0712,Pikine,Habillement,1979181.0,-12.053546249698769,170,71.0,0
SN-0713,PIKINE,Habillement,1650353.0,-24.4596811583572,163,70.0,0
SN-0714,Marché Sandaga,Alimentation,1341462.0,-0.5696881444794677,118,70.0,0
SN-0715,Yoff,Alimentation,1109037.0,,180,21.0,0
SN-0716,Guediawaye,Restauration,820768.0,-22.346137044554368,175,60.0,0
SN-0717,Parcelles Assainies,Services,963401.0,16.388296352094656,64,65.0,0
SN-0718,Guediawaye,Services,830858.0,-14.22721107148737,173,19.0,0
SN-0719,Guediawaye,Électronique,317194.0,13.957065022267487,21,60.0,0
SN-0720,Ouakam,Électronique,1164300.0,-10.651508695507632,166,97.0,0
SN-0721,Ouakam,Alimentation,1259179.0,-3.187570424004209,120,81.0,0
SN-0722,Guediawaye,Habillement,1683800.0,,10,112.0,0
SN-0723,Marche Sandaga,Électronique,1736523.0,-6.79481454970429,145,67.0,0
SN-0724,Ouakam,Restauration,1214795.0,15.373935747843388,126,70.0,0
SN-0725,Marché Sandaga,Habillement,1886882.0,19.1466109976828,58,50.0,0
SN-0726,Yoff,Habillement,1916378.0,-27.314176951095046,185,96.0,0
SN-0727,Guediawaye,Alimentation,1801577.0,33.10912468568646,47,119.0,0
SN-0728,Guediawaye,Restauration,1202874.0,0.9145698039502638,63,60.0,0
SN-0729,Medina,Alimentation,734533.0,-2.293949546004941,173,46.0,0
SN-0730, Pikine ,Alimentation,517653.0,5.857513476907749,120,113.0,0
SN-0731,Medina,Habillement,645695.0,-10.672752905774058,162,21.0,1
SN-0732,Pikine,Habillement,1650457.0,-23.351266763776692,166,27.0,0
SN-0733,Marche Sandaga,Électronique,219639.0,13.718322826490246,33,30.0,0
SN-0734,Marché Sandaga,Habillement,1283507.0,-9.318305300570008,51,24.0,0
SN-0735,Pikine,Habillement,1635529.0,-2.3782944779703734,10,119.0,0
SN-0736,Marche Sandaga,Habillement,1084707.0,-18.19842205836079,180,48.0,0
SN-0737,Yoff,Habillement,1134538.0,29.45022139721881,138,-4.0,1
SN-0738,Yoff,Électronique,284673.0,-29.179019473919055,165,81.0,1
SN-0739,Pikine,Habillement,592624.0,-17.8360598279096,72,114.0,0
SN-0740,PIKINE,Habillement,1803462.0,-33.6492885020267,160,0.0,0
SN-0741,Marché Sandaga,Restauration,1399328.0,,150,17.0,0
SN-0742,Marché Sandaga,Habillement,1773845.0,-8.438585442752847,65,79.0,0
SN-0743,Parcelles Assainies,Électronique,1055541.0,,134,84.0,0
SN-0744,Ouakam,Services,481345.0,-5.671314580539416,117,77.0,0
SN-0745,Guediawaye,Services,337124.0,,135,47.0,1
SN-0746,Marche Sandaga,Services,1441944.0,-7.569107161717607,74,92.0,0
SN-0747,PIKINE,Alimentation,1445206.0,7.222825991816938,140,110.0,1
SN-0748,Marché Sandaga,Services,129740.0,-19.41746859009758,176,42.0,0
SN-0749, Pikine ,Alimentation,1436563.0,0.23379837543669468,191,-2.0,0
SN-0750,Pikine,Alimentation,1017733.0,49.49082569541971,100,66.0,0
SN-0751,PIKINE,Habillement,640620.0,28.81153275086006,178,85.0,0
SN-0752,Parcelles Assainies,Alimentation,110309.0,3.3057060264137617,64,13.0,0
SN-0753,Medina,Électronique,1910693.0,-5.39212601761473,49,103.0,0
SN-0754,Guediawaye,Habillement,1352284.0,11.657951772850302,83,19.0,0
SN-0755,Parcelles Assainies,Restauration,528025.0,4.502973111047898,78,90.0,1
SN-0756, Pikine ,Électronique,294619.0,28.124148432514918,145,0.0,0
SN-0757,Marche Sandaga,Habillement,1865857.0,1.8753693272224017,115,73.0,0
SN-0758,Ouakam,Alimentation,1180335.0,-15.883408874966022,63,67.0,0
SN-0759,Marché Sandaga,Services,1622123.0,-18.4621471395722,143,66.0,0
SN-0760,Ouakam,Électronique,895729.0,-11.034538929178376,45,67.0,0
SN-0761,Medina,Électronique,200994.0,-10.945954949884092,110,110.0,0
SN-0762,Parcelles Assainies,Restauration,1542367.0,-27.695363121834745,31,68.0,0
SN-0763,Pikine,Restauration,1733881.0,15.347583298668837,106,7.0,0
SN-0764,Parcelles Assainies,Services,111801.0,-5.9132457713760465,176,38.0,0
SN-0765,Yoff,Habillement,669253.0,-39.01611384650813,19,15.0,0
SN-0766,Pikine,Alimentation,1338789.0,-9.983219409971833,196,55.0,0
SN-0767,Pikine,Électronique,841736.0,-8.309625664590442,143,77.0,0
SN-0768,Marché Sandaga,Électronique,893232.0,0.5813252025815032,89,14.0,1
SN-0769,Ouakam,nan,697747.0,-4.311439358800414,188,41.0,0
SN-0770,Medina,Électronique,1039044.0,-10.213786218099902,107,82.0,0
SN-0771,Ouakam,Alimentation,54527.0,-23.034677621892232,127,2.0,1
SN-0772,PIKINE,Habillement,1167198.0,23.208132357278405,156,-2.0,0
SN-0773,Parcelles Assainies,Habillement,1147592.0,6.037321438248158,59,68.0,0
SN-0774,Medina,nan,971715.0,-3.833160504952438,135,43.0,0
SN-0775,Marché Sandaga,Alimentation,276369.0,-3.85025472218522,32,77.0,0
SN-0776,PIKINE,Services,1084155.0,-2.8849310266555706,120,15.0,1
SN-0777,Ouakam,Restauration,137975.0,-26.446782073452297,60,14.0,0
SN-0778,Pikine,Électronique,1439045.0,13.913380038469601,173,79.0,0
SN-0779, Pikine ,Restauration,1893278.0,-7.576032866440922,66,92.0,0
SN-0780,Marche Sandaga,Services,1109851.0,6.926630127213999,37,104.0,0
SN-0781,Ouakam,Restauration,1558799.0,6.8121156583264835,5,83.0,0
SN-0782,PIKINE,Restauration,1091008.0,36.903650809258764,100,37.0,0
SN-0783,PIKINE,Restauration,921237.0,-4.419005432877689,177,3.0,1
SN-0784,Ouakam,Habillement,1830330.0,34.02498949673754,106,53.0,0
SN-0785, Pikine ,Alimentation,1140706.0,-15.66681344838257,157,25.0,0
SN-0786,Parcelles Assainies,Électronique,1524171.0,34.72812682199993,173,19.0,0
SN-0787,Yoff,Habillement,994152.0,-2.295500174881171,4,111.0,0
SN-0788,Marche Sandaga,Alimentation,1496735.0,31.638525906763885,184,63.0,0
SN-0789,Ouakam,Restauration,1430733.0,0.7612763769813129,96,48.0,0
SN-0790,Pikine,Habillement,899383.0,3.3157797114829886,154,73.0,0
SN-0791,Pikine,Électronique,1205628.0,28.430996718821323,146,63.0,0
SN-0792,Marche Sandaga,Restauration,1798085.0,-29.564125069934647,36,18.0,0
SN-0793,PIKINE,Habillement,995317.0,-10.926609897658983,176,7.0,0
SN-0794,Yoff,Restauration,1658823.0,-20.135707630392147,160,45.0,0
SN-0795,Medina,Habillement,902146.0,-2.1599981368588077,93,43.0,0
SN-0796,Ouakam,Services,793420.0,-3.195649575131257,92,31.0,1
SN-0797,Marché Sandaga,Électronique,1595575.0,1.5970767708423343,101,29.0,0
SN-0798,Yoff,Alimentation,167085.0,17.166671868447818,90,100.0,0
SN-0799,Parcelles Assainies,Habillement,116677.0,,144,117.0,0
SN-0800,Yoff,Électronique,1034791.0,2.8572036196714623,142,43.0,1
SN-0801,Guediawaye,Restauration,1467928.0,-15.546255771334863,3,88.0,0
SN-0802,Parcelles Assainies,Électronique,873249.0,-19.929015602857664,111,-2.0,0
SN-0803,Yoff,Restauration,1335917.0,-3.6981328985095563,150,91.0,0
SN-0804,Yoff,Habillement,526154.0,5.648749830218681,186,12.0,0
SN-0805,Medina,Alimentation,1006290.0,-1.1459030237976744,166,84.0,0
SN-0806,Pikine,Alimentation,179407.0,-19.708768616720146,53,89.0,0
SN-0807,Medina,Habillement,1813415.0,-24.750044269716067,77,12.0,0
SN-0808,Yoff,Services,982308.0,9.380900846556754,133,36.0,0
SN-0809,Parcelles Assainies,Alimentation,1528731.0,-11.241682978008214,11,70.0,0
SN-0810,Marche Sandaga,Électronique,1157769.0,20.057813912553005,172,4.0,0
SN-0811,Yoff,Habillement,1848869.0,-13.855453299642752,56,41.0,0
SN-0812,Ouakam,Habillement,689166.0,19.474335594459603,196,50.0,0
SN-0813,Guediawaye,Habillement,1229961.0,,15,107.0,0
SN-0814,Parcelles Assainies,Restauration,214207.0,-8.00295949569693,60,94.0,0
SN-0815,Ouakam,Restauration,1196445.0,-4.08410933930083,72,89.0,0
SN-0816,Marché Sandaga,Restauration,1825023.0,-1.746353712232964,40,56.0,0
SN-0817,Pikine,nan,386624.0,40.526838494475584,159,88.0,1
SN-0818,Yoff,Électronique,1670998.0,3.520407512541992,120,41.0,0
SN-0819,Marche Sandaga,Alimentation,963897.0,-31.692940620631344,68,52.0,0
SN-0820,PIKINE,Habillement,1656277.0,-34.48214893018041,67,11.0,1
SN-0821,Yoff,Restauration,1424165.0,,36,62.0,0
SN-0822, Pikine ,Habillement,752748.0,9.173043051846276,179,105.0,0
SN-0823,PIKINE,Services,250275.0,,105,15.0,0
SN-0824,Ouakam,Restauration,1842633.0,25.752854740248296,57,51.0,0
SN-0825,Yoff,Habillement,1712287.0,4.440535791272341,29,113.0,0
SN-0826,Marche Sandaga,Électronique,804372.0,-2.3793662290401363,87,40.0,0
SN-0827,Marche Sandaga,Alimentation,1015855.0,10.111261007221067,104,79.0,0
SN-0828, Pikine ,Électronique,1712643.0,32.53786569582481,98,20.0,0
SN-0829,Yoff,Électronique,402114.0,-12.172739013764073,149,71.0,1
SN-0830,Marché Sandaga,Restauration,1470184.0,35.838580136179246,147,46.0,0
SN-0831,Ouakam,Habillement,347667.0,-47.583881686219904,18,16.0,0
SN-0832,Guediawaye,Alimentation,1921850.0,-48.421241155249504,189,111.0,0
SN-0833,PIKINE,Électronique,1811467.0,30.02040433834405,165,98.0,0
SN-0834,Pikine,Services,1599178.0,1.2017723150074684,107,107.0,0
SN-0835,Ouakam,Alimentation,836390.0,14.441289123230849,109,80.0,0
SN-0836,Parcelles Assainies,Restauration,96199.0,-10.265229519820808,194,73.0,0
SN-0837, Pikine ,Habillement,478586.0,14.918027497263148,26,4.0,1
SN-0838,Pikine,Restauration,1987434.0,-3.8463802359815786,153,68.0,0
SN-0839,Parcelles Assainies,nan,772508.0,18.260964784141887,124,87.0,0
SN-0840,Medina,Habillement,1611835.0,-28.159236798847406,9,83.0,0
SN-0841,Marche Sandaga,Électronique,1071797.0,19.745614369037686,102,41.0,0
SN-0842,Yoff,Alimentation,632149.0,17.402023227835873,89,0.0,0
SN-0843,Guediawaye,Restauration,1292272.0,14.008148362131958,50,28.0,0
SN-0844,Guediawaye,Restauration,528945.0,-2.5197307788356094,11,-2.0,0
SN-0845,PIKINE,Services,129695.0,25.619228214888516,163,60.0,0
SN-0846,Pikine,Électronique,54513.0,12.395018535920668,177,72.0,1
SN-0847,Pikine,Habillement,1473798.0,4.103342124989685,26,-3.0,0
SN-0848,Guediawaye,Services,188510.0,9.033661935857006,74,41.0,1
SN-0849,Marche Sandaga,Habillement,195172.0,-33.208015244068186,16,95.0,0
SN-0850,Marche Sandaga,Restauration,382730.0,10.212661187320066,149,28.0,0
SN-0851,Marche Sandaga,Alimentation,1109355.0,-2.850723898099507,33,75.0,0
SN-0852,Medina,Services,1196172.0,-25.046931842443513,17,76.0,0
SN-0853, Pikine ,Restauration,1466569.0,9.408607556855992,51,44.0,0
SN-0854,Parcelles Assainies,nan,487452.0,-5.027529450671735,24,66.0,0
SN-0855,PIKINE,Services,755235.0,-7.558500506065242,105,97.0,0
SN-0856,Ouakam,Électronique,1873546.0,-17.42697056902607,143,52.0,0
SN-0857,Pikine,Habillement,1117405.0,-13.146579411538788,41,3.0,0
SN-0858,Guediawaye,Habillement,1854227.0,-23.231117136399376,56,114.0,0
SN-0859, Pikine ,Restauration,1770407.0,7.132076488723964,93,83.0,0
SN-0860,Pikine,nan,1709918.0,-24.826516264479697,3,48.0,0
SN-0861,Marché Sandaga,Alimentation,1298345.0,38.48177930535285,83,97.0,0
SN-0862,Parcelles Assainies,Services,1472183.0,4.99418988726555,41,29.0,0
SN-0863, Pikine ,Électronique,1202515.0,-3.4535100109926025,67,43.0,0
SN-0864,PIKINE,Habillement,1103960.0,-2.588394795084659,52,96.0,0
SN-0865, Pikine ,Habillement,44555.0,-23.63265256542134,102,44.0,0
SN-0866,Parcelles Assainies,Alimentation,196856.0,-15.27663998415604,193,56.0,0
SN-0867,Marche Sandaga,Restauration,1801630.0,32.77657125546074,166,55.0,0
SN-0868,Ouakam,Services,1681895.0,-7.990147653262079,77,91.0,0
SN-0869,PIKINE,Services,1329137.0,-46.30299929106724,50,28.0,1
SN-0870,PIKINE,Électronique,1677028.0,,162,12.0,0
SN-0871,Marche Sandaga,Restauration,1741952.0,,84,90.0,0
SN-0872,Marche Sandaga,Restauration,1372275.0,-1.1516975038276727,12,41.0,0
SN-0873,Marché Sandaga,Restauration,959522.0,14.521637133421844,65,56.0,0
SN-0874, Pikine ,Alimentation,1921449.0,-25.40049454105542,11,54.0,0
SN-0875,Guediawaye,Électronique,1281352.0,-21.476545531883403,1,82.0,0
SN-0876,Marché Sandaga,Électronique,1909443.0,10.330422633839278,160,116.0,0
SN-0877,Guediawaye,Habillement,1443944.0,10.254246129782087,118,105.0,0
SN-0878,Marche Sandaga,Alimentation,1863974.0,31.802346370534863,18,11.0,0
SN-0879, Pikine ,Électronique,365863.0,,141,40.0,1
SN-0880,PIKINE,Services,1448707.0,14.551342415782925,76,70.0,0
SN-0881, Pikine ,Électronique,622974.0,-4.733430144986189,185,90.0,0
SN-0882,Pikine,Électronique,504922.0,-9.614039910655242,171,57.0,0
SN-0883,Pikine,Habillement,1009272.0,20.218832175015905,42,44.0,0
SN-0884,Parcelles Assainies,Alimentation,90959.0,10.933144028646025,130,14.0,1
SN-0885,Yoff,Électronique,895330.0,10.154512346470018,2,62.0,0
SN-0886,Medina,Restauration,620768.0,12.340994020519716,97,55.0,1
SN-0887, Pikine ,Électronique,166136.0,-3.2045289529927308,187,106.0,0
SN-0888,Guediawaye,Habillement,169623.0,-5.351320582686161,172,5.0,1
SN-0889,Marche Sandaga,Alimentation,1868120.0,-14.205925744465937,43,73.0,0
SN-0890,Medina,Habillement,1084892.0,-5.613911785931116,138,87.0,0
SN-0891,Ouakam,Restauration,820677.0,1.2999467318870297,198,70.0,0
SN-0892,Ouakam,Restauration,1516408.0,-16.238086693871914,58,-3.0,0
SN-0893,Marché Sandaga,Alimentation,24961.0,-5.927867921685084,68,14.0,1
SN-0894,PIKINE,Services,291093.0,39.67443960088902,66,76.0,1
SN-0895,Marché Sandaga,Habillement,163765.0,17.257409310141206,168,105.0,0
SN-0896,PIKINE,Alimentation,24223.0,,163,63.0,0
SN-0897,Guediawaye,Habillement,779429.0,-36.32451114143818,198,106.0,0
SN-0898,Parcelles Assainies,Alimentation,1278541.0,-13.072177721173091,162,96.0,0
SN-0899,Pikine,nan,61709.0,18.948451595047562,80,78.0,1
SN-0900,Marché Sandaga,Services,338499.0,-1.1514904568953257,31,77.0,0
SN-0901,PIKINE,Électronique,523029.0,-25.888938739102908,167,118.0,0
SN-0902,PIKINE,Habillement,937296.0,-2.085209698915242,22,117.0,0
SN-0903,Ouakam,Habillement,1535648.0,6.569096508392267,16,86.0,0
SN-0904,Pikine,Électronique,396104.0,,44,65.0,0
SN-0905, Pikine ,Services,342397.0,4.037205312118405,168,52.0,0
SN-0906,Guediawaye,Habillement,1091363.0,15.439870130215018,165,78.0,0
SN-0907,Parcelles Assainies,Alimentation,1382479.0,6.927619321187159,44,79.0,0
SN-0908,Parcelles Assainies,Restauration,1473368.0,-7.477215086745445,121,20.0,0
SN-0909,Marche Sandaga,Services,1241255.0,16.42449401073457,134,6.0,0
SN-0910,Marche Sandaga,Restauration,1755251.0,2.6664063784901346,158,58.0,0
SN-0911,Marche Sandaga,Alimentation,901110.0,-31.079404647117425,15,55.0,0
SN-0912,Medina,Restauration,948669.0,-33.070333647472694,69,15.0,0
SN-0913,Yoff,Électronique,1467337.0,-10.081357200718903,130,107.0,0
SN-0914,Ouakam,Électronique,1338329.0,1.8764287720371144,50,103.0,0
SN-0915,Parcelles Assainies,Services,1124484.0,19.340546078566987,68,12.0,1
SN-0916,Marche Sandaga,Habillement,320227.0,3.720824459129006,157,5.0,0
SN-0917,Pikine,Habillement,777177.0,13.985580848800776,69,57.0,0
SN-0918, Pikine ,Électronique,460395.0,-0.8430870354534381,55,86.0,0
SN-0919,Ouakam,Restauration,1176844.0,-2.1443318572634906,36,47.0,0
SN-0920,Yoff,Alimentation,738661.0,25.615248830445886,102,16.0,0
SN-0921,Ouakam,Restauration,59031.0,10.435262583979286,51,20.0,1
SN-0922,Medina,Habillement,1080784.0,-29.8386851600145,136,0.0,0
SN-0923,Medina,Restauration,1145304.0,30.494062930950495,96,108.0,0
SN-0924,PIKINE,Électronique,1613011.0,0.018635165023547822,128,38.0,0
SN-0925,Pikine,Habillement,175863.0,16.28590886325546,62,96.0,0
SN-0926,Pikine,Services,600924.0,-1.207104054274277,94,35.0,0
SN-0927, Pikine ,Électronique,1725179.0,0.7296347544453119,16,-2.0,0
SN-0928,Medina,Électronique,1746164.0,-9.362251919443874,102,44.0,0
SN-0929,PIKINE,Services,1827332.0,-18.120309309857657,99,55.0,0
SN-0930,Pikine,Alimentation,991004.0,20.034862104387173,193,94.0,0
SN-0931, Pikine ,Alimentation,1930829.0,-22.845072260689253,93,13.0,0
SN-0932, Pikine ,Services,593069.0,-20.46331188659423,187,8.0,1
SN-0933,Pikine,Services,1041924.0,-2.596560929638965,174,55.0,0
SN-0934,Marché Sandaga,Restauration,1014488.0,-3.3291492554539897,47,95.0,0
SN-0935,Pikine,Habillement,1523611.0,-23.424244282436042,196,52.0,0
SN-0936,Yoff,nan,88626.0,-15.91215441685257,61,27.0,1
SN-0937,Marche Sandaga,Restauration,1275162.0,-7.5086485229878095,28,109.0,0
SN-0938,Pikine,Habillement,978255.0,5.992064669620381,183,109.0,0
SN-0939,Ouakam,Alimentation,238174.0,,25,95.0,0
SN-0940,PIKINE,Alimentation,985307.0,-2.5288262143215228,110,105.0,0
SN-0941,Guediawaye,Habillement,175012.0,21.324082633027853,3,70.0,0
SN-0942,Parcelles Assainies,Habillement,806701.0,6.144645437881124,182,1.0,1
SN-0943,Medina,Alimentation,1948370.0,12.686916441359026,96,59.0,0
SN-0944,Marche Sandaga,Restauration,913007.0,-5.679309005425254,39,15.0,0
SN-0945,Marche Sandaga,Restauration,683775.0,11.5240055970352,48,1.0,0
SN-0946,Medina,Électronique,1185.0,-5.761299995685602,127,24.0,0
SN-0947,Pikine,Alimentation,1074790.0,25.758280891752392,88,42.0,0
SN-0948,Marché Sandaga,Restauration,1943613.0,30.102872092831166,97,25.0,0
SN-0949,Medina,Services,1070333.0,-14.415297790095618,63,20.0,0
SN-0950,PIKINE,Électronique,433013.0,-9.555216725878052,19,96.0,0
SN-0951,PIKINE,Électronique,207500.0,29.998669069267606,165,51.0,1
SN-0952,PIKINE,Restauration,1319412.0,0.6322769467899958,120,44.0,0
SN-0953,Ouakam,Restauration,1740765.0,4.2798032565004895,7,0.0,0
SN-0954,Ouakam,Alimentation,100625.0,-8.055450614752251,11,21.0,1
SN-0955,Parcelles Assainies,Restauration,1062693.0,-5.508723762295969,80,68.0,0
SN-0956,Marché Sandaga,Services,1252305.0,29.069364726196014,115,77.0,0
SN-0957,Guediawaye,Alimentation,1708503.0,-2.2758551419162774,148,62.0,0
SN-0958,Pikine,nan,405197.0,-6.081729193532906,149,26.0,1
SN-0959,Guediawaye,nan,416408.0,6.9779424016971365,1,71.0,0
SN-0960,PIKINE,Services,1780970.0,-40.71409027663545,154,1.0,0
SN-0961,Parcelles Assainies,Services,1534224.0,-1.3747000188266358,130,36.0,1
SN-0962,Yoff,Restauration,1841933.0,,171,103.0,0
SN-0963,Marche Sandaga,Habillement,303948.0,6.356598408661642,103,80.0,0
SN-0964, Pikine ,Services,1368629.0,-2.349019939056089,4,70.0,0
SN-0965,Marche Sandaga,Habillement,165863.0,30.559226232211554,27,106.0,0
SN-0966,PIKINE,Restauration,1479636.0,-13.44004741971,3,20.0,0
SN-0967,Parcelles Assainies,Électronique,581282.0,-38.77623490424552,165,107.0,0
SN-0968, Pikine ,Restauration,1706211.0,-17.130057632434692,5,0.0,1
SN-0969, Pikine ,Restauration,1016526.0,3.355826883008934,82,33.0,0
SN-0970,Ouakam,Restauration,1493859.0,6.889162107642452,79,67.0,0
SN-0971, Pikine ,Alimentation,1417681.0,8.429287196396336,100,106.0,0
SN-0972,Marche Sandaga,Alimentation,207803.0,2.779903505891592,162,78.0,1
SN-0973,Marche Sandaga,Habillement,579449.0,-5.921605404282431,148,-3.0,1
SN-0974,Medina,Électronique,1684912.0,-41.11205243252294,72,5.0,0
SN-0975,Parcelles Assainies,Électronique,730727.0,1.3455673514918984,134,54.0,1
SN-0976,Parcelles Assainies,Électronique,1064785.0,-29.587342754003558,16,114.0,0
SN-0977, Pikine ,Électronique,138519.0,-10.39756573928183,40,72.0,0
SN-0978,Parcelles Assainies,Services,1156335.0,7.109842272919154,44,10.0,1
SN-0979,Marche Sandaga,Restauration,928555.0,-5.271220841141686,14,51.0,0
SN-0980,Marché Sandaga,Habillement,1638828.0,-12.598102251914007,46,82.0,0
SN-0981,Parcelles Assainies,Électronique,1606309.0,-50.90970560970287,136,87.0,0
SN-0982,Marche Sandaga,Services,46487.0,18.70100216780109,29,79.0,0
SN-0983,Parcelles Assainies,Électronique,237625.0,,149,92.0,0
SN-0984,Guediawaye,Électronique,273747.0,-9.813948613833423,179,83.0,0
SN-0985,Marche Sandaga,Restauration,227494.0,4.6005091925477295,39,71.0,1
SN-0986,Yoff,Services,1945801.0,-7.919103505366368,42,9.0,0
SN-0987, Pikine ,Restauration,87165.0,-20.71560097550777,188,92.0,1
SN-0988, Pikine ,Restauration,1206544.0,3.4756130064063937,61,80.0,0
SN-0989, Pikine ,Électronique,1317021.0,,33,80.0,0
SN-0990,Ouakam,Restauration,587293.0,18.19829995141865,157,116.0,0
SN-0991,Parcelles Assainies,Alimentation,729474.0,24.090343257506834,27,91.0,0
SN-0992,Marché Sandaga,Services,1808024.0,,73,18.0,0
SN-0993,Marche Sandaga,Alimentation,435386.0,10.478279815440867,190,46.0,1
SN-0994,Marche Sandaga,Alimentation,1301267.0,-41.99347694263005,55,40.0,0
SN-0995,Yoff,Électronique,1190187.0,-1.9742516068800704,78,59.0,0
SN-0996,Pikine,Alimentation,738598.0,-13.912616077742307,69,14.0,0
SN-0997,Marché Sandaga,Habillement,182694.0,-4.4855339836737995,161,73.0,0
SN-0998,Guediawaye,Restauration,979100.0,-12.539981954338725,195,107.0,0
SN-0999,Ouakam,Services,127811.0,10.078545007970906,167,3.0,1
SN-1000,Marche Sandaga,Alimentation,959736.0,2.2715381244278636,147,84.0,1
SN-1001,Medina,Services,1313202.0,24.05462231592987,136,92.0,0
SN-1002,Pikine,Électronique,1249310.0,11.139537694671777,197,76.0,0
SN-1003,Ouakam,Électronique,923705.0,-1.0397226292569985,106,5.0,0
SN-1004,Marché Sandaga,Services,1444485.0,-16.314325007489774,120,69.0,0
SN-1005,Yoff,Services,1301522.0,9.030684668947234,173,85.0,0
SN-1006,Medina,Restauration,1656878.0,-3.4441700606903147,95,36.0,0
SN-1007,Guediawaye,Alimentation,1345555.0,-14.715088526161214,134,76.0,0
SN-1008,Marche Sandaga,Électronique,1338740.0,-16.708019528844925,107,14.0,0
SN-1009,Medina,Habillement,245940.0,-34.86623932188308,64,118.0,0
SN-1010,Parcelles Assainies,Électronique,238701.0,21.22071271784726,129,34.0,0
SN-1011,Marché Sandaga,Habillement,1968450.0,15.416005907637263,171,44.0,0
SN-1012,Guediawaye,Électronique,549917.0,16.26190074015106,57,60.0,1
SN-1013,Pikine,Alimentation,917630.0,-13.639207685844372,69,74.0,0
SN-1014,Yoff,Restauration,1409048.0,-18.86143191988894,61,81.0,0
SN-1015,Yoff,Services,709152.0,-22.468895672293794,24,83.0,0
SN-1016,Marche Sandaga,Électronique,445554.0,-24.28822244715122,9,100.0,1
SN-1017,Ouakam,Services,1517288.0,-7.415572636070976,84,99.0,0
SN-1018,Marché Sandaga,Électronique,1592708.0,-18.987594003383183,153,-4.0,0
SN-1019,Yoff,Services,1738666.0,28.012677347640352,181,118.0,0
SN-1020,Medina,Alimentation,902077.0,34.69117949064298,19,86.0,0
SN-1021, Pikine ,Habillement,224117.0,11.738415756677885,190,114.0,1
SN-1022,Medina,Restauration,1935403.0,-20.84167646471557,76,27.0,0
SN-1023,Marche Sandaga,Services,476895.0,4.831361376234076,53,91.0,0
SN-1024,Ouakam,Électronique,604008.0,15.35987642995243,165,74.0,0
SN-1025,Ouakam,Services,1803468.0,-10.791944992769249,164,9.0,1
SN-1026,Guediawaye,nan,1832082.0,-3.440074765560292,20,110.0,0
SN-1027, Pikine ,Restauration,1562672.0,44.419669013529564,143,102.0,0
SN-1028,Pikine,Alimentation,954398.0,-13.864273382254858,135,73.0,0
SN-1029,Guediawaye,Services,105705.0,-8.93098272166771,185,104.0,1
SN-1030,Marché Sandaga,Habillement,127451.0,12.537479730545126,103,68.0,1
SN-1031,Yoff,Électronique,109821.0,-16.671804334678765,119,114.0,0
SN-1032, Pikine ,Restauration,846326.0,39.51109463546843,41,35.0,0
SN-1033,Marché Sandaga,Alimentation,979101.0,8.573975484148804,138,92.0,0
SN-1034,Guediawaye,Électronique,1993556.0,-7.580984263944868,96,101.0,0
SN-1035,PIKINE,Électronique,737549.0,0.7936207501282575,158,106.0,0
SN-1036,Marche Sandaga,nan,528588.0,-12.605942611925808,175,-3.0,0
SN-1037,Marche Sandaga,Électronique,1661281.0,2.1684174382024617,93,53.0,0
SN-1038, Pikine ,Électronique,1571418.0,29.95737641747877,195,98.0,0
SN-1039,Pikine,Électronique,67598.0,1.2568730659506682,88,97.0,0
SN-1040,Yoff,Alimentation,624576.0,-17.40434515585058,158,49.0,0
SN-1041,Guediawaye,Électronique,786261.0,15.875712384482068,24,67.0,1
SN-1042,Marché Sandaga,Alimentation,18825.0,-21.244827859662156,4,107.0,0
SN-1043,Marche Sandaga,Services,261234.0,,146,38.0,1
SN-1044,Pikine,Services,343314.0,21.43776945947694,184,16.0,1
SN-1045,Pikine,Électronique,1792896.0,-9.099754789512774,114,41.0,0
SN-1046,Marché Sandaga,Restauration,659768.0,-19.11408597804558,199,69.0,0
SN-1047,Medina,Électronique,1914528.0,31.11588625445425,158,106.0,0
SN-1048, Pikine ,Habillement,1434759.0,18.594006830492848,67,97.0,0
SN-1049,Marché Sandaga,Services,1087280.0,9.15973189118843,89,40.0,0
SN-1050,Guediawaye,Électronique,1599091.0,2.6894467931060273,38,76.0,0
SN-1051,PIKINE,Habillement,1531523.0,5.45036894555623,67,54.0,1
SN-1052,Parcelles Assainies,Restauration,1948093.0,15.80067520544979,197,110.0,0
SN-1053, Pikine ,Habillement,1342091.0,-0.6455512673605732,123,81.0,0
SN-1054,Guediawaye,Alimentation,1836019.0,,113,-5.0,0
SN-1055,Parcelles Assainies,Habillement,1157663.0,17.859884007159,23,111.0,0
SN-1056, Pikine ,Habillement,1973041.0,8.307116460007798,67,76.0,0
SN-1057,PIKINE,Habillement,1881854.0,-17.501480976873644,42,24.0,0
SN-1058, Pikine ,Électronique,888292.0,16.430272506711546,29,15.0,0
SN-1059,Marché Sandaga,Électronique,1273231.0,,75,58.0,0
SN-1060,Guediawaye,Habillement,1614569.0,-0.8328580713913007,175,89.0,0
SN-1061,Yoff,Électronique,1112826.0,-10.323280823614667,27,25.0,0
SN-1062,Yoff,Habillement,1154924.0,-13.374878411590386,17,119.0,0
SN-1063,PIKINE,Alimentation,696348.0,-13.524633939374723,48,105.0,0
SN-1064,Guediawaye,Services,348300.0,30.47519248869978,117,114.0,0
SN-1065,Ouakam,Électronique,1920145.0,-10.749174822424838,164,15.0,0
SN-1066,Marche Sandaga,Électronique,1834215.0,44.97185428911298,183,46.0,0
SN-1067,Guediawaye,Électronique,54913.0,-1.910922528077716,60,7.0,0
SN-1068,PIKINE,Habillement,1846325.0,10.964320391297482,37,9.0,0
SN-1069,Pikine,Électronique,1554362.0,-18.721902600035698,33,10.0,0
SN-1070,Marche Sandaga,Services,1927037.0,-14.757068785249201,158,117.0,0
SN-1071,Pikine,Restauration,1239857.0,1.9870429199658903,150,100.0,0
SN-1072,Medina,Habillement,1515865.0,-16.029404561499724,164,41.0,0
SN-1073,Marché Sandaga,Restauration,249857.0,,117,4.0,1
SN-1074,Marché Sandaga,Électronique,1831152.0,17.129172038869974,169,57.0,0
SN-1075,Marche Sandaga,Services,1286702.0,-25.421020159599816,158,6.0,0
SN-1076,Medina,Électronique,1611201.0,0.27069183455980134,195,112.0,0
SN-1077,Pikine,Alimentation,1624741.0,22.419045442181446,17,83.0,0
SN-1078,Medina,Restauration,944764.0,-25.19563260753525,29,13.0,0
SN-1079,PIKINE,Électronique,1810992.0,-0.8836931692333948,177,22.0,0
SN-1080,Medina,Électronique,739505.0,-18.06796261711554,157,46.0,0
SN-1081,Ouakam,Restauration,578449.0,22.933682279239875,88,31.0,0
SN-1082,Guediawaye,Alimentation,501546.0,-2.364472576428584,34,117.0,0
SN-1083,Parcelles Assainies,Alimentation,930834.0,-13.628126330940857,182,54.0,0
SN-1084,Parcelles Assainies,Électronique,391657.0,-4.97202383597967,164,13.0,0
SN-1085,Marche Sandaga,Habillement,1921236.0,5.183151198762179,196,105.0,0
SN-1086,Parcelles Assainies,Électronique,296082.0,,37,23.0,1
SN-1087,Marche Sandaga,Électronique,1500751.0,26.34178382175484,160,38.0,0
SN-1088,Parcelles Assainies,Restauration,265143.0,24.829790857174807,64,69.0,1
SN-1089,PIKINE,Services,334480.0,4.604473359732307,155,6.0,1
SN-1090,Yoff,Restauration,1779646.0,36.177581635787604,5,1.0,0
SN-1091,Pikine,Électronique,1610918.0,-6.190517985259973,48,51.0,0
SN-1092,Pikine,nan,276623.0,-8.121131139667739,44,59.0,1
SN-1093,Guediawaye,Alimentation,667195.0,-32.383330056157575,16,41.0,0
SN-1094,Guediawaye,Habillement,1341369.0,30.190275363736717,19,115.0,0
SN-1095,PIKINE,nan,573042.0,-28.967782968323384,24,101.0,0
SN-1096,PIKINE,Services,1883807.0,-18.663605771379846,68,117.0,0
SN-1097,Marche Sandaga,Services,1196164.0,27.80547739768956,166,60.0,0
SN-1098,Yoff,Alimentation,1783331.0,-13.961617314291425,44,94.0,0
SN-1099,Ouakam,Restauration,1372653.0,31.57847043663066,139,16.0,1
SN-1100,Yoff,Services,1849129.0,-14.548214142521484,119,-3.0,0
SN-1101,Marché Sandaga,Services,1547070.0,-4.837944978814956,37,28.0,0
SN-1102,Marche Sandaga,Alimentation,1692791.0,-15.559949620125511,92,90.0,0
SN-1103,Marché Sandaga,nan,231957.0,14.898668271931419,81,42.0,0
SN-1104,Guediawaye,Habillement,1588017.0,6.362228636660845,72,4.0,1
SN-1105,Parcelles Assainies,Restauration,740883.0,-35.535011397755675,136,5.0,1
SN-1106,PIKINE,Services,1790285.0,-7.554871915683153,128,72.0,1
SN-1107,Guediawaye,Restauration,1270383.0,10.188120312168966,152,2.0,0
SN-1108,Pikine,nan,269860.0,22.411686323315166,196,103.0,0
SN-1109, Pikine ,Services,65.0,1.8857251425803512,25,38.0,1
SN-1110,Marche Sandaga,Alimentation,1654416.0,16.124520450412398,109,48.0,0
SN-1111,Guediawaye,Services,141987.0,-16.050271601949643,114,46.0,1
SN-1112,Parcelles Assainies,Électronique,59371.0,-20.45211966231387,123,55.0,1
SN-1113,Ouakam,Alimentation,1519087.0,-36.148167585923986,12,78.0,0
SN-1114,Medina,Alimentation,1983661.0,15.367017895801434,198,-3.0,0
SN-1115,Guediawaye,Restauration,239977.0,-21.740521401291055,120,58.0,0
SN-1116,Marche Sandaga,Électronique,175072.0,-4.757576951590837,150,11.0,1
SN-1117, Pikine ,Électronique,1213819.0,-0.6869926296678758,165,0.0,0
SN-1118,Marche Sandaga,Restauration,1027268.0,18.805890582572335,12,91.0,0
SN-1119,Marche Sandaga,Habillement,1209534.0,16.56941385765091,170,69.0,0
SN-1120,PIKINE,Alimentation,1179098.0,39.403887412246654,55,101.0,0
SN-1121, Pikine ,Restauration,1145309.0,17.68651400664239,89,63.0,0
SN-1122, Pikine ,Alimentation,1814584.0,-8.835358289687523,34,102.0,0
SN-1123,Ouakam,Restauration,1287959.0,,133,58.0,0
SN-1124,PIKINE,Services,1378930.0,,0,100.0,0
SN-1125,Pikine,Alimentation,623234.0,17.135971453372974,123,67.0,0
SN-1126,Yoff,nan,621393.0,3.85438986747455,146,68.0,0
SN-1127,Pikine,Habillement,618696.0,-23.519214529661554,117,82.0,0
SN-1128,Yoff,Restauration,23643.0,29.884717670391087,93,51.0,0
SN-1129,Pikine,Alimentation,305513.0,-13.816097744465853,10,2.0,1
SN-1130,Yoff,Alimentation,1639435.0,6.062602484928254,101,65.0,0
SN-1131,Medina,Alimentation,1050481.0,9.266008615914362,148,51.0,1
SN-1132,Ouakam,Restauration,1711940.0,3.0694947199564777,99,7.0,0
SN-1133,Marche Sandaga,Électronique,312231.0,13.707091435544207,117,95.0,0
SN-1134,Marche Sandaga,Alimentation,67427.0,1.5194653277655836,9,59.0,0
SN-1135,Pikine,Électronique,1859698.0,26.14809738751649,31,91.0,0
SN-1136,Pikine,Restauration,1093358.0,-4.7986275063568264,150,93.0,0
SN-1137,Ouakam,Habillement,1788433.0,4.889266914835583,50,80.0,0
SN-1138,Guediawaye,nan,1233933.0,0.2743689012173397,148,99.0,0
SN-1139,Medina,Restauration,402112.0,-8.475005384229588,50,-2.0,0
SN-1140,Marché Sandaga,Services,1582799.0,,83,70.0,0
SN-1141,Parcelles Assainies,Habillement,20409.0,9.40207167452163,109,20.0,1
SN-1142,Marché Sandaga,Habillement,984641.0,-9.549828034601205,39,31.0,0
SN-1143,Marché Sandaga,Habillement,1477972.0,-18.00097191061831,79,104.0,0
SN-1144,Medina,Alimentation,1627723.0,-2.9879082699770954,128,19.0,0
SN-1145,Guediawaye,Services,1976993.0,,96,82.0,0
SN-1146,Guediawaye,Habillement,1467078.0,-47.744944160432595,25,83.0,0
SN-1147,Parcelles Assainies,Habillement,1239672.0,-19.782155775307537,21,-3.0,0
SN-1148,Marché Sandaga,Électronique,1732084.0,-42.00619402892923,93,35.0,0
SN-1149,Guediawaye,Électronique,735216.0,-26.148402386961,52,73.0,0
SN-1150,Ouakam,Restauration,49754.0,26.09374907414143,31,36.0,0
SN-1151,Guediawaye,Services,1640371.0,8.52965034775152,189,61.0,0
SN-1152,Marché Sandaga,Alimentation,1527511.0,-29.243375419083748,112,38.0,1
SN-1153,Yoff,Électronique,1305705.0,-16.678335768053415,130,50.0,0
SN-1154,Yoff,Alimentation,1543708.0,-30.92252591859198,187,24.0,0
SN-1155,Marché Sandaga,Restauration,554654.0,7.807779784895423,147,113.0,0
SN-1156,Parcelles Assainies,Alimentation,727641.0,36.14871366443581,18,97.0,1
SN-1157,Parcelles Assainies,Électronique,1121608.0,-21.565913075239575,37,91.0,1
SN-1158,Parcelles Assainies,Habillement,1719698.0,8.263855542880375,18,7.0,0
SN-1159, Pikine ,Habillement,659041.0,24.02861897020331,191,-1.0,0
SN-1160, Pikine ,Services,252901.0,13.101477901851881,83,62.0,0
SN-1161, Pikine ,Alimentation,242004.0,4.877435121443378,188,53.0,0
SN-1162,PIKINE,Restauration,1056302.0,-3.9349315225620565,158,29.0,0
SN-1163, Pikine ,nan,1446835.0,17.855662145359407,123,31.0,0
SN-1164,Guediawaye,Habillement,667784.0,15.254123120152967,119,19.0,0
SN-1165,Medina,Restauration,816643.0,-46.30292850623888,44,52.0,0
SN-1166,Marché Sandaga,Restauration,1230124.0,-30.881881111545727,98,82.0,0
SN-1167,Marche Sandaga,Alimentation,1691113.0,12.596929656409742,76,56.0,0
SN-1168,Yoff,Restauration,45806.0,3.1855956630983644,66,89.0,0
SN-1169,PIKINE,Services,1036769.0,5.925035099670683,199,18.0,0
SN-1170,Parcelles Assainies,Alimentation,124974.0,27.390614252159562,40,10.0,1
SN-1171,PIKINE,Alimentation,1369958.0,-4.303969816266143,57,2.0,0
SN-1172, Pikine ,Restauration,1122806.0,23.79568733528928,108,94.0,0
SN-1173,Marche Sandaga,Électronique,1033528.0,2.364571595656083,112,68.0,0
SN-1174,Ouakam,Électronique,970329.0,38.04109850178864,136,41.0,0
SN-1175,Pikine,Services,927227.0,-17.64699601084236,145,62.0,0
SN-1176,Marché Sandaga,Habillement,122624.0,19.982245604353505,58,26.0,0
SN-1177,Medina,Alimentation,1825117.0,3.374533146529667,81,77.0,0
SN-1178,PIKINE,Alimentation,1805971.0,-13.42279268549487,86,98.0,0
SN-1179,Parcelles Assainies,Restauration,1899508.0,-28.158621828328215,140,38.0,0
SN-1180,PIKINE,Habillement,221746.0,72.65753174600495,135,87.0,0
SN-1181,Yoff,Restauration,377210.0,-5.314996507862891,112,17.0,0
SN-1182,Ouakam,Électronique,1257039.0,5.284315524859718,17,104.0,0
SN-1183,Marché Sandaga,Alimentation,1079286.0,,129,37.0,0
SN-1184, Pikine ,nan,928903.0,21.547528694624848,133,53.0,0
SN-1185,Ouakam,Restauration,1351670.0,-2.717034110284795,107,114.0,0
SN-1186,Pikine,Restauration,743561.0,15.290097646688576,129,85.0,0
SN-1187,Marché Sandaga,Habillement,1402005.0,-7.03494059683636,88,28.0,0
SN-1188,Guediawaye,Restauration,1709666.0,-6.7889736996933125,13,58.0,0
SN-1189,PIKINE,Électronique,115665.0,-30.56711154838036,118,31.0,0
SN-1190,Yoff,Restauration,393590.0,-12.05200398064729,91,113.0,0
SN-1191,Marché Sandaga,Services,296879.0,-6.363793569723153,192,5.0,0
SN-1192,Marché Sandaga,nan,1239236.0,24.199288767201036,197,15.0,0
SN-1193,PIKINE,Restauration,563095.0,-2.1729256698248283,76,96.0,0
SN-1194,Guediawaye,Restauration,403803.0,4.871412776150408,9,14.0,1
SN-1195,Parcelles Assainies,Services,1880444.0,41.32268288194105,108,9.0,1
SN-1196,Pikine,Électronique,291388.0,-29.16029648203694,25,18.0,1
SN-1197,Ouakam,Habillement,1399174.0,16.763556108818072,165,60.0,0
SN-1198,Marche Sandaga,Alimentation,667439.0,-22.900794430862483,85,77.0,0
SN-1199,Guediawaye,Alimentation,1375252.0,-8.96168038453924,99,98.0,0
SN-1200, Pikine ,Alimentation,1070456.0,24.270440899451216,183,42.0,0
SN-1201,Medina,Électronique,1556048.0,45.728522636883696,54,26.0,0
SN-1202,Parcelles Assainies,Restauration,1947988.0,-8.907733150356194,89,29.0,0
SN-1203,PIKINE,Alimentation,367156.0,-0.24729641267505678,136,79.0,0
SN-1204,Yoff,nan,158372.0,-9.03732849216794,61,7.0,1
SN-1205, Pikine ,Habillement,408597.0,-48.71227516654883,3,11.0,1
SN-1206,Pikine,Habillement,1847820.0,40.270384496437764,158,22.0,0
SN-1207, Pikine ,Services,739337.0,8.350700923759454,177,100.0,0
SN-1208,PIKINE,Électronique,1440812.0,29.601144742435828,7,66.0,0
SN-1209, Pikine ,Alimentation,249013.0,-4.001626215135888,197,23.0,0
SN-1210,Pikine,Restauration,1799060.0,2.0957606535131363,85,43.0,0
SN-1211,Marche Sandaga,Habillement,1238630.0,-10.945695964060768,117,69.0,0
SN-1212,Parcelles Assainies,Alimentation,928367.0,2.6908508653266274,72,4.0,1
SN-1213,Pikine,Restauration,1123025.0,-13.937116099084202,10,32.0,0
SN-1214,Yoff,Alimentation,746592.0,-43.24460665766132,136,99.0,1
SN-1215, Pikine ,Restauration,445323.0,-8.480424021755685,102,97.0,1
SN-1216,Ouakam,Restauration,480844.0,-26.40048917918547,174,26.0,1
SN-1217,Medina,Alimentation,888909.0,-27.97469654939846,3,-2.0,1
SN-1218,Marché Sandaga,Services,1475872.0,-17.601880293051927,184,71.0,0
SN-1219,Pikine,Habillement,509344.0,-13.003293126904866,6,58.0,0
SN-1220,Yoff,Électronique,596676.0,29.554370748900123,104,117.0,0
SN-1221,Marché Sandaga,Habillement,1675964.0,,26,77.0,0
SN-1222, Pikine ,Alimentation,1031367.0,,63,117.0,0
SN-1223,Parcelles Assainies,Électronique,334669.0,-4.993502114337744,8,92.0,1
SN-1224,Yoff,Électronique,1621230.0,5.718931868718852,92,29.0,0
SN-1225,Pikine,Services,1892520.0,15.415553931691441,100,16.0,0
SN-1226,Pikine,Alimentation,1722689.0,-19.269960870625454,58,36.0,0
SN-1227,Marché Sandaga,Alimentation,546820.0,7.888821445424478,101,18.0,1
SN-1228,Marche Sandaga,Services,1025811.0,23.09456557140281,93,112.0,0
SN-1229, Pikine ,Alimentation,1172463.0,-3.0073390242625915,33,51.0,0
SN-1230,Ouakam,Électronique,580273.0,16.799589661185472,13,30.0,0
SN-1231,Parcelles Assainies,nan,708937.0,6.9410808917226205,139,90.0,0
SN-1232,Yoff,nan,391784.0,-5.296799764908324,30,-4.0,1
SN-1233,PIKINE,Électronique,293114.0,13.596407043015633,169,43.0,0
SN-1234,Marche Sandaga,Alimentation,1933039.0,-51.169103654076565,147,43.0,0
SN-1235,Guediawaye,Restauration,433818.0,-15.663078226246887,93,8.0,0
SN-1236,PIKINE,Restauration,1582590.0,-11.269924122965483,94,91.0,0
SN-1237,Pikine,Alimentation,1551193.0,-25.528037929696637,60,36.0,0
SN-1238,Medina,Électronique,1216286.0,-18.815309857637224,146,28.0,0
SN-1239,PIKINE,Habillement,820118.0,-7.762434232511496,62,31.0,0
SN-1240,Guediawaye,nan,1368912.0,-6.920291377402434,85,88.0,0
SN-1241, Pikine ,Alimentation,913154.0,0.762294456309407,62,28.0,0
SN-1242,Marche Sandaga,Restauration,1947930.0,10.254314329820282,181,3.0,0
SN-1243,Marché Sandaga,nan,1467215.0,-0.5904716392205077,167,81.0,0
SN-1244,Marché Sandaga,Restauration,1998570.0,-11.505595740687083,143,104.0,0
SN-1245,Pikine,Restauration,1810977.0,33.426375953971345,164,63.0,0
SN-1246,Parcelles Assainies,Restauration,1087004.0,27.636645956718393,34,15.0,0
SN-1247, Pikine ,Habillement,756203.0,6.784619153601804,74,93.0,1
SN-1248,Parcelles Assainies,Restauration,1770491.0,-10.396584704897734,109,58.0,1
SN-1249,PIKINE,Électronique,1075774.0,,79,35.0,0
SN-1250,Yoff,Alimentation,1387762.0,20.759955830785334,148,24.0,0
SN-1251,Pikine,Électronique,98419.0,,75,58.0,1
SN-1252,Pikine,Habillement,52593.0,24.71456354915547,101,80.0,1
SN-1253, Pikine ,Électronique,1740911.0,-0.5461302446886283,85,82.0,0
SN-1254,Guediawaye,Services,155901.0,-4.317065563919982,183,18.0,1
SN-1255,Parcelles Assainies,Habillement,1085539.0,6.812832337684034,174,1.0,0
SN-1256,Yoff,Habillement,58510.0,-22.41117915531452,65,5.0,1
SN-1257,Yoff,Alimentation,1728271.0,-4.277661202414279,145,77.0,0
SN-1258,Yoff,Alimentation,1535889.0,-11.77604119767755,166,39.0,0
SN-1259,PIKINE,nan,929383.0,7.276167845287507,17,87.0,0
SN-1260,Medina,Restauration,1345465.0,-7.7431214999047935,73,18.0,0
SN-1261,Guediawaye,Restauration,1285090.0,7.353611393764259,0,32.0,0
SN-1262, Pikine ,Restauration,1835216.0,6.415277548657986,73,47.0,0
SN-1263,Yoff,Restauration,1976192.0,-13.464317887052806,122,0.0,0
SN-1264,Guediawaye,Alimentation,1886555.0,16.23816248721716,59,64.0,0
SN-1265,Medina,Alimentation,1863930.0,4.520035392978108,131,0.0,1
SN-1266,PIKINE,Services,1179154.0,2.186107590703463,73,60.0,0
SN-1267,Pikine,Alimentation,1436327.0,-48.80951009926236,170,116.0,0
SN-1268,Ouakam,Services,1150734.0,7.312320529980811,90,97.0,0
SN-1269,Guediawaye,Services,82736.0,26.03928549453198,51,35.0,0
SN-1270,Pikine,Services,1859445.0,11.190487214109929,179,-2.0,0
SN-1271,PIKINE,Électronique,1646291.0,,28,56.0,0
SN-1272,Guediawaye,Restauration,1576236.0,2.8310529826862574,168,81.0,0
SN-1273,Marche Sandaga,Restauration,498626.0,20.88863733567941,39,-2.0,0
SN-1274,Yoff,Électronique,208786.0,1.0482817262114117,186,94.0,0
SN-1275,Marché Sandaga,Services,1956677.0,-9.354361785426903,86,8.0,0
SN-1276,Guediawaye,Électronique,456021.0,13.274707038426708,171,60.0,0
SN-1277,Guediawaye,Alimentation,1950314.0,-23.308114686722902,0,50.0,0
SN-1278,Marché Sandaga,Restauration,1976176.0,11.59907340240915,3,97.0,0
SN-1279,PIKINE,Électronique,712983.0,3.6167612036343915,22,57.0,0
SN-1280,PIKINE,Services,1867914.0,-6.599483838642328,111,65.0,0
SN-1281,Pikine,Alimentation,504414.0,9.3046310887293,23,28.0,0
SN-1282,Marche Sandaga,Électronique,730473.0,28.657196836654315,170,70.0,0
SN-1283,Guediawaye,Services,1528631.0,,0,44.0,0
SN-1284,Parcelles Assainies,Habillement,474163.0,-9.017042696055691,71,65.0,0
SN-1285,Ouakam,Habillement,1516042.0,13.356739860919518,157,-1.0,1
SN-1286,Ouakam,Électronique,1383271.0,50.06680874493529,83,104.0,0
SN-1287,Marché Sandaga,Électronique,1039083.0,2.4511974696083376,133,84.0,0
SN-1288,Guediawaye,Électronique,1717271.0,10.822357316241577,32,27.0,0
SN-1289,Ouakam,Restauration,604502.0,36.666936406796054,57,48.0,1
SN-1290,Ouakam,Habillement,1299485.0,-15.34419668129318,49,20.0,0
SN-1291, Pikine ,Habillement,1179804.0,-34.60202959933146,107,43.0,1
SN-1292,Marché Sandaga,Services,912723.0,-1.2947429958715402,53,-4.0,1
SN-1293,PIKINE,Électronique,1201049.0,-9.359058790418027,6,23.0,0
SN-1294,Parcelles Assainies,Habillement,540422.0,-28.4251958125857,107,62.0,1
SN-1295,Pikine,Services,256101.0,,117,101.0,1
SN-1296,Yoff,Électronique,307196.0,-7.068445801861337,162,58.0,0
SN-1297,Parcelles Assainies,Habillement,1922487.0,9.83236880848158,131,2.0,0
SN-1298, Pikine ,Restauration,1140568.0,-30.041055387980773,97,2.0,1
SN-1299,Parcelles Assainies,nan,1440283.0,2.4635665057419343,116,34.0,1
SN-1300,Yoff,Électronique,449347.0,11.651377887761981,18,64.0,0
SN-1301,Marché Sandaga,Restauration,685019.0,-24.163029538277204,86,110.0,0
SN-1302,Marche Sandaga,Électronique,1939960.0,-15.86429164214664,78,23.0,0
SN-1303,Marché Sandaga,Habillement,38672.0,16.803224693273613,118,74.0,0
SN-1304,Ouakam,Alimentation,1157802.0,-9.93669437566161,58,76.0,0
SN-1305,Ouakam,Électronique,1439259.0,-23.883870031485664,82,8.0,0
SN-1306,Marche Sandaga,Habillement,1217578.0,-0.9750831993453524,173,75.0,0
SN-1307,Pikine,Services,852573.0,-3.6245928809067927,159,19.0,0
SN-1308,Parcelles Assainies,Restauration,923368.0,10.262056908530424,124,94.0,0
SN-1309,Ouakam,Services,920960.0,-14.503776514994794,177,104.0,0
SN-1310,Yoff,Électronique,1435248.0,8.392124265596813,9,115.0,0
SN-1311,Ouakam,Électronique,374697.0,-20.947376481766614,79,21.0,1
SN-1312,Yoff,Alimentation,141113.0,37.79326759958178,120,1.0,0
SN-1313,Medina,Restauration,767693.0,-11.968001546068493,104,95.0,0
SN-1314,Marché Sandaga,Électronique,534036.0,-46.60673071417832,26,40.0,0
SN-1315,Medina,Habillement,323659.0,-7.698967291136065,37,10.0,0
SN-1316,Medina,Habillement,309655.0,-16.879149137031643,71,23.0,1
SN-1317,Guediawaye,Restauration,1182116.0,10.375416395840013,103,24.0,0
SN-1318,Marche Sandaga,Électronique,376810.0,-7.144976711887493,151,72.0,1
SN-1319,Marché Sandaga,Électronique,638379.0,-12.029856301071069,38,83.0,1
SN-1320,Marché Sandaga,Restauration,626002.0,-2.652311514890017,161,61.0,0
SN-1321,Yoff,Restauration,425652.0,15.178838418933369,84,71.0,1
SN-1322,Yoff,Électronique,1398031.0,-2.7528498514395707,197,102.0,0
SN-1323,Medina,Restauration,1385490.0,-13.175695093152298,84,60.0,0
SN-1324,Parcelles Assainies,Services,1386536.0,11.833993869377997,117,10.0,0
SN-1325,PIKINE,Habillement,365041.0,-20.908240433028272,96,92.0,0
SN-1326,Parcelles Assainies,Restauration,467232.0,,100,-4.0,0
SN-1327,Marché Sandaga,Alimentation,753517.0,-23.789655727611215,5,8.0,1
SN-1328,Marche Sandaga,Alimentation,527921.0,16.777326971854663,128,83.0,1
SN-1329,Pikine,Alimentation,1127305.0,-12.797073578539282,162,13.0,0
SN-1330,Marché Sandaga,Alimentation,162727.0,-20.202884851782862,100,91.0,1
SN-1331,Parcelles Assainies,Électronique,1830250.0,17.89942530136735,74,71.0,0
SN-1332,Marché Sandaga,Électronique,1862388.0,13.086673824979602,59,26.0,0
SN-1333,Parcelles Assainies,Services,1048415.0,-9.915379024801684,46,95.0,0
SN-1334,Medina,Services,603907.0,11.736112606361768,22,51.0,1
SN-1335,Guediawaye,Habillement,1314744.0,7.749155013358213,76,8.0,0
SN-1336, Pikine ,Services,1800120.0,10.288169963778454,48,94.0,0
SN-1337,Guediawaye,Alimentation,944952.0,-13.137682511705426,14,17.0,0
SN-1338,Yoff,Alimentation,393469.0,21.37712471104453,36,53.0,1
SN-1339,Marché Sandaga,Habillement,238886.0,1.1987297145211366,26,67.0,0
SN-1340,Parcelles Assainies,Restauration,20926.0,-21.06967223753895,58,90.0,1
SN-1341,Yoff,Restauration,686270.0,-3.5080196350104442,2,113.0,0
SN-1342,Pikine,Restauration,91528.0,-11.630243398549123,148,29.0,0
SN-1343,Marché Sandaga,Restauration,163050.0,14.705359893889295,50,85.0,1
SN-1344,Ouakam,nan,1096188.0,-3.4672339916717436,64,0.0,0
SN-1345,Yoff,Restauration,1597298.0,-6.226343007970858,0,116.0,0
SN-1346,Yoff,Habillement,308199.0,-11.967154877352865,133,66.0,0
SN-1347,Medina,Habillement,1061987.0,23.578299760325166,101,94.0,0
SN-1348,Marche Sandaga,Habillement,878552.0,-7.161230641634921,9,20.0,1
SN-1349,Medina,Électronique,1607107.0,1.3555387600625401,109,71.0,0
SN-1350,Marché Sandaga,Restauration,244969.0,-18.31686385344517,65,16.0,1
SN-1351,Medina,Habillement,1740535.0,0.7295226171337033,179,18.0,0
SN-1352,Guediawaye,Restauration,49748.0,2.931196366400275,54,49.0,0
SN-1353, Pikine ,Électronique,150379.0,12.079030362299356,170,76.0,1
SN-1354,Ouakam,Électronique,110803.0,14.964681731493148,14,9.0,0
SN-1355,Guediawaye,Services,783362.0,-39.7467685946432,123,74.0,0
SN-1356,Marché Sandaga,Électronique,232862.0,-10.60691231586665,130,29.0,0
SN-1357,Marche Sandaga,Restauration,1591540.0,-14.37451400806568,31,2.0,0
SN-1358,PIKINE,nan,103810.0,5.031769848279324,121,-4.0,1
SN-1359,PIKINE,Habillement,750682.0,5.310585349412734,19,34.0,0
SN-1360,Yoff,Restauration,101707.0,,128,119.0,0
SN-1361,Parcelles Assainies,Restauration,1647306.0,-37.28643763020859,98,-5.0,0
SN-1362,Marche Sandaga,Habillement,813369.0,7.023996509197124,58,16.0,0
SN-1363,Guediawaye,Alimentation,154071.0,-6.993314145207027,80,3.0,0
SN-1364,Medina,Habillement,1013694.0,-7.518745125485095,125,103.0,0
SN-1365,PIKINE,Habillement,878107.0,11.539309926731018,85,99.0,0
SN-1366,Marché Sandaga,Électronique,1914043.0,-20.991231617355055,113,65.0,0
SN-1367,Marché Sandaga,Habillement,1548876.0,-17.721697967892567,26,29.0,0
SN-1368,Marche Sandaga,Restauration,1547413.0,-40.8440355251826,133,63.0,0
SN-1369,Pikine,Alimentation,1595015.0,40.11878452379575,17,90.0,0
SN-1370,PIKINE,Services,1642912.0,-15.166605076657964,177,67.0,0
SN-1371,Medina,Services,1493218.0,5.5559656656996825,10,55.0,0
SN-1372,Medina,Électronique,196029.0,-13.054606795614525,55,89.0,0
SN-1373,PIKINE,Restauration,1143001.0,-28.539899707728466,69,71.0,1
SN-1374,Parcelles Assainies,Restauration,1383280.0,5.676130821438939,188,57.0,0
SN-1375,Ouakam,Électronique,1814684.0,-20.872615526665243,153,59.0,0
SN-1376,Ouakam,nan,1808127.0,-28.471757515689934,150,25.0,0
SN-1377,Ouakam,Restauration,938049.0,-21.698559226188433,108,116.0,0
SN-1378,Pikine,Électronique,1501728.0,-16.565612450029207,68,40.0,0
SN-1379,Marche Sandaga,Alimentation,589491.0,-28.2017940745325,163,29.0,0
SN-1380,Yoff,Électronique,1630981.0,5.128933002116306,175,53.0,0
SN-1381,Pikine,Restauration,1022362.0,-23.245738774045076,58,56.0,1
SN-1382,Ouakam,Électronique,1976816.0,5.884101203410845,34,30.0,0
SN-1383,Guediawaye,Alimentation,1134930.0,-12.688793536388339,73,41.0,0
SN-1384,Guediawaye,Alimentation,415128.0,16.7942772806498,112,25.0,0
SN-1385,Marché Sandaga,Alimentation,1950983.0,47.27151935734649,197,100.0,0
SN-1386,Marché Sandaga,Restauration,1529315.0,-9.728813521443387,184,42.0,0
SN-1387,Ouakam,Alimentation,1276375.0,8.900462271211996,176,78.0,0
SN-1388,Ouakam,Services,229087.0,-20.035812577219247,110,40.0,1
SN-1389, Pikine ,Restauration,298631.0,21.127895255140984,54,42.0,0
SN-1390,Marché Sandaga,Restauration,1561651.0,-38.6165612936827,9,70.0,0
SN-1391,Guediawaye,Services,1643222.0,-15.243293339264214,114,12.0,0
SN-1392,Guediawaye,Restauration,1667677.0,-8.643428636588075,68,39.0,0
SN-1393,PIKINE,Services,374097.0,15.992114188689811,197,19.0,0
SN-1394,Parcelles Assainies,Alimentation,891363.0,16.91472384507692,88,-1.0,1
SN-1395,Marché Sandaga,Électronique,1007515.0,6.616028244894889,96,113.0,0
SN-1396,Guediawaye,Électronique,1886537.0,-34.132868895937726,37,77.0,0
SN-1397,Yoff,Alimentation,899658.0,-10.39891535685992,103,38.0,0
SN-1398,Marché Sandaga,Habillement,406804.0,-30.75133565794497,155,53.0,0
SN-1399,Marché Sandaga,Électronique,267017.0,-27.82349388756467,119,15.0,0
SN-1400,Ouakam,Services,1778341.0,14.396630894227403,110,43.0,0
SN-1401,Ouakam,Électronique,1682494.0,-26.67313126358627,27,111.0,0
SN-1402,Pikine,Alimentation,1914592.0,-19.121803481263775,161,105.0,0
SN-1403,Medina,Habillement,142760.0,-3.092285072904764,158,14.0,0
SN-1404,Ouakam,Habillement,1057424.0,20.27796672494557,138,27.0,0
SN-1405,PIKINE,Services,1083278.0,19.399152031193857,110,56.0,0
SN-1406,Yoff,Alimentation,276259.0,13.654260779865616,192,89.0,1
SN-1407,Parcelles Assainies,Alimentation,1676168.0,-0.9396146102104963,20,0.0,1
SN-1408,Guediawaye,Services,1077899.0,1.036941040409019,133,113.0,0
SN-1409,Marché Sandaga,Services,1786649.0,55.54156288691357,161,0.0,0
SN-1410,Pikine,Alimentation,1635844.0,37.62262825941695,182,56.0,0
SN-1411,Pikine,Services,1939644.0,35.865494012766725,50,48.0,0
SN-1412,PIKINE,Habillement,293561.0,-13.416562608891027,27,39.0,1
SN-1413,Yoff,Électronique,49926.0,15.346709025163124,172,104.0,0
SN-1414,Guediawaye,Électronique,537019.0,,74,-1.0,0
SN-1415,Pikine,Électronique,1852028.0,3.2860829070868776,75,93.0,0
SN-1416,Ouakam,nan,1772019.0,6.170846454892624,19,34.0,0
SN-1417,Marche Sandaga,Électronique,1987563.0,,164,100.0,0
SN-1418, Pikine ,Électronique,1005383.0,-1.8131517032433522,113,116.0,0
SN-1419,Marche Sandaga,nan,355195.0,-30.20580750325287,44,49.0,1
SN-1420,PIKINE,Habillement,1748786.0,,72,97.0,0
SN-1421,Ouakam,nan,64428.0,30.96481901674871,95,18.0,1
SN-1422,Medina,Alimentation,1217043.0,,164,10.0,0
SN-1423,Marché Sandaga,Restauration,980750.0,-36.948805793153305,53,105.0,0
SN-1424,Ouakam,Habillement,712205.0,,82,88.0,0
SN-1425,Ouakam,Restauration,1970406.0,-4.067993413488808,145,84.0,0
SN-1426,Ouakam,Services,1859639.0,8.330841097591536,4,47.0,0
SN-1427,Marche Sandaga,Restauration,1681637.0,-9.09583715205397,52,58.0,0
SN-1428,Guediawaye,Habillement,1069018.0,21.025347530073365,18,2.0,1
SN-1429,Yoff,Électronique,740559.0,-12.662262934670638,93,9.0,0
SN-1430,Yoff,Électronique,893537.0,-10.436122695477694,57,113.0,0
SN-1431,PIKINE,Habillement,352864.0,,74,73.0,0
SN-1432,Marché Sandaga,Restauration,523011.0,-11.62294948061448,15,67.0,0
SN-1433,Yoff,Restauration,342577.0,-4.401373076338475,100,-2.0,1
SN-1434,Parcelles Assainies,Restauration,1424935.0,-8.521624660790089,73,86.0,0
SN-1435,Yoff,Alimentation,398641.0,-57.552811741304595,19,4.0,0
SN-1436,PIKINE,Électronique,1141569.0,-22.414463037512874,7,114.0,0
SN-1437,Ouakam,nan,1217390.0,15.084299532799454,99,76.0,1
SN-1438,PIKINE,Électronique,372268.0,-47.58898571113523,67,57.0,0
SN-1439,Pikine,Restauration,702190.0,-16.620144836581154,139,87.0,0
SN-1440,Pikine,Électronique,789763.0,41.55617557368136,143,30.0,0
SN-1441,Pikine,Habillement,1010945.0,9.089801661609133,9,72.0,0
SN-1442,Yoff,Électronique,1629827.0,0.06028407616250079,141,48.0,0
SN-1443, Pikine ,Électronique,1757107.0,1.2667821144513327,136,65.0,0
SN-1444,Yoff,Restauration,881911.0,-19.669486576271723,145,11.0,1
SN-1445,Guediawaye,Électronique,1785144.0,-2.2770208095822375,21,119.0,0
SN-1446,Marche Sandaga,Services,1788522.0,3.7846319496839564,185,17.0,0
SN-1447,Parcelles Assainies,Électronique,584526.0,3.511682560967964,183,70.0,1
SN-1448,PIKINE,Restauration,1221086.0,12.105907917600147,3,21.0,0
SN-1449,Pikine,Services,475637.0,-12.886150919093621,168,103.0,1
SN-1450,PIKINE,Restauration,480263.0,12.666417646635606,56,113.0,0
SN-1451,PIKINE,Habillement,1055467.0,12.962420908572192,131,86.0,0
SN-1452, Pikine ,Alimentation,1384937.0,-31.673784651915895,74,10.0,0
SN-1453,Ouakam,Habillement,300989.0,23.40048732696557,96,112.0,0
SN-1454,Yoff,Restauration,1723474.0,44.882876460862995,39,20.0,0
SN-1455,Pikine,Alimentation,342947.0,7.504003194446433,75,80.0,0
SN-1456,Ouakam,Électronique,909393.0,6.045278284662402,119,23.0,0
SN-1457,Marche Sandaga,Services,1396981.0,,129,56.0,0
SN-1458,Ouakam,Restauration,667975.0,23.492830617566682,144,51.0,0
SN-1459,Parcelles Assainies,Habillement,961367.0,8.207780929240332,197,31.0,0
SN-1460,Medina,Alimentation,243492.0,-26.577754016927404,109,87.0,1
SN-1461,PIKINE,Restauration,1523540.0,-14.211620584034394,126,110.0,0
SN-1462,Pikine,Alimentation,935118.0,,36,61.0,0
SN-1463,Marché Sandaga,Électronique,1154488.0,15.924449678008465,40,1.0,0
SN-1464,PIKINE,Restauration,1734101.0,1.2640943356692544,80,76.0,0
SN-1465,PIKINE,Restauration,1965301.0,28.26431613668096,103,100.0,0
SN-1466,Medina,Électronique,1105134.0,29.43720781810951,43,7.0,1
SN-1467,Marche Sandaga,Restauration,1798123.0,5.349184717696863,141,105.0,0
SN-1468,Medina,Électronique,873427.0,0.7458729530146742,170,6.0,0
SN-1469,Yoff,Électronique,710362.0,-15.777045408695207,100,38.0,1
SN-1470,Marche Sandaga,Habillement,854523.0,6.718855601267436,66,26.0,0
SN-1471,Marché Sandaga,Services,1742608.0,-29.17226777819632,181,12.0,0
SN-1472,Marché Sandaga,Habillement,685511.0,-18.822330483543162,184,25.0,1
SN-1473,Yoff,Services,164646.0,9.006861697917664,37,109.0,0
SN-1474,PIKINE,Habillement,28606.0,18.44676239866239,197,22.0,0
SN-1475,Marché Sandaga,Habillement,483736.0,-19.081856867769442,59,112.0,0
SN-1476,PIKINE,Électronique,268429.0,-10.697879630534459,3,97.0,1
SN-1477,Pikine,Habillement,478154.0,-23.133254729941697,115,32.0,1
SN-1478,Parcelles Assainies,Électronique,768078.0,-12.71225088889196,70,63.0,0
SN-1479,PIKINE,Alimentation,279126.0,18.57711322833798,45,8.0,1
SN-1480,Ouakam,Alimentation,1664277.0,-12.612028539601742,140,100.0,0
SN-1481,Guediawaye,Alimentation,1717950.0,6.478310729000061,63,53.0,0
SN-1482,Marché Sandaga,Électronique,450871.0,-13.773998429660086,188,70.0,0
SN-1483,Marche Sandaga,Habillement,1707082.0,-39.25417610248134,138,-1.0,0
SN-1484,Ouakam,Restauration,1793602.0,19.79553430102647,181,95.0,0
SN-1485, Pikine ,Services,1174220.0,-24.334634614823276,101,84.0,0
SN-1486,Marche Sandaga,Alimentation,1166736.0,,142,-2.0,0
SN-1487,Pikine,Restauration,935204.0,6.201928209699724,69,7.0,0
SN-1488,Marché Sandaga,Alimentation,410847.0,,125,52.0,1
SN-1489,Medina,Électronique,796508.0,14.980279774643048,130,73.0,1
SN-1490, Pikine ,Restauration,1782519.0,9.126678461268549,109,106.0,0
SN-1491,Yoff,Électronique,1279215.0,-10.472914090503238,197,55.0,0
SN-1492,Marche Sandaga,Électronique,353811.0,-2.494232915271191,194,56.0,0
SN-1493,Ouakam,Alimentation,828151.0,-13.44029641155087,82,106.0,0
SN-1494,Parcelles Assainies,Alimentation,989752.0,6.740051054497398,102,3.0,0
SN-1495,Pikine,Habillement,218191.0,-19.323940867131753,96,90.0,0
SN-1496,Parcelles Assainies,Alimentation,856525.0,44.695005811185126,43,58.0,0
SN-1497,Ouakam,Habillement,260721.0,50.4325466461756,174,88.0,0
SN-1498, Pikine ,Services,1072423.0,41.31416345854687,108,-4.0,1
SN-1499,Guediawaye,Services,1712062.0,-28.625153342514334,127,63.0,0
SN-1500,PIKINE,Restauration,272292.0,1.6752855958458999,15,81.0,0
SN-1501,Guediawaye,Électronique,423788.0,,47,61.0,0
SN-1502,Guediawaye,Habillement,940816.0,20.35702792972625,181,74.0,0
SN-1503,PIKINE,Électronique,1684225.0,2.2924280984879526,11,95.0,0
SN-1504,Parcelles Assainies,Restauration,1762877.0,37.5826383786871,118,7.0,0
SN-1505,PIKINE,Services,851430.0,-2.438250295292432,143,87.0,0
SN-1506,Yoff,Électronique,1593555.0,12.303079601757341,59,81.0,0
SN-1507,Ouakam,Électronique,309915.0,10.581616943999627,180,39.0,0
SN-1508,Ouakam,Habillement,410679.0,4.563473791430147,79,110.0,0
SN-1509,Pikine,Alimentation,1983868.0,,110,37.0,0
SN-1510,Marche Sandaga,Habillement,1199479.0,15.180103300464411,96,112.0,0
SN-1511,PIKINE,Alimentation,767016.0,-7.414604076675553,121,32.0,0
SN-1512,Ouakam,Habillement,1528476.0,,78,29.0,0
SN-1513,Marché Sandaga,Habillement,674943.0,22.69687907970967,3,61.0,0
SN-1514,Guediawaye,Habillement,970131.0,1.9290120716998682,131,8.0,1
SN-1515,Parcelles Assainies,Services,1739705.0,48.5882380138999,86,24.0,0
SN-1516,Marché Sandaga,Restauration,1354198.0,2.8510359240571725,85,104.0,0
SN-1517,PIKINE,Électronique,117671.0,0.4825737737399861,36,79.0,1
SN-1518,Pikine,Alimentation,1438450.0,0.2341599785647266,48,96.0,0
SN-1519,Ouakam,Alimentation,496722.0,33.05610785800948,190,39.0,0
SN-1520,Yoff,Électronique,1059321.0,,20,69.0,0
SN-1521,Parcelles Assainies,Alimentation,1113067.0,-19.00237950103302,54,100.0,0
SN-1522,Ouakam,Services,210979.0,-49.77778548163721,34,81.0,1
SN-1523,Pikine,Électronique,1569145.0,-1.2842200254273275,91,39.0,0
SN-1524,Pikine,Habillement,925788.0,-20.73590245460361,150,2.0,0
SN-1525,Yoff,Électronique,859661.0,-5.2677280409748475,8,-2.0,1
SN-1526,Marche Sandaga,Restauration,579902.0,10.23287468449837,183,117.0,0
SN-1527,Yoff,Habillement,1143304.0,-16.296446833073052,160,1.0,0
SN-1528,Marché Sandaga,nan,1756268.0,-5.721505552597181,60,90.0,0
SN-1529,Guediawaye,Habillement,361323.0,-13.29271486915853,142,29.0,0
SN-1530,Guediawaye,Électronique,1972847.0,3.128395569289907,32,99.0,0
SN-1531,Ouakam,Alimentation,1706261.0,-12.63917650921938,136,53.0,0
SN-1532,Medina,Habillement,1750996.0,36.6886214879674,154,37.0,0
SN-1533,Medina,Électronique,388467.0,-13.19317673071085,161,64.0,1
SN-1534, Pikine ,Services,1288449.0,-4.1792141299645955,180,109.0,0
SN-1535,Yoff,Habillement,1735998.0,4.742492443987519,163,15.0,0
SN-1536,Guediawaye,Restauration,1108893.0,-8.37060930751132,67,116.0,0
SN-1537,PIKINE,Habillement,942060.0,-3.8023719697352067,150,51.0,0
SN-1538, Pikine ,Restauration,1275440.0,25.957130899726614,6,62.0,1
SN-1539,Pikine,Services,499297.0,-19.346975655821097,55,33.0,0
SN-1540, Pikine ,Habillement,214885.0,-12.31069608047898,136,60.0,0
SN-1541,Guediawaye,Alimentation,958839.0,53.229482784866846,90,51.0,0
SN-1542,Marche Sandaga,Alimentation,1756596.0,10.259836618566414,195,89.0,0
SN-1543,Marche Sandaga,nan,53101.0,-18.70818668790432,150,63.0,1
SN-1544,Pikine,Électronique,1746194.0,11.96898549492927,26,49.0,0
SN-1545,Parcelles Assainies,Électronique,1880515.0,-30.815812208506177,5,110.0,0
SN-1546,PIKINE,Alimentation,202922.0,-25.837468010203057,198,40.0,0
SN-1547,PIKINE,Électronique,1356606.0,8.1959591226265,157,106.0,0
SN-1548,Pikine,Services,1755715.0,-9.880938593413243,64,74.0,0
SN-1549,Marche Sandaga,Restauration,1906918.0,17.56232799211148,37,35.0,0
SN-1550,Pikine,Restauration,352229.0,0.02599047119702083,104,-5.0,0
SN-1551,Guediawaye,Services,925745.0,12.488201665281629,53,30.0,1
SN-1552,Yoff,Alimentation,622290.0,18.31270312491471,71,34.0,1
SN-1553, Pikine ,Électronique,902132.0,-2.1814698084845046,108,13.0,1
SN-1554,Yoff,Habillement,663100.0,2.934092240965941,171,70.0,0
SN-1555,Medina,Restauration,1727148.0,-10.595835847366198,130,91.0,0
SN-1556,Pikine,Restauration,812311.0,14.8913877100213,110,90.0,0
SN-1557,Pikine,Électronique,1545251.0,-0.9823464762144563,173,111.0,0
SN-1558,Parcelles Assainies,Habillement,1690191.0,0.7685614425333226,169,-4.0,0
SN-1559,Pikine,Restauration,531995.0,4.149180670688234,31,84.0,0
SN-1560,Marché Sandaga,Services,46489.0,28.24743083548766,125,6.0,1
SN-1561,Parcelles Assainies,Services,594077.0,7.135474581246703,62,6.0,1
SN-1562, Pikine ,Habillement,1395877.0,34.770679417219704,14,30.0,1
SN-1563,Medina,Électronique,1106464.0,-34.54939602690851,135,61.0,0
SN-1564,Marché Sandaga,Habillement,1234020.0,37.878278440818846,78,38.0,0
SN-1565,Yoff,Restauration,1920593.0,-19.325808057461316,110,100.0,0
SN-1566,Ouakam,Habillement,834090.0,-12.07063734306468,18,10.0,1
SN-1567,Guediawaye,Restauration,758899.0,-12.206612162270481,163,98.0,0
SN-1568,Pikine,Restauration,961365.0,-17.06223423509144,148,12.0,0
SN-1569,Guediawaye,Habillement,737982.0,-13.055767134575584,162,23.0,1
SN-1570,Ouakam,Restauration,1383244.0,-24.112828636515783,102,43.0,0
SN-1571,Parcelles Assainies,Restauration,1663215.0,-28.65692493403253,184,100.0,0
SN-1572,Pikine,Habillement,271268.0,0.4797349953395147,80,30.0,0
SN-1573,Yoff,Restauration,1457462.0,-7.8058559635063425,158,30.0,0
SN-1574,PIKINE,Restauration,1671411.0,1.1760756769188843,65,42.0,0
SN-1575,Parcelles Assainies,Électronique,556368.0,0.7818121013610004,161,106.0,0
SN-1576, Pikine ,Électronique,1924314.0,19.911521671665625,196,82.0,0
SN-1577,Marché Sandaga,Services,710509.0,-19.563888469001693,162,109.0,1
SN-1578,Medina,Électronique,1257742.0,-24.61858837139857,158,-1.0,0
SN-1579,Guediawaye,Restauration,776881.0,-49.17418349247015,108,86.0,1
SN-1580,Marché Sandaga,Restauration,24009.0,-14.844952220576094,53,26.0,0
SN-1581,Yoff,Alimentation,1854510.0,-7.941211592738129,191,88.0,0
SN-1582,Marche Sandaga,Restauration,1184742.0,,127,65.0,0
SN-1583,Parcelles Assainies,Habillement,1528779.0,-4.836631762624457,141,73.0,0
SN-1584,Pikine,Habillement,1925678.0,9.44176336045502,97,94.0,0
SN-1585,Medina,Électronique,457070.0,26.877723775427533,181,44.0,0
SN-1586, Pikine ,Alimentation,1123352.0,,72,96.0,0
SN-1587, Pikine ,Restauration,163077.0,6.7532206273283855,162,65.0,0
SN-1588, Pikine ,nan,1757587.0,30.90189172961313,10,59.0,0
SN-1589,PIKINE,Alimentation,1005606.0,2.4018527302806585,126,54.0,0
SN-1590,Pikine,Alimentation,732324.0,43.49053755337142,124,40.0,0
SN-1591,Parcelles Assainies,Restauration,681818.0,0.984262086108575,11,91.0,0
SN-1592,Marche Sandaga,Habillement,1692706.0,-20.72566567240518,66,54.0,0
SN-1593,Guediawaye,Habillement,1855269.0,14.128129645726865,191,80.0,0
SN-1594, Pikine ,Services,786750.0,-19.615087117106146,97,48.0,1
SN-1595,Marché Sandaga,Restauration,1601580.0,-12.397772614937857,140,82.0,0
SN-1596,Ouakam,Électronique,340846.0,-6.793341342862126,28,73.0,0
SN-1597,Marché Sandaga,Habillement,69397.0,9.8175721101536,149,14.0,1
SN-1598,Guediawaye,Habillement,249469.0,36.920701326411546,25,116.0,0
SN-1599,Yoff,Habillement,1283902.0,-12.037421070354998,21,67.0,0
SN-1600,Yoff,Services,1909440.0,16.702899845501808,14,104.0,0
SN-1601,Ouakam,Électronique,486417.0,0.9493187100378025,31,112.0,0
SN-1602,Marche Sandaga,Alimentation,998865.0,27.506659016542628,78,-3.0,0
SN-1603, Pikine ,Habillement,1475275.0,-11.799314259603301,92,75.0,0
SN-1604,Guediawaye,Habillement,1513980.0,11.101570408311538,53,49.0,0
SN-1605,Pikine,Services,1608139.0,30.454692163854236,0,42.0,0
SN-1606,Ouakam,Restauration,695074.0,-12.219819618889272,195,11.0,0
SN-1607, Pikine ,Électronique,613886.0,-24.025278370597846,196,49.0,0
SN-1608,Marché Sandaga,Restauration,587794.0,,42,13.0,1
SN-1609,PIKINE,Habillement,1188283.0,-9.883687663868882,179,89.0,0
SN-1610,Pikine,Alimentation,987520.0,-32.84680539849744,149,22.0,1
SN-1611,Medina,Services,1144485.0,-11.432558651590314,110,29.0,0
SN-1612,Marche Sandaga,Électronique,1042091.0,9.82733353166418,155,119.0,0
SN-1613,Parcelles Assainies,Électronique,69105.0,-4.697890134737986,47,1.0,1
SN-1614,Guediawaye,nan,764340.0,19.597041415240128,43,67.0,0
SN-1615,Parcelles Assainies,nan,1646645.0,-30.910313060495398,139,8.0,0
SN-1616,Guediawaye,Restauration,1784128.0,14.326101094747631,12,93.0,0
SN-1617,Marche Sandaga,Électronique,59948.0,-34.26092836231522,99,75.0,0
SN-1618,Marché Sandaga,Alimentation,1047846.0,-22.55594134031274,41,60.0,0
SN-1619, Pikine ,Alimentation,1164370.0,22.303192558157377,159,118.0,0
SN-1620,Medina,Habillement,1096627.0,9.493241027076223,73,112.0,0
SN-1621,Pikine,Restauration,1631292.0,-31.123190007554243,155,68.0,0
SN-1622,Parcelles Assainies,Électronique,1261891.0,-27.469501899323703,60,45.0,0
SN-1623,Marché Sandaga,Alimentation,71402.0,-3.3953091713471,171,13.0,1
SN-1624,Ouakam,Restauration,696567.0,,140,30.0,0
SN-1625,Yoff,Électronique,1735011.0,38.38100957249683,36,-2.0,0
SN-1626,Medina,Électronique,421189.0,-5.3664135681746075,167,112.0,0
SN-1627,Medina,Services,1338497.0,-47.00822733676777,110,-5.0,0
SN-1628,Ouakam,Habillement,1351180.0,-0.6456236768508969,195,55.0,0
SN-1629,Parcelles Assainies,Alimentation,1417874.0,-6.78653082021114,54,77.0,0
SN-1630,Yoff,Services,107830.0,-20.997776200804942,108,63.0,1
SN-1631,Parcelles Assainies,Restauration,926460.0,-17.62014372331729,6,37.0,0
SN-1632,Ouakam,Alimentation,1372618.0,-0.9564481761811171,34,56.0,0
SN-1633,Marché Sandaga,Alimentation,685155.0,14.674331732436606,181,0.0,0
SN-1634,Medina,Alimentation,1021118.0,-0.24298296289431767,51,107.0,0
SN-1635,Ouakam,Restauration,1744411.0,4.021770992617589,106,23.0,0
SN-1636,Pikine,nan,1966373.0,3.150392627315304,99,102.0,0
SN-1637,Marché Sandaga,Habillement,571460.0,-21.131279585549244,131,70.0,0
SN-1638,Guediawaye,Services,1722067.0,4.269742636266386,192,4.0,1
SN-1639,Ouakam,Habillement,1464355.0,-16.081152448735764,152,-4.0,0
SN-1640,Parcelles Assainies,Restauration,42661.0,56.10123556627549,133,87.0,1
SN-1641,Marche Sandaga,Restauration,131740.0,29.55722866968413,186,-1.0,1
SN-1642,Medina,Restauration,317943.0,8.61519028593578,153,88.0,0
SN-1643,Marché Sandaga,Alimentation,473833.0,-4.618286695230031,52,2.0,0
SN-1644,Pikine,nan,193404.0,40.883720930807364,114,70.0,1
SN-1645,Guediawaye,Électronique,1120410.0,11.679993983916575,19,39.0,0
SN-1646,Pikine,Restauration,1496253.0,29.676019483207106,168,84.0,0
SN-1647,Ouakam,Restauration,1810577.0,10.438580061683425,58,56.0,0
SN-1648,Ouakam,Électronique,1274203.0,10.672556615360332,61,27.0,0
SN-1649, Pikine ,Alimentation,1234135.0,8.095829110183658,146,53.0,0
SN-1650,Marche Sandaga,Électronique,516117.0,-16.415662783444787,11,115.0,1
SN-1651,Guediawaye,Électronique,1990975.0,-20.218926026146086,150,23.0,0
SN-1652,Marche Sandaga,Habillement,1763421.0,-6.825341045644957,104,12.0,0
SN-1653,Pikine,Services,170718.0,33.169196953736495,110,99.0,0
SN-1654,Marché Sandaga,Alimentation,355382.0,-25.348668583939006,163,-1.0,1
SN-1655,Pikine,Services,454515.0,15.111470252510221,4,78.0,0
SN-1656,Pikine,Alimentation,611777.0,8.974338343905243,153,92.0,0
SN-1657,Yoff,Services,1861965.0,-9.710529848866804,158,58.0,0
SN-1658,Marché Sandaga,Services,1615979.0,24.20687527940634,190,94.0,1
SN-1659,Marché Sandaga,Alimentation,1553614.0,22.75492696277382,87,27.0,0
SN-1660,Marché Sandaga,Électronique,1173036.0,3.1149716552087794,80,77.0,0
SN-1661,Ouakam,Alimentation,1555535.0,-20.566135601302005,88,87.0,0
SN-1662,Marché Sandaga,Alimentation,1834561.0,-0.29796492405026376,121,81.0,0
SN-1663,Ouakam,Alimentation,1686729.0,3.3860354447405294,164,23.0,0
SN-1664,Guediawaye,Services,236615.0,-16.66994246077925,155,51.0,1
SN-1665,Guediawaye,Habillement,1023519.0,-11.054793046871028,182,71.0,0
SN-1666,Guediawaye,Restauration,223446.0,-17.146769308883982,38,63.0,0
SN-1667,Medina,Restauration,128380.0,15.10840972128521,124,27.0,0
SN-1668,Medina,Alimentation,152281.0,-12.364193388147138,185,108.0,1
SN-1669,Pikine,Habillement,1523547.0,-2.079937500665542,106,99.0,0
SN-1670,Parcelles Assainies,Alimentation,1946775.0,-27.891820009667857,178,80.0,0
SN-1671,PIKINE,Services,11465.0,-8.309087393393902,154,66.0,0
SN-1672,Parcelles Assainies,nan,1409529.0,55.454663029977915,10,25.0,0
SN-1673,Medina,Services,136995.0,-21.546790009209484,187,39.0,0
SN-1674,Marché Sandaga,Alimentation,783752.0,35.24229619157988,196,104.0,0
SN-1675,Marche Sandaga,Habillement,1595662.0,0.6317616089059158,63,92.0,0
SN-1676,Medina,Services,772089.0,27.326022984989216,124,50.0,0
SN-1677,Pikine,Restauration,854488.0,24.695284730713407,188,77.0,1
SN-1678,Yoff,Alimentation,83744.0,-8.207442215448149,95,0.0,0
SN-1679,PIKINE,Services,711127.0,-11.506873876845507,44,74.0,0
SN-1680, Pikine ,Habillement,1139554.0,13.010802131631023,30,45.0,0
SN-1681,Marché Sandaga,Restauration,810525.0,24.842834619506323,31,40.0,1
SN-1682,Guediawaye,Électronique,1167726.0,-16.19592753770116,44,17.0,0
SN-1683,Marche Sandaga,Alimentation,1305852.0,13.231077236527977,38,112.0,0
SN-1684,PIKINE,Habillement,1851166.0,-2.432026347835658,161,102.0,0
SN-1685,Guediawaye,Électronique,752870.0,27.721654501132708,187,86.0,0
SN-1686,Marché Sandaga,Restauration,996943.0,2.019032698263717,100,16.0,0
SN-1687,Marché Sandaga,Services,795703.0,22.551344479332585,56,51.0,0
SN-1688, Pikine ,Services,325713.0,-2.1647644545819147,16,7.0,0
SN-1689,Medina,Services,1535520.0,-20.872750247815905,73,108.0,0
SN-1690, Pikine ,Électronique,790873.0,13.17824948245426,127,85.0,0
SN-1691,Ouakam,Restauration,1832692.0,-2.8023583146310433,199,38.0,0
SN-1692,Medina,Restauration,723450.0,-21.197591841648947,41,28.0,1
SN-1693,Yoff,Alimentation,293148.0,-5.292982366946296,168,41.0,0
SN-1694, Pikine ,Électronique,1685997.0,-33.19112242469761,189,-5.0,1
SN-1695,PIKINE,Restauration,1770647.0,41.08931170340246,25,34.0,0
SN-1696,Parcelles Assainies,Services,1987233.0,-35.02306449111985,15,107.0,0
SN-1697,Marché Sandaga,Habillement,924745.0,-17.351111682232123,154,107.0,0
SN-1698,PIKINE,Alimentation,1811985.0,21.517891113526698,170,54.0,0
SN-1699,Ouakam,Alimentation,618009.0,-5.342305355664348,98,30.0,0
SN-1700,Marche Sandaga,Restauration,218560.0,8.321197697359663,156,-5.0,1
SN-1701,Medina,Services,327168.0,-27.672934853969902,133,48.0,0
SN-1702,Marche Sandaga,Services,1032771.0,33.55225622118746,37,116.0,0
SN-1703, Pikine ,Services,382693.0,21.392245778671054,84,40.0,1
SN-1704,Guediawaye,Restauration,1364635.0,36.26390802667722,37,111.0,0
SN-1705,PIKINE,nan,1719012.0,6.818155481156696,79,95.0,0
SN-1706,PIKINE,Habillement,833474.0,-20.893090230486244,64,81.0,0
SN-1707,Parcelles Assainies,Électronique,1803229.0,-14.415972602021158,149,92.0,0
SN-1708,Guediawaye,Habillement,1140363.0,-12.56519751736315,79,16.0,0
SN-1709,Ouakam,Services,1968791.0,11.44357266993482,59,35.0,0
SN-1710, Pikine ,Habillement,1866112.0,-7.684733175673744,143,90.0,0
SN-1711,Medina,Électronique,1013950.0,-11.934889044301114,145,3.0,0
SN-1712,Guediawaye,Habillement,1300147.0,16.821432875935372,185,2.0,0
SN-1713, Pikine ,Restauration,1956148.0,-21.942013502439004,93,65.0,0
SN-1714, Pikine ,Services,1464773.0,-6.706463382627014,37,107.0,0
SN-1715,Parcelles Assainies,Restauration,1496635.0,-7.580640830510072,52,3.0,0
SN-1716,Yoff,Alimentation,336178.0,-12.354624383794949,138,30.0,0
SN-1717, Pikine ,Restauration,1576279.0,-20.116022623304723,104,55.0,0
SN-1718,Parcelles Assainies,Restauration,1999297.0,-3.8401791546269233,142,84.0,0
SN-1719,Guediawaye,Électronique,103699.0,2.207218428958621,92,20.0,0
SN-1720,Parcelles Assainies,Électronique,1123810.0,-4.236062412555271,127,17.0,0
SN-1721,Guediawaye,Électronique,1313778.0,-1.9858047476682619,61,58.0,0
SN-1722,Parcelles Assainies,Électronique,1985506.0,-1.5160212429025555,101,32.0,0
SN-1723, Pikine ,Restauration,1516325.0,2.7252840552196926,5,77.0,0
SN-1724,PIKINE,Alimentation,1878520.0,-14.174007656826559,189,107.0,0
SN-1725,Marché Sandaga,Restauration,1474402.0,-10.91254172681893,23,17.0,0
SN-1726,Marché Sandaga,Services,1813539.0,20.9048360958899,121,96.0,0
SN-1727,Pikine,Électronique,1840812.0,14.22694569472762,189,39.0,0
SN-1728,Marche Sandaga,Habillement,1539520.0,-6.249835748477189,177,1.0,0
SN-1729,Ouakam,Électronique,297660.0,-31.66763646585386,139,117.0,0
SN-1730, Pikine ,Habillement,257098.0,13.113726862400334,64,65.0,0
SN-1731,Ouakam,Électronique,758367.0,1.7149460810231987,196,33.0,0
SN-1732,Marche Sandaga,Restauration,755619.0,-46.21503651825192,36,40.0,0
SN-1733,Marche Sandaga,nan,573143.0,-3.248123651060207,34,114.0,0
SN-1734,Pikine,Habillement,199575.0,17.2621019714453,29,45.0,1
SN-1735,PIKINE,Services,972919.0,40.619163038355026,106,118.0,0
SN-1736,Yoff,Restauration,390112.0,-2.640145777368738,137,82.0,0
SN-1737,Marché Sandaga,Restauration,1494177.0,-0.3835460800696378,193,74.0,0
SN-1738,Marche Sandaga,Restauration,999204.0,,63,90.0,0
SN-1739,Ouakam,Électronique,489561.0,12.17818279070424,132,26.0,0
SN-1740,Parcelles Assainies,Habillement,1825036.0,11.551881490655894,95,102.0,0
SN-1741,Ouakam,Alimentation,1028985.0,-27.674533869970848,92,105.0,0
SN-1742,Parcelles Assainies,Alimentation,375975.0,-8.394476990357811,90,5.0,0
SN-1743,PIKINE,Habillement,374415.0,-10.703533909785762,77,34.0,0
SN-1744,PIKINE,Électronique,1275188.0,26.221597815451755,30,13.0,0
SN-1745,Guediawaye,Alimentation,510028.0,15.428728292221246,10,113.0,0
SN-1746, Pikine ,Alimentation,1049621.0,-7.009838467344039,102,56.0,0
SN-1747,Medina,Habillement,119750.0,8.56391555242928,102,24.0,1
SN-1748,PIKINE,Électronique,726229.0,21.21760584421585,142,4.0,0
SN-1749, Pikine ,Alimentation,515051.0,-13.884809379861583,113,87.0,0
SN-1750,Medina,Services,1320856.0,-10.203440079962808,51,33.0,0
SN-1751,Marché Sandaga,Alimentation,800260.0,18.280452872636232,174,51.0,0
SN-1752,Ouakam,Habillement,1592805.0,16.071618622012448,169,28.0,1
SN-1753,Ouakam,Services,126567.0,-7.202335730867074,14,25.0,1
SN-1754,Parcelles Assainies,Restauration,626631.0,2.4622743297545577,105,9.0,0
SN-1755,Ouakam,Habillement,739571.0,-6.161329793165191,76,95.0,0
SN-1756,Ouakam,nan,535079.0,-12.38307643740627,69,113.0,0
SN-1757,Marche Sandaga,Électronique,1520480.0,18.02809918215427,63,50.0,0
SN-1758,Pikine,Alimentation,1510264.0,-20.278561227199585,108,76.0,0
SN-1759,Parcelles Assainies,Habillement,379320.0,29.86999199834868,106,84.0,0
SN-1760, Pikine ,Alimentation,1597014.0,4.482708601785706,148,87.0,0
SN-1761,PIKINE,nan,820223.0,5.470876477359332,125,29.0,0
SN-1762,Yoff,Habillement,1294603.0,-10.63255474671999,5,79.0,0
SN-1763,PIKINE,Alimentation,1700801.0,-3.1944915994234035,98,102.0,0
SN-1764, Pikine ,Restauration,1093394.0,-26.177963611659184,97,52.0,0
SN-1765, Pikine ,Restauration,518412.0,,62,89.0,0
SN-1766,PIKINE,Alimentation,1500712.0,7.45503094579586,143,68.0,0
SN-1767,Ouakam,Électronique,705617.0,24.64290038298222,7,90.0,0
SN-1768,Yoff,Alimentation,1822146.0,-2.793001666313366,111,114.0,0
SN-1769,Marche Sandaga,Habillement,125947.0,-12.723973044295946,71,64.0,1
SN-1770,Guediawaye,Électronique,177374.0,-5.027623713295108,166,93.0,1
SN-1771,Marche Sandaga,Restauration,1374052.0,9.44811425251087,10,46.0,0
SN-1772,Ouakam,Services,1698264.0,-10.685363562190304,96,26.0,0
SN-1773,Marche Sandaga,Services,1913227.0,16.253092572661828,20,34.0,0
SN-1774,Yoff,Habillement,1707377.0,12.04003898347472,83,13.0,0
SN-1775,Ouakam,Restauration,636088.0,-1.7604608919136675,67,1.0,1
SN-1776,Ouakam,Alimentation,754093.0,18.431459808883197,153,7.0,0
SN-1777,Parcelles Assainies,Électronique,940692.0,-13.31796589119511,23,90.0,0
SN-1778,Ouakam,Alimentation,500052.0,-49.9146938981839,64,75.0,1
SN-1779,Ouakam,Habillement,128177.0,-11.622437661267558,116,115.0,0
SN-1780,Marché Sandaga,Alimentation,919635.0,,195,106.0,0
SN-1781,Marche Sandaga,nan,865914.0,-14.556430888773315,66,30.0,0
SN-1782, Pikine ,Alimentation,616067.0,-25.896697344460065,168,3.0,1
SN-1783,Medina,Services,532841.0,6.008627409851073,161,29.0,0
SN-1784,Medina,Habillement,1605165.0,-26.489529845225302,85,62.0,0
SN-1785,Marché Sandaga,Services,343033.0,6.8846839286353205,196,38.0,0
SN-1786, Pikine ,nan,1397435.0,12.394253369221778,149,21.0,0
SN-1787,Guediawaye,Services,1304523.0,10.619829630450099,119,31.0,1
SN-1788,Ouakam,Électronique,1308543.0,-5.9348617814233435,180,31.0,0
SN-1789,Marche Sandaga,Électronique,811067.0,,15,90.0,0
SN-1790,Medina,Services,1391942.0,-17.832321197510275,180,8.0,0
SN-1791,Ouakam,Alimentation,1935780.0,-13.406123949598213,3,20.0,0
SN-1792,Marché Sandaga,Électronique,1657742.0,-7.250302095426302,77,40.0,0
SN-1793,Pikine,Électronique,781259.0,5.361067777213869,173,117.0,0
SN-1794,Marche Sandaga,Services,752001.0,-21.376943217751908,103,49.0,1
SN-1795,Marché Sandaga,Restauration,1207935.0,15.140682561736167,28,96.0,0
SN-1796,Medina,Restauration,328300.0,32.81918288680435,171,39.0,1
SN-1797,Marche Sandaga,Restauration,184176.0,-9.287391132158977,139,55.0,0
SN-1798, Pikine ,Électronique,267665.0,22.55194978244161,46,105.0,0
SN-1799,PIKINE,Habillement,1147335.0,-1.6410710262711277,104,48.0,0
SN-1800,Guediawaye,Électronique,1008647.0,12.592898260738988,121,71.0,0
SN-1801,Yoff,Alimentation,962138.0,28.28907637756756,67,35.0,0
SN-1802,Ouakam,Électronique,1372944.0,-13.592521466979248,110,97.0,0
SN-1803,Marche Sandaga,nan,78891.0,-13.51868472406771,189,99.0,1
SN-1804,Marché Sandaga,Services,206060.0,23.71961806998167,81,15.0,0
SN-1805,Yoff,Alimentation,1059179.0,-21.561903055408287,73,-3.0,0
SN-1806,Marché Sandaga,Électronique,323531.0,-2.5868425206680836,166,16.0,1
SN-1807,Parcelles Assainies,Habillement,1530892.0,-20.28038379752271,82,9.0,0
SN-1808,Marché Sandaga,Restauration,821374.0,-50.37429969595714,132,82.0,0
SN-1809,PIKINE,Restauration,1053999.0,-3.695822244032667,148,14.0,0
SN-1810,Marche Sandaga,Habillement,1470170.0,16.446589286401082,57,84.0,0
SN-1811,PIKINE,Alimentation,1932752.0,10.137633038420459,159,37.0,0
SN-1812,Parcelles Assainies,Habillement,1062697.0,,96,110.0,0
SN-1813,Marche Sandaga,Électronique,1056964.0,6.883480549029494,167,73.0,1
SN-1814,Parcelles Assainies,Électronique,595096.0,-0.018059956787442984,42,51.0,1
SN-1815,Pikine,Habillement,232389.0,-30.52768981033651,26,106.0,0
SN-1816,Marché Sandaga,Restauration,467420.0,-33.28189191210197,84,109.0,0
SN-1817,Parcelles Assainies,Alimentation,72970.0,29.559119987980917,108,85.0,1
SN-1818,Ouakam,Électronique,1213738.0,-21.30631560504197,152,11.0,1
SN-1819,Guediawaye,Services,1955830.0,11.399538023100877,155,111.0,0
SN-1820,Yoff,Habillement,1559567.0,8.226026427007383,7,50.0,0
SN-1821,Yoff,Habillement,1073914.0,,27,52.0,1
SN-1822,Pikine,Alimentation,1121895.0,6.337972920530275,23,51.0,0
SN-1823, Pikine ,Alimentation,1043234.0,7.206156514630156,148,34.0,0
SN-1824,PIKINE,Services,492346.0,-0.6891615002607371,30,105.0,0
SN-1825,Yoff,Restauration,1873902.0,20.407133967238124,171,85.0,0
SN-1826,Yoff,Services,1672171.0,-21.762915482047518,33,77.0,0
SN-1827,Guediawaye,Alimentation,1481494.0,17.50885977986153,173,85.0,0
SN-1828,Marche Sandaga,Restauration,1254793.0,8.614214631609027,131,28.0,1
SN-1829,Marché Sandaga,Électronique,1987858.0,2.0249495517522336,175,63.0,0
SN-1830,Marche Sandaga,Électronique,513017.0,3.155796286047221,100,3.0,0
SN-1831,Marche Sandaga,Habillement,1247823.0,21.741662094828577,194,102.0,0
SN-1832, Pikine ,Habillement,722183.0,-35.64549869633332,59,77.0,1
SN-1833,Parcelles Assainies,Restauration,1003248.0,1.5714037646450292,94,28.0,0
SN-1834,Guediawaye,Habillement,775719.0,-26.309452586626357,69,62.0,0
SN-1835,Marché Sandaga,Habillement,1573299.0,2.568080697075172,27,103.0,0
SN-1836,Yoff,Alimentation,1661052.0,5.438236663366772,17,56.0,0
SN-1837,Marche Sandaga,Services,1846652.0,14.698654485094691,167,111.0,0
SN-1838,PIKINE,Électronique,1761186.0,0.8794102087777688,1,87.0,0
SN-1839,Medina,nan,1813956.0,-20.796452143560707,102,4.0,0
SN-1840,Medina,Restauration,70698.0,-7.6071273721859125,160,-4.0,1
SN-1841,Parcelles Assainies,Électronique,1904935.0,16.08147281650303,16,78.0,0
SN-1842,Medina,Habillement,1752508.0,8.347157650252921,194,50.0,0
SN-1843,Medina,Électronique,1279916.0,-2.723470999843611,188,90.0,0
SN-1844,Marche Sandaga,Alimentation,1181046.0,-33.403609260363424,17,44.0,0
SN-1845,Marché Sandaga,Électronique,1866175.0,,50,45.0,0
SN-1846,Marché Sandaga,Restauration,986383.0,8.027360577128675,92,119.0,0
SN-1847, Pikine ,Alimentation,511400.0,,127,12.0,0
SN-1848,Ouakam,Services,446960.0,6.454422138019704,80,37.0,1
SN-1849,Medina,Restauration,1668616.0,16.956160779968528,63,104.0,0
SN-1850,PIKINE,Alimentation,1345617.0,,29,90.0,1
SN-1851,Guediawaye,Alimentation,1446297.0,,199,57.0,0
SN-1852, Pikine ,Alimentation,1464145.0,8.430464645628401,21,12.0,0
SN-1853,Ouakam,Habillement,813297.0,-24.84998282861268,195,38.0,0
SN-1854,Yoff,Électronique,1181494.0,-17.180195162430756,182,3.0,0
SN-1855,Ouakam,Alimentation,667229.0,-41.198165547710886,147,32.0,1
SN-1856, Pikine ,Services,1838928.0,-15.607173795870938,19,104.0,0
SN-1857,Parcelles Assainies,Électronique,1714806.0,18.877458649558093,78,4.0,0
SN-1858,Parcelles Assainies,Restauration,1919714.0,-26.589009281611204,52,11.0,0
SN-1859,Ouakam,Restauration,1673204.0,8.333228421451903,191,106.0,0
SN-1860,Pikine,Restauration,732203.0,-5.909598724198677,159,119.0,0
SN-1861,Guediawaye,Alimentation,927912.0,37.04882024008532,25,86.0,0
SN-1862,Guediawaye,Restauration,1406115.0,-6.461384212943399,160,4.0,0
SN-1863,PIKINE,Habillement,550231.0,-24.85205682351845,14,116.0,0
SN-1864,Yoff,Services,698174.0,29.90792482124391,129,-2.0,0
SN-1865,Marche Sandaga,Électronique,696191.0,5.06176533694404,90,78.0,0
SN-1866,Ouakam,Alimentation,84155.0,16.27268139315835,194,36.0,1
SN-1867,Marché Sandaga,Électronique,1945853.0,-2.986809767024003,173,94.0,0
SN-1868,Ouakam,Restauration,1677342.0,-19.979378504091393,43,11.0,1
SN-1869, Pikine ,Électronique,1975456.0,21.832458208998155,142,-5.0,0
SN-1870,PIKINE,Alimentation,991231.0,-22.215820375059874,98,116.0,1
SN-1871,Medina,Électronique,189946.0,22.372300980686465,153,4.0,1
SN-1872,Ouakam,Habillement,1272223.0,6.705829090953964,101,99.0,0
SN-1873,Pikine,Habillement,258135.0,35.767670917392955,170,114.0,0
SN-1874,Parcelles Assainies,Alimentation,1546309.0,-4.416417419023278,66,53.0,0
SN-1875,Guediawaye,Restauration,1388702.0,-13.795274648317273,175,12.0,0
SN-1876,Ouakam,Services,106373.0,-13.3258818872277,156,70.0,1
SN-1877, Pikine ,Électronique,444621.0,-12.929562144397565,122,47.0,0
SN-1878,Pikine,Restauration,1369635.0,2.4879012095863713,118,115.0,0
SN-1879,PIKINE,Électronique,1306530.0,1.1008931907394683,161,112.0,0
SN-1880,Guediawaye,Électronique,1930154.0,,52,-4.0,0
SN-1881, Pikine ,Habillement,727441.0,-12.339801426033334,75,31.0,0
SN-1882,Marche Sandaga,Restauration,204619.0,-0.7957331217147332,85,74.0,1
SN-1883,PIKINE,Habillement,1248654.0,-26.213004901494482,137,37.0,0
SN-1884,Ouakam,Habillement,1242267.0,-27.650732906247928,111,61.0,0
SN-1885,Medina,Électronique,1482106.0,7.436168598708476,64,-2.0,0
SN-1886, Pikine ,Restauration,1903936.0,-14.549514689337668,42,96.0,0
SN-1887,Pikine,Services,1855404.0,0.3958389560310105,60,56.0,0
SN-1888,Yoff,Électronique,905911.0,-13.576034726547217,47,93.0,0
SN-1889,Ouakam,Alimentation,1653422.0,2.2259694472265763,151,16.0,0
SN-1890,Yoff,Habillement,57738.0,-49.72846361977322,168,109.0,1
SN-1891,Parcelles Assainies,Restauration,1878266.0,-11.848078877099539,199,34.0,0
SN-1892, Pikine ,Restauration,1300845.0,17.13727322869001,188,74.0,0
SN-1893,Marche Sandaga,Services,1784475.0,22.00925906862425,52,94.0,0
SN-1894,Medina,Alimentation,1726140.0,-0.4051582899963963,20,89.0,0
SN-1895,Marche Sandaga,Services,1395410.0,-9.274568720708002,144,90.0,0
SN-1896,Marche Sandaga,Habillement,1806937.0,-4.1072736033830495,112,114.0,0
SN-1897, Pikine ,Électronique,1736853.0,13.200976272296842,88,68.0,0
SN-1898,Guediawaye,Restauration,978454.0,,57,49.0,0
SN-1899,Medina,Alimentation,255384.0,-0.8307141352372017,86,29.0,1
SN-1900,Medina,Habillement,1417836.0,31.565050231152185,196,43.0,0
SN-1901,PIKINE,Alimentation,948087.0,,186,115.0,0
SN-1902,PIKINE,Électronique,301312.0,-9.272447273659578,61,66.0,0
SN-1903,Pikine,Alimentation,709268.0,-3.4920344011846245,134,12.0,1
SN-1904,Yoff,Restauration,590495.0,-8.426285197926862,82,52.0,0
SN-1905, Pikine ,Alimentation,52410.0,11.20900593665009,41,33.0,1
SN-1906,Pikine,Alimentation,345162.0,-23.807006424294027,13,43.0,1
SN-1907,Marché Sandaga,Électronique,1325525.0,8.83347211772709,119,93.0,0
SN-1908,Yoff,Services,254746.0,-2.2744960273351906,88,106.0,1
SN-1909,Marché Sandaga,Services,46502.0,-5.208448853488474,126,73.0,0
SN-1910,Medina,Habillement,1800324.0,-20.989013299992614,74,81.0,0
SN-1911, Pikine ,Électronique,519082.0,-0.4817076709754149,151,92.0,0
SN-1912,Yoff,Restauration,383063.0,-2.7249627746738314,117,33.0,0
SN-1913,Parcelles Assainies,Habillement,97718.0,10.873567615780322,140,4.0,0
SN-1914,Ouakam,Restauration,1099478.0,-6.951855334730894,54,85.0,0
SN-1915,Medina,Restauration,1946340.0,-26.956052494388523,78,61.0,0
SN-1916,Medina,Services,1655100.0,-47.346811886774425,87,114.0,0
SN-1917,Yoff,Habillement,105134.0,52.41824823515317,120,29.0,1
SN-1918,Parcelles Assainies,Habillement,132795.0,5.286600750528309,165,75.0,1
SN-1919,Marche Sandaga,Restauration,1778409.0,0.26251924619954176,81,30.0,0
SN-1920,Guediawaye,Alimentation,144745.0,-20.20799800230146,130,64.0,1
SN-1921,PIKINE,Électronique,1499063.0,6.230352583199947,118,116.0,0
SN-1922,Parcelles Assainies,Électronique,1683525.0,-9.629626281488363,124,55.0,0
SN-1923,Marche Sandaga,Habillement,1605947.0,8.71230721338003,31,77.0,0
SN-1924,Yoff,Habillement,1282282.0,18.42781577284829,147,71.0,0
SN-1925,Ouakam,Alimentation,1726061.0,8.592491061813167,48,115.0,0
SN-1926,Yoff,Services,1417189.0,-1.1173568899218325,78,16.0,0
SN-1927,Marche Sandaga,Habillement,709074.0,-22.489135391337676,121,78.0,0
SN-1928,Medina,Électronique,251001.0,-32.310449097657596,115,82.0,0
SN-1929,Pikine,Électronique,1414197.0,20.538726648549716,132,51.0,0
SN-1930,Guediawaye,Services,1921085.0,-23.0032050347792,91,42.0,0
SN-1931, Pikine ,Habillement,1203318.0,-48.32386519193359,12,8.0,0
SN-1932,Yoff,Électronique,424605.0,,101,42.0,0
SN-1933,Pikine,Restauration,1794953.0,3.4437420656599067,86,21.0,0
SN-1934,Pikine,Restauration,123653.0,4.63045752848335,144,72.0,0
SN-1935,Ouakam,Habillement,1092327.0,15.714640329421902,126,22.0,1
SN-1936,Marche Sandaga,Restauration,785840.0,21.61086102536357,44,105.0,0
SN-1937, Pikine ,Alimentation,1150241.0,26.850981514417978,75,16.0,1
SN-1938,Parcelles Assainies,nan,1601865.0,-39.550222854668384,61,4.0,0
SN-1939,Yoff,Alimentation,1327657.0,42.6231571091097,164,113.0,0
SN-1940, Pikine ,Services,1174901.0,-13.544360372489699,69,28.0,0
SN-1941, Pikine ,Alimentation,427750.0,-8.698357758667228,172,68.0,0
SN-1942,Ouakam,Électronique,626361.0,30.835840058867227,183,71.0,1
SN-1943,Guediawaye,nan,475472.0,8.173009542913798,91,51.0,1
SN-1944, Pikine ,Services,460955.0,10.001008814296522,13,15.0,0
SN-1945,Marche Sandaga,Services,550412.0,31.535589332966126,66,115.0,0
SN-1946,Marche Sandaga,Services,416983.0,-12.173600712378523,24,40.0,0
SN-1947,PIKINE,Restauration,49191.0,9.777915686436495,23,66.0,1
SN-1948,Guediawaye,Alimentation,134847.0,11.336933908087495,65,75.0,0
SN-1949,PIKINE,Alimentation,1028747.0,30.721098316946367,139,16.0,0
SN-1950,Ouakam,Alimentation,1282025.0,16.26641257296376,121,70.0,0
SN-1951,Parcelles Assainies,nan,1250378.0,4.137985374301738,95,85.0,0
SN-1952,Guediawaye,Électronique,405160.0,8.451223166168436,50,25.0,1
SN-1953, Pikine ,Restauration,824300.0,2.2908258364308534,144,68.0,0
SN-1954,Guediawaye,Électronique,779233.0,-6.525599840942073,130,-1.0,0
SN-1955,Yoff,Restauration,1642491.0,16.262334213309547,127,116.0,0
SN-1956,Medina,Alimentation,208650.0,-24.250420839245272,121,11.0,1
SN-1957, Pikine ,Restauration,1384411.0,-1.8556533591018907,6,37.0,0
SN-1958,Marché Sandaga,Alimentation,483652.0,-14.71501929543247,106,100.0,0
SN-1959,Parcelles Assainies,Habillement,1138463.0,-11.603010618728018,24,73.0,0
SN-1960,Marche Sandaga,Électronique,633272.0,-1.7038450351912364,11,79.0,0
SN-1961,Yoff,Alimentation,1516707.0,22.43506559374864,21,87.0,0
SN-1962,Pikine,Restauration,1307895.0,2.332951034290371,91,103.0,1
SN-1963,Ouakam,Restauration,492474.0,-10.191533204695524,114,85.0,0
SN-1964,Marché Sandaga,Habillement,1805153.0,28.80481557691802,81,99.0,0
SN-1965,Ouakam,Alimentation,512364.0,-18.674291852647848,168,86.0,0
SN-1966,PIKINE,Alimentation,714527.0,9.183334158742518,113,111.0,0
SN-1967,Pikine,Habillement,1516812.0,40.31502504567675,155,29.0,0
SN-1968,Guediawaye,Restauration,212371.0,33.447363044420825,117,12.0,1
SN-1969,Guediawaye,Services,1634264.0,17.55998820984127,96,44.0,0
SN-1970,Medina,Services,197717.0,4.528772464534224,36,3.0,1
SN-1971,PIKINE,Restauration,1290099.0,4.494262853726806,18,114.0,0
SN-1972,Marche Sandaga,Électronique,607455.0,-21.938122379798234,108,6.0,0
SN-1973,Guediawaye,Services,1006422.0,22.388105659526264,94,38.0,0
SN-1974,PIKINE,Alimentation,1964330.0,-23.74139995302356,103,95.0,0
SN-1975,Medina,Services,1340472.0,-18.438352592594235,0,3.0,0
SN-1976,Medina,Habillement,1189800.0,21.795231803809997,11,103.0,0
SN-1977, Pikine ,Services,1435837.0,-7.104110799381818,167,22.0,0
SN-1978,PIKINE,Électronique,1264009.0,-9.040080107794786,80,63.0,0
SN-1979,PIKINE,Services,157925.0,-19.51034490474867,45,73.0,0
SN-1980,Marche Sandaga,Électronique,558933.0,-0.9699269996450889,66,52.0,0
SN-1981, Pikine ,nan,1079885.0,18.457630299936,2,86.0,0
SN-1982,Pikine,Restauration,39130.0,17.750687589587322,123,-5.0,1
SN-1983,Parcelles Assainies,nan,1999937.0,20.463166993491523,100,47.0,0
SN-1984,Pikine,Électronique,1367457.0,-4.314545840537794,164,10.0,1
SN-1985,Marche Sandaga,Restauration,890855.0,2.435897851687448,173,-4.0,1
SN-1986, Pikine ,Alimentation,975383.0,-50.149186995332286,41,112.0,0
SN-1987,Medina,Alimentation,1553069.0,11.3495778063069,136,60.0,0
SN-1988,Pikine,Restauration,879205.0,19.00773816397114,70,107.0,0
SN-1989,Marche Sandaga,Restauration,1164203.0,-25.661339789801087,135,-3.0,0
SN-1990,Marche Sandaga,Alimentation,747104.0,1.5077168757828494,22,75.0,0
SN-1991,Ouakam,nan,1753609.0,18.67878931334623,162,-4.0,0
SN-1992,PIKINE,Habillement,1091656.0,24.061234988642177,115,14.0,0
SN-1993,Medina,Habillement,1088844.0,-35.748643959778164,53,90.0,0
SN-1994,Medina,Alimentation,1798507.0,30.02740484900418,189,7.0,0
SN-1995,Parcelles Assainies,Alimentation,366619.0,2.3758323398695564,157,70.0,1
SN-1996,Medina,nan,1798402.0,-2.5322109539561577,79,82.0,0
SN-1997,Pikine,Électronique,324171.0,16.581786620728593,142,1.0,1
SN-1998,Guediawaye,Électronique,152600.0,8.092555227104404,34,98.0,0
SN-1999,Parcelles Assainies,Habillement,107410.0,29.994666128938693,156,70.0,0
SN-2000,PIKINE,Restauration,1331094.0,-14.103188371528413,52,18.0,0
SN-2001,Medina,nan,1921533.0,-8.312155354939838,179,32.0,0
SN-2002,Marche Sandaga,Services,349023.0,-30.36742704960018,90,0.0,1
SN-2003,Ouakam,Services,574158.0,-10.113738425381932,130,3.0,0
SN-2004,PIKINE,Électronique,937324.0,-6.685387932906393,49,34.0,0
SN-2005,Marché Sandaga,Électronique,1345085.0,23.360385111912443,12,50.0,0
SN-2006,Parcelles Assainies,Alimentation,471654.0,28.127436322516445,89,15.0,0
SN-2007,Marché Sandaga,Restauration,145387.0,5.411854436611306,116,94.0,0
SN-2008,Marche Sandaga,Alimentation,55173.0,4.362666003118151,137,82.0,1
SN-2009, Pikine ,Électronique,1461102.0,10.798566634980272,105,102.0,0
SN-2010,Yoff,Services,358571.0,4.443425683108354,131,31.0,1
SN-2011,Ouakam,Alimentation,394923.0,-33.62582292525826,89,88.0,0
SN-2012,PIKINE,Services,1815132.0,-13.215809931831217,18,91.0,0
SN-2013,Guediawaye,Restauration,332853.0,19.527238768937544,44,11.0,0
SN-2014, Pikine ,Alimentation,1115283.0,-13.74412645111893,186,10.0,1
SN-2015,Guediawaye,Habillement,142060.0,3.912795953874213,62,6.0,0
SN-2016,Marché Sandaga,Restauration,1358229.0,9.56237894874171,98,0.0,1
SN-2017,Medina,Habillement,977465.0,1.0057867601530774,143,13.0,1
SN-2018,Guediawaye,Restauration,1065837.0,-30.967627817280174,72,83.0,0
SN-2019,Guediawaye,Électronique,558227.0,4.408306048571577,44,-2.0,0
SN-2020, Pikine ,Services,234818.0,-2.810413983519487,147,66.0,0
SN-2021,Medina,Alimentation,1985072.0,17.539943429715866,51,106.0,0
SN-2022,Guediawaye,Habillement,1500522.0,-22.559702201816027,1,74.0,0
SN-2023,Medina,Alimentation,1215243.0,-20.801151767743082,108,10.0,0
SN-2024,Pikine,Restauration,1127199.0,-7.944532353349767,156,62.0,0
SN-2025,Marche Sandaga,Habillement,717110.0,8.769265586627586,98,65.0,0
SN-2026,Guediawaye,Électronique,55181.0,0.7679438899592281,4,39.0,1
SN-2027,Pikine,Électronique,392974.0,-5.514686642552452,15,82.0,0
SN-2028,PIKINE,Habillement,1581995.0,34.10050618785537,43,99.0,0
SN-2029,Medina,Services,24877.0,-6.600662884440968,94,68.0,1
SN-2030,Pikine,Restauration,1225582.0,3.8283044689663255,139,100.0,0
SN-2031,Yoff,Électronique,1617161.0,-14.474622652652357,87,11.0,0
SN-2032,Yoff,Électronique,1651215.0,-26.72911989934311,123,100.0,0
SN-2033,Pikine,Restauration,645646.0,-52.372303620673286,184,-2.0,0
SN-2034,Ouakam,Services,278779.0,-2.308890304668167,188,117.0,0
SN-2035,Medina,Alimentation,1317979.0,10.137869875463117,57,94.0,0
SN-2036,Marché Sandaga,Alimentation,1430268.0,-29.371630579083835,108,114.0,0
SN-2037,Yoff,Alimentation,1949296.0,0.2780517381580506,109,58.0,0
SN-2038,Marché Sandaga,Restauration,477153.0,-7.624860807300012,51,54.0,0
SN-2039, Pikine ,Restauration,1176711.0,17.112515568600067,68,49.0,0
SN-2040,Yoff,Restauration,1510626.0,20.48095881692566,120,92.0,0
SN-2041,PIKINE,Électronique,1366249.0,-19.438683776416422,122,67.0,0
SN-2042,Medina,Électronique,88997.0,-10.87458589183945,73,5.0,1
SN-2043,Marche Sandaga,Restauration,1553120.0,23.67703193570391,191,76.0,0
SN-2044,Pikine,Alimentation,441842.0,1.4179105956947442,3,9.0,1
SN-2045,Medina,Restauration,335298.0,-13.811744177008812,38,79.0,0
SN-2046,Ouakam,Habillement,561971.0,-33.635915977047816,162,33.0,0
SN-2047,Ouakam,Électronique,668081.0,-12.328604202413473,44,93.0,0
SN-2048,Ouakam,Habillement,1164139.0,-30.31246614332948,32,103.0,0
SN-2049,Marché Sandaga,nan,1595085.0,24.816189997672552,92,64.0,1
SN-2050,Marché Sandaga,Restauration,1932736.0,28.306534510607083,97,84.0,0
SN-2051,Parcelles Assainies,Électronique,385738.0,6.912507348683334,163,-5.0,1
SN-2052,Ouakam,Alimentation,1808396.0,-41.32861407596718,127,59.0,0
SN-2053,Pikine,Restauration,1572812.0,-27.442672862562766,21,-5.0,0
SN-2054,Yoff,Services,473261.0,-29.290608057629527,65,109.0,0
SN-2055,Pikine,Alimentation,1143752.0,7.777481910435755,101,93.0,0
SN-2056,Parcelles Assainies,Habillement,661010.0,7.066634892778043,189,99.0,0
SN-2057,Marche Sandaga,Restauration,194259.0,-1.7191074595788534,108,34.0,0
SN-2058,Medina,Alimentation,1084399.0,,0,71.0,0
SN-2059,Marche Sandaga,Alimentation,1536293.0,-3.9291000216734466,24,19.0,0
SN-2060,Medina,Services,564572.0,3.9507298267929105,35,16.0,0
SN-2061,Marche Sandaga,Restauration,506390.0,2.0900546323808555,12,66.0,0
SN-2062,Pikine,Habillement,927259.0,12.560384430807881,40,31.0,0
SN-2063, Pikine ,Services,1375233.0,29.42937334703046,8,115.0,0
SN-2064,Marche Sandaga,Habillement,313912.0,,47,18.0,0
SN-2065,Ouakam,Alimentation,1311097.0,20.33839651861218,190,51.0,0
SN-2066,Marche Sandaga,Restauration,599736.0,2.275166036758772,102,61.0,0
SN-2067,Marche Sandaga,Services,265721.0,-16.8496891931021,91,109.0,1
SN-2068,Parcelles Assainies,Électronique,1423869.0,20.040094560158526,6,92.0,0
SN-2069,Parcelles Assainies,Services,1214680.0,7.513228820301178,160,104.0,0
SN-2070, Pikine ,Restauration,438714.0,-1.1709161347303816,98,24.0,1
SN-2071,Guediawaye,Électronique,504483.0,-8.410451538421801,0,44.0,0
SN-2072,Guediawaye,Services,1703658.0,-0.18670049466737562,101,114.0,0
SN-2073,Parcelles Assainies,Alimentation,842643.0,,122,12.0,0
SN-2074,Marche Sandaga,nan,473409.0,-41.44148133266327,43,54.0,1
SN-2075,Marche Sandaga,Alimentation,1423410.0,-2.2981885259560597,114,88.0,0
SN-2076,Marché Sandaga,Habillement,1784896.0,-28.665428824543774,77,-3.0,0
SN-2077,PIKINE,Alimentation,263296.0,21.548622188175205,134,113.0,1
SN-2078,Pikine,Habillement,472658.0,-23.710681452984964,139,38.0,1
SN-2079,Marché Sandaga,Alimentation,1711848.0,-0.18114019965101685,20,1.0,0
SN-2080, Pikine ,Alimentation,878950.0,-2.99858809511661,15,71.0,0
SN-2081,Medina,Alimentation,1992768.0,-17.772457205174373,71,62.0,0
SN-2082,Pikine,nan,192471.0,-39.085373416526444,128,76.0,0
SN-2083,Pikine,Services,241181.0,13.39625611318846,148,31.0,0
SN-2084,Ouakam,Alimentation,1918192.0,-0.4408738944891369,35,0.0,0
SN-2085,Medina,Habillement,500548.0,-2.8988022881924635,74,65.0,0
SN-2086,Marche Sandaga,Restauration,1282642.0,6.819504387803427,77,56.0,0
SN-2087,Parcelles Assainies,Électronique,1051630.0,-28.21611072528867,6,64.0,0
SN-2088,Marche Sandaga,Alimentation,1718264.0,35.42850092134437,107,92.0,0
SN-2089, Pikine ,Alimentation,266229.0,3.489901274730945,124,95.0,0
SN-2090,PIKINE,Électronique,1863620.0,10.841250956458433,100,80.0,0
SN-2091,Marche Sandaga,Alimentation,969844.0,-22.07371152448647,135,80.0,0
SN-2092, Pikine ,Services,690127.0,-14.903707428908806,171,-1.0,1
SN-2093, Pikine ,Restauration,51776.0,5.183370304191207,15,95.0,0
SN-2094,Guediawaye,Habillement,1701243.0,-17.455048490441374,34,109.0,0
SN-2095,Marché Sandaga,Alimentation,116618.0,12.957708025720091,154,8.0,1
SN-2096,Yoff,Services,656204.0,19.058906377216957,19,118.0,0
SN-2097,Pikine,Alimentation,797551.0,-50.78208564107428,174,111.0,0
SN-2098,Pikine,Restauration,457893.0,4.0926288946556895,18,7.0,1
SN-2099,Guediawaye,Services,285060.0,-23.94686513795343,34,69.0,0
SN-2100,Marche Sandaga,nan,587701.0,18.668387906164337,179,68.0,0
SN-2101,Marche Sandaga,Électronique,1653974.0,,67,14.0,0
SN-2102,PIKINE,Restauration,213619.0,-2.2974510653042026,160,73.0,1
SN-2103,Marché Sandaga,Habillement,792817.0,20.77546109712476,187,118.0,0
SN-2104,Guediawaye,Électronique,34605.0,38.59635868805586,138,49.0,0
SN-2105,Guediawaye,Habillement,1996837.0,-17.839125547711596,12,26.0,0
SN-2106, Pikine ,Services,157737.0,14.893703279435083,37,98.0,1
SN-2107,Ouakam,Alimentation,33929.0,-18.34686439157303,94,51.0,1
SN-2108,Yoff,Restauration,901881.0,-4.0683054392187055,135,16.0,1
SN-2109,Marché Sandaga,Restauration,1685547.0,-18.785746194754623,194,101.0,0
SN-2110,PIKINE,Alimentation,489747.0,-2.356091127098923,167,57.0,0
SN-2111,Ouakam,Électronique,469945.0,-36.328609615936614,149,30.0,0
SN-2112, Pikine ,Habillement,1280885.0,-13.590138317303982,58,-1.0,0
SN-2113,Guediawaye,Services,256749.0,7.730782543051018,177,4.0,0
SN-2114,Pikine,Électronique,1626194.0,0.6289214466067043,197,10.0,0
SN-2115,Yoff,Services,499319.0,-19.79588023632114,194,4.0,1
SN-2116, Pikine ,Alimentation,808702.0,21.09869456860944,155,31.0,0
SN-2117,Pikine,Électronique,1412638.0,-13.650201915674309,49,80.0,0
SN-2118,Marché Sandaga,Électronique,1376162.0,-22.316476732059833,88,69.0,0
SN-2119,PIKINE,Restauration,919895.0,-2.0939558222992387,157,27.0,0
SN-2120,Marché Sandaga,Restauration,1607750.0,-29.499843726452713,82,111.0,0
SN-2121,Medina,Électronique,1609465.0,16.689948267501602,78,17.0,1
SN-2122,Guediawaye,nan,573046.0,9.49353539790772,118,46.0,0
SN-2123,Guediawaye,Électronique,1339764.0,,187,88.0,0
SN-2124,Marché Sandaga,Services,1213410.0,-13.908821861753033,126,33.0,1
SN-2125,Ouakam,Électronique,1618996.0,-33.96499655276934,13,101.0,0
SN-2126,Parcelles Assainies,Services,594592.0,-1.5062650380287137,54,114.0,0
SN-2127,Parcelles Assainies,Restauration,1674373.0,-30.816877235278778,175,67.0,0
SN-2128,Ouakam,Électronique,1126189.0,7.024748793636249,164,13.0,0
SN-2129,Yoff,Restauration,566138.0,16.52167994156303,84,41.0,1
SN-2130,Medina,Alimentation,330856.0,-35.91123484130658,101,32.0,0
SN-2131,Yoff,Restauration,445226.0,-61.29349283970961,147,105.0,0
SN-2132,Guediawaye,Alimentation,1955393.0,15.71553483304786,35,90.0,0
SN-2133,Ouakam,Restauration,1556631.0,-44.620690806600976,99,109.0,0
SN-2134,Pikine,Services,331123.0,-26.768191400498246,62,30.0,0
SN-2135,Parcelles Assainies,Services,1229164.0,-6.173088213358739,132,56.0,0
SN-2136,Marché Sandaga,Alimentation,379127.0,-18.917774326316035,51,30.0,1
SN-2137,Ouakam,Alimentation,277642.0,19.522445764477595,97,101.0,0
SN-2138,Yoff,Alimentation,1809049.0,36.4943400164932,160,96.0,0
SN-2139,Marché Sandaga,Restauration,932100.0,23.670409841224483,158,108.0,0
SN-2140,Marche Sandaga,Restauration,948903.0,38.05006812593591,188,5.0,1
SN-2141,Pikine,Habillement,1009840.0,12.249706066646874,95,113.0,0
SN-2142,Medina,Habillement,1987748.0,-12.442915180642007,109,27.0,0
SN-2143,Ouakam,Électronique,867885.0,-17.339412221144713,12,5.0,0
SN-2144,Yoff,Services,1258914.0,,132,22.0,0
SN-2145,Ouakam,Habillement,608869.0,6.44036103072783,32,81.0,0
SN-2146,Guediawaye,Services,23529.0,14.359096514858651,115,67.0,0
SN-2147,Pikine,Alimentation,1331043.0,-35.19348057716409,80,67.0,0
SN-2148,Marche Sandaga,Électronique,1620955.0,-5.448396147673397,165,117.0,0
SN-2149,Ouakam,Habillement,1819520.0,14.120142739144546,153,27.0,0
SN-2150,Yoff,Restauration,1220406.0,23.139142933918812,97,29.0,0
SN-2151,Marche Sandaga,Restauration,249040.0,-31.921076466473274,62,9.0,1
SN-2152,Marché Sandaga,Services,1985892.0,-18.08141811503576,83,53.0,0
SN-2153,PIKINE,Services,1170090.0,-9.42020994436089,169,-1.0,0
SN-2154,Yoff,Alimentation,1418112.0,-28.98381830150708,58,86.0,0
SN-2155,Guediawaye,Alimentation,1564099.0,6.951146012032945,113,27.0,0
SN-2156,Marche Sandaga,Électronique,358185.0,-4.547517541238763,153,109.0,0
SN-2157,Guediawaye,Alimentation,725511.0,13.877476720122859,133,93.0,0
SN-2158,Ouakam,Alimentation,697977.0,-0.972827227532767,169,68.0,0
SN-2159,Ouakam,Alimentation,949687.0,6.940123205735889,26,33.0,1
SN-2160,Guediawaye,Restauration,807396.0,,160,42.0,0
SN-2161, Pikine ,Électronique,1266724.0,2.86951910637935,44,59.0,0
SN-2162,Guediawaye,Alimentation,1494336.0,12.887927425441188,35,82.0,0
SN-2163,Pikine,Restauration,1323887.0,6.196256728763295,67,75.0,0
SN-2164,Medina,nan,831617.0,-11.443580187962564,146,8.0,1
SN-2165,Parcelles Assainies,Habillement,405820.0,-62.83567082288985,151,6.0,1
SN-2166,Parcelles Assainies,nan,664420.0,12.7177059374992,5,30.0,0
SN-2167,Ouakam,Alimentation,181636.0,1.7764496447916542,113,76.0,0
SN-2168,PIKINE,Électronique,1510053.0,14.960216989546515,14,50.0,0
SN-2169,Marché Sandaga,Services,1407130.0,27.389435096818005,172,31.0,0
SN-2170,Guediawaye,Services,1000127.0,3.0562344724109787,5,2.0,0
SN-2171,Parcelles Assainies,Habillement,850029.0,2.9877934245942783,18,118.0,0
SN-2172,Pikine,Électronique,520971.0,-24.826602364428197,66,34.0,0
SN-2173,Parcelles Assainies,Services,1499756.0,-21.441845477743847,20,35.0,0
SN-2174,Marché Sandaga,Alimentation,1241809.0,,112,24.0,0
SN-2175,Ouakam,Alimentation,530569.0,10.14602912423773,39,31.0,0
SN-2176,Ouakam,Alimentation,1629094.0,-16.989168449209192,173,42.0,0
SN-2177,Marché Sandaga,Alimentation,1875645.0,16.125280026374547,60,64.0,0
SN-2178,Guediawaye,Habillement,1499681.0,9.089668977365324,104,108.0,0
SN-2179,Yoff,Électronique,153845.0,0.37913124257792313,105,118.0,0
SN-2180,Yoff,Alimentation,1228877.0,,43,35.0,0
SN-2181,Parcelles Assainies,Habillement,192100.0,5.842313583707833,68,98.0,0
SN-2182,Ouakam,Alimentation,1702742.0,,189,35.0,0
SN-2183,PIKINE,nan,840569.0,3.978596191503319,15,84.0,1
SN-2184,Parcelles Assainies,Habillement,829090.0,5.849390885614701,100,80.0,0
SN-2185,Guediawaye,Électronique,1777052.0,-10.01929962948427,144,12.0,0
SN-2186,Medina,Habillement,1346128.0,8.56437082045771,94,4.0,0
SN-2187,PIKINE,Restauration,650171.0,-12.002693960978236,165,85.0,0
SN-2188,Marché Sandaga,Habillement,1391862.0,-0.115424502520449,53,60.0,0
SN-2189,Medina,Services,1288205.0,-16.85284648675206,47,103.0,0
SN-2190,Pikine,Alimentation,821941.0,10.417559638452401,188,8.0,0
SN-2191,Pikine,Électronique,1284467.0,-36.44011369952533,101,88.0,0
SN-2192,Ouakam,Alimentation,1954467.0,-16.600387227597647,145,-4.0,0
SN-2193,Guediawaye,Services,291844.0,10.549458269416869,79,68.0,0
SN-2194, Pikine ,Électronique,1927018.0,,27,64.0,0
SN-2195,Ouakam,Alimentation,821298.0,12.472041028967965,125,16.0,0
SN-2196,Marché Sandaga,Électronique,485803.0,-13.544882496796207,172,62.0,0
SN-2197,Parcelles Assainies,Habillement,1137126.0,-17.97013367056297,199,106.0,0
SN-2198,Guediawaye,Restauration,987453.0,-10.225272177370584,83,16.0,1
SN-2199,Marché Sandaga,Alimentation,1367729.0,24.42169861080736,144,40.0,0
SN-2200,Ouakam,Restauration,1949850.0,6.947747212669276,198,-2.0,0
SN-2201,Pikine,Habillement,519550.0,35.43609360870582,32,37.0,1
SN-2202,Ouakam,Restauration,465343.0,10.726642115148353,26,29.0,1
SN-2203,Marche Sandaga,Habillement,575103.0,20.74320535864547,198,8.0,1
SN-2204,Ouakam,Restauration,1081764.0,7.001421376743126,42,54.0,1
SN-2205,Medina,Électronique,1941959.0,20.81669437301143,166,19.0,0
SN-2206,Yoff,Restauration,1698570.0,-24.057722585192998,109,45.0,0
SN-2207,Pikine,Électronique,917441.0,-24.077292087873907,102,84.0,0
SN-2208,Parcelles Assainies,Restauration,493750.0,-21.32964220560578,25,54.0,1
SN-2209,Ouakam,Électronique,1566255.0,-14.650354720792818,96,65.0,0
SN-2210,Marche Sandaga,Habillement,401216.0,10.654421396882345,64,43.0,0
SN-2211,Guediawaye,Restauration,523842.0,-2.9253054627199857,68,72.0,1
SN-2212,Ouakam,Restauration,985825.0,1.9836791303068657,105,3.0,0
SN-2213,Medina,Électronique,1716727.0,-23.348842744553934,14,45.0,0
SN-2214,Marche Sandaga,Restauration,601826.0,-29.511025578112296,25,73.0,0
SN-2215, Pikine ,Restauration,1765421.0,14.220087938541644,139,56.0,0
SN-2216,Yoff,nan,1031222.0,14.013984915721508,35,63.0,0
SN-2217,Pikine,Alimentation,213939.0,-14.45176767038287,76,112.0,0
SN-2218,Pikine,Électronique,1860042.0,18.231091879700422,168,23.0,0
SN-2219,Medina,Habillement,615782.0,3.7919677197532504,6,100.0,0
SN-2220,Pikine,Services,1122160.0,-3.4465421944447083,109,96.0,0
SN-2221,Ouakam,Alimentation,1742449.0,10.001146720111883,60,35.0,0
SN-2222,Marche Sandaga,Électronique,380686.0,-4.232191174898507,51,39.0,0
SN-2223,Parcelles Assainies,Alimentation,549911.0,28.31256812359826,130,58.0,0
SN-2224,Guediawaye,Alimentation,1468301.0,-23.718386784202067,13,31.0,1
SN-2225,Ouakam,Restauration,1920736.0,24.08429302330196,184,24.0,0
SN-2226,Marché Sandaga,Services,624048.0,-13.614196212524927,20,57.0,0
SN-2227,PIKINE,Restauration,1447796.0,22.970172266969087,188,105.0,0
SN-2228,Marché Sandaga,Électronique,1627380.0,-35.76580608898622,173,44.0,0
SN-2229,Guediawaye,Habillement,894991.0,-13.428367727131423,146,8.0,0
SN-2230,Pikine,Habillement,1152012.0,3.3322995201881893,142,32.0,1
SN-2231,Medina,Habillement,493882.0,-9.303910941786716,194,34.0,1
SN-2232,Medina,Restauration,254153.0,-39.172145268118896,156,78.0,0
SN-2233,Pikine,Électronique,1519924.0,0.2887938606599526,135,14.0,0
SN-2234, Pikine ,Restauration,1093881.0,-6.560116273258205,64,47.0,0
SN-2235,Marché Sandaga,Services,101057.0,34.60133908433614,181,47.0,0
SN-2236, Pikine ,Alimentation,895302.0,-27.85063779793784,46,11.0,0
SN-2237,Parcelles Assainies,Restauration,317821.0,-9.105550925787641,95,88.0,0
SN-2238,Guediawaye,Restauration,459013.0,-5.285970899857303,97,64.0,1
SN-2239,Ouakam,Électronique,1611213.0,-1.040788391917447,13,109.0,0
SN-2240,Ouakam,Habillement,843466.0,10.36559483527286,145,20.0,0
SN-2241,Marché Sandaga,Électronique,531525.0,-12.302991934212855,188,44.0,0
SN-2242,Ouakam,Alimentation,684405.0,-8.228045357075391,52,97.0,0
SN-2243,Marche Sandaga,Services,83344.0,-18.4658005827337,81,70.0,1
SN-2244,PIKINE,Restauration,557614.0,0.6928225786552051,197,49.0,0
SN-2245,Parcelles Assainies,Services,39785.0,31.70844770435243,80,69.0,0
SN-2246,Medina,Alimentation,1289212.0,-5.280096319747601,103,46.0,0
SN-2247,PIKINE,Habillement,832929.0,-5.794602864136583,133,7.0,1
SN-2248,Marché Sandaga,Services,1674693.0,12.376607480555899,63,117.0,0
SN-2249, Pikine ,Habillement,1281626.0,-19.35886746036221,98,103.0,0
SN-2250,Parcelles Assainies,Habillement,1187898.0,33.11464912315025,53,42.0,0
SN-2251, Pikine ,Habillement,1631023.0,22.013031944250805,117,82.0,0
SN-2252,Yoff,Services,429422.0,25.40670597635991,107,59.0,1
SN-2253,PIKINE,Électronique,1015166.0,8.531017148016717,53,51.0,1
SN-2254,Ouakam,Habillement,197386.0,30.52148980682364,196,3.0,1
SN-2255,Parcelles Assainies,Électronique,167765.0,10.872336450529478,192,23.0,0
SN-2256,Marche Sandaga,Habillement,1371178.0,18.83374678829155,154,44.0,1
SN-2257,Pikine,Électronique,1285352.0,-0.6600544488890879,29,-2.0,0
SN-2258,Yoff,Électronique,824877.0,,180,-3.0,1
SN-2259,Ouakam,Électronique,734331.0,13.096839609578353,70,118.0,0
SN-2260,Marche Sandaga,Électronique,371613.0,,29,82.0,0
SN-2261,Parcelles Assainies,Restauration,232973.0,3.177614412449681,115,13.0,0
SN-2262,Marche Sandaga,Habillement,374089.0,12.95781605362399,57,83.0,1
SN-2263, Pikine ,Restauration,64006.0,-3.434435524164785,196,38.0,1
SN-2264,Yoff,Électronique,372045.0,27.50463555870288,131,114.0,0
SN-2265,Yoff,Restauration,796556.0,-5.037275956877654,33,99.0,0
SN-2266,Parcelles Assainies,Habillement,114999.0,-15.301400296414425,146,6.0,0
SN-2267,PIKINE,Alimentation,1305924.0,-9.308900982328433,123,64.0,0
SN-2268,Yoff,Services,1799657.0,-19.550438010520065,127,20.0,0
SN-2269,Yoff,Habillement,1015135.0,1.404322753825239,38,69.0,0
SN-2270, Pikine ,Alimentation,1842823.0,41.50691347683985,115,18.0,0
SN-2271,Medina,Restauration,1345638.0,,97,69.0,0
SN-2272,Medina,Habillement,28917.0,7.621630689442238,34,40.0,1
SN-2273, Pikine ,Restauration,419461.0,12.832414150026601,124,70.0,1
SN-2274,Pikine,Habillement,1105948.0,,51,60.0,0
SN-2275,Medina,Électronique,80875.0,-5.457367214866656,119,61.0,0
SN-2276,Yoff,Alimentation,165787.0,42.33254503231848,122,16.0,1
SN-2277,Ouakam,Habillement,1588229.0,13.911382634670952,99,11.0,0
SN-2278,Parcelles Assainies,nan,194298.0,-32.855661246247216,104,77.0,0
SN-2279,Yoff,Services,1644280.0,12.358346147491194,193,59.0,0
SN-2280,Marche Sandaga,Habillement,1124188.0,2.1875267150627447,89,101.0,0
SN-2281,Medina,Restauration,241825.0,13.484801482786379,61,71.0,1
SN-2282, Pikine ,Services,91740.0,14.810124156385223,20,36.0,0
SN-2283,Pikine,Services,1780241.0,-12.875549526439814,90,83.0,0
SN-2284,Parcelles Assainies,Services,650813.0,,176,18.0,0
SN-2285,Ouakam,Services,1996134.0,17.554349496116785,89,64.0,0
SN-2286,Yoff,Électronique,222102.0,-7.154567181272096,171,71.0,1
SN-2287, Pikine ,Alimentation,978200.0,-2.6026019449863176,127,116.0,0
SN-2288,Parcelles Assainies,Habillement,919979.0,-15.117370429774953,91,83.0,0
SN-2289,Yoff,Restauration,1358464.0,-16.63417939627962,158,32.0,0
SN-2290,Medina,Alimentation,178717.0,15.901173220532614,181,115.0,0
SN-2291,PIKINE,Restauration,1050053.0,0.4329178806570775,197,69.0,0
SN-2292, Pikine ,Restauration,663531.0,3.281638344893328,0,83.0,0
SN-2293,Marche Sandaga,Électronique,1446476.0,-16.60023911883967,9,57.0,0
SN-2294,Guediawaye,Habillement,1812901.0,20.56912715803994,74,33.0,0
SN-2295,Marche Sandaga,Services,1735727.0,-2.5055604476201117,75,100.0,0
SN-2296,Guediawaye,Services,443389.0,,193,-4.0,0
SN-2297,Medina,Habillement,1257881.0,-43.78013638951317,190,2.0,0
SN-2298,PIKINE,Alimentation,267720.0,-32.887921258788765,19,27.0,0
SN-2299,PIKINE,Alimentation,1048884.0,19.735847695417917,193,50.0,0
SN-2300,Guediawaye,Électronique,1412474.0,7.530755894917639,141,50.0,0
SN-2301,Parcelles Assainies,Alimentation,246950.0,-10.09127218617804,170,89.0,0
SN-2302,Yoff,Restauration,951749.0,,93,59.0,0
SN-2303,Pikine,Alimentation,1298184.0,41.82114288940197,45,12.0,1
SN-2304,Yoff,Restauration,1951866.0,-16.412314559471973,135,54.0,0
SN-2305,Marche Sandaga,Alimentation,321802.0,6.747557622047915,148,13.0,1
SN-2306,Marche Sandaga,nan,652778.0,-22.80434420062719,168,22.0,0
SN-2307,Parcelles Assainies,Restauration,1727864.0,-27.140738301267394,161,77.0,0
SN-2308,Marche Sandaga,Habillement,1413679.0,-34.599758700640876,66,85.0,0
SN-2309, Pikine ,Alimentation,1784405.0,1.6882703345098793,21,62.0,0
SN-2310,Medina,Restauration,1298780.0,24.63025199543599,45,108.0,0
SN-2311,Medina,Alimentation,1080009.0,-10.477592296560896,114,104.0,1
SN-2312,Ouakam,Services,1590730.0,10.309798044558352,61,72.0,0
SN-2313,Pikine,Habillement,463447.0,16.986056447740722,16,74.0,0
SN-2314,Yoff,Services,1655706.0,20.09248651837346,23,115.0,0
SN-2315,Marche Sandaga,Services,697499.0,6.019446633060802,4,49.0,0
SN-2316,Guediawaye,Alimentation,643719.0,,38,38.0,0
SN-2317, Pikine ,Alimentation,1470776.0,-18.230394178811235,188,65.0,0
SN-2318,Parcelles Assainies,Électronique,387415.0,-28.258113159115776,117,26.0,0
SN-2319,Medina,Restauration,425937.0,-31.965165348913228,4,91.0,0
SN-2320,Yoff,Services,1731248.0,-3.4180592488022348,79,79.0,0
SN-2321, Pikine ,Habillement,1697364.0,5.679523519628987,102,52.0,0
SN-2322,Yoff,Alimentation,30397.0,19.609393437456074,19,36.0,1
SN-2323,Ouakam,Habillement,180433.0,,135,82.0,0
SN-2324,Parcelles Assainies,Alimentation,1069360.0,,120,74.0,0
SN-2325,Guediawaye,Habillement,876428.0,-6.883597330138254,29,2.0,0
SN-2326, Pikine ,Électronique,580076.0,4.911293296072639,130,8.0,0
SN-2327,Marche Sandaga,Restauration,412510.0,18.07177081754141,120,52.0,0
SN-2328,Medina,Électronique,1790328.0,-1.341720194903008,126,22.0,0
SN-2329,Yoff,Habillement,1247876.0,-27.560556208662593,93,52.0,0
SN-2330,Marche Sandaga,Habillement,1721448.0,-7.293547074279397,52,106.0,0
SN-2331,PIKINE,Habillement,1337563.0,-19.473561838205423,62,43.0,0
SN-2332,Yoff,Électronique,1361279.0,6.963493523378924,119,28.0,0
SN-2333,Guediawaye,Habillement,585313.0,-4.741430775684152,164,45.0,1
SN-2334,Yoff,Électronique,167342.0,22.12968779447707,154,65.0,0
SN-2335,Yoff,nan,196492.0,-32.495989675621125,196,30.0,1
SN-2336,Marche Sandaga,Alimentation,897468.0,3.823420502553512,86,95.0,0
SN-2337,Parcelles Assainies,Alimentation,1104124.0,-32.08833772324439,63,51.0,0
SN-2338, Pikine ,Restauration,1595153.0,-36.07189432199261,171,89.0,0
SN-2339,Ouakam,Électronique,1023153.0,,178,24.0,1
SN-2340,Pikine,Habillement,251967.0,20.833974762217245,42,22.0,1
SN-2341,Marché Sandaga,Électronique,1066780.0,-1.4265986270387,83,65.0,0
SN-2342,Pikine,Alimentation,555519.0,-16.696534378222292,186,14.0,0
SN-2343,PIKINE,nan,301759.0,-19.418040513616244,139,58.0,0
SN-2344,Marche Sandaga,Alimentation,1476389.0,,127,115.0,0
SN-2345,Yoff,Services,1024801.0,-26.595011209069476,0,29.0,0
SN-2346,Marché Sandaga,Habillement,588003.0,-43.99809335651763,11,22.0,0
SN-2347,Yoff,Restauration,81495.0,-22.07783309845075,100,8.0,1
SN-2348,PIKINE,Électronique,1270081.0,25.92565905078491,116,67.0,0
SN-2349,Ouakam,Restauration,608239.0,-0.1768798868498307,28,57.0,1
SN-2350,PIKINE,nan,499624.0,-14.092662645793554,70,39.0,1
SN-2351,Parcelles Assainies,Restauration,223853.0,18.854576930940265,61,88.0,0
SN-2352,Guediawaye,nan,1542579.0,8.745993351261781,192,70.0,0
SN-2353,Yoff,Services,480212.0,-24.012284971588564,179,67.0,1
SN-2354,Yoff,Habillement,1640749.0,-14.467577372854594,108,18.0,0
SN-2355,Pikine,Restauration,1531319.0,-21.504586885682045,172,71.0,0
SN-2356,Pikine,Alimentation,1029015.0,,169,5.0,1
SN-2357,Guediawaye,Habillement,1713254.0,-0.00043197024146668367,76,118.0,0
SN-2358,Medina,Restauration,86528.0,21.593052518702486,16,77.0,0
SN-2359, Pikine ,Services,1502881.0,30.94167944885765,163,28.0,0
SN-2360,Yoff,Habillement,1246983.0,3.3469391173033203,140,58.0,0
SN-2361,PIKINE,Alimentation,1284678.0,-21.73695670382589,26,8.0,0
SN-2362,Pikine,nan,1984963.0,-15.99213438640718,22,-2.0,0
SN-2363,Medina,Électronique,1847060.0,2.8821268043870503,134,42.0,0
SN-2364,Yoff,Alimentation,1287860.0,-10.526796000728119,34,16.0,1
SN-2365,Guediawaye,Électronique,1622458.0,-0.6351343578531743,65,13.0,0
SN-2366,Ouakam,Habillement,860345.0,-12.167306692410897,53,94.0,0
SN-2367,Parcelles Assainies,Électronique,186544.0,33.28699319499605,79,32.0,0
SN-2368,PIKINE,Services,1498908.0,23.284115288730348,60,-4.0,0
SN-2369,Ouakam,Restauration,10246.0,-6.810098571758556,124,27.0,1
SN-2370,Ouakam,Restauration,734191.0,-32.787991560604695,186,6.0,0
SN-2371,Medina,Services,1685646.0,1.127221927181986,102,0.0,0
SN-2372,Guediawaye,Services,1294102.0,3.4216415919125556,124,34.0,0
SN-2373,Ouakam,Alimentation,714230.0,-11.423799809520467,57,20.0,0
SN-2374,Marche Sandaga,Services,1310959.0,-11.27521564697102,7,108.0,0
SN-2375,Parcelles Assainies,Services,1222790.0,18.63838626557984,115,25.0,0
SN-2376,Yoff,Électronique,493605.0,-37.056909586065366,80,19.0,0
SN-2377, Pikine ,Restauration,1113.0,5.401324766196676,13,45.0,1
SN-2378,Medina,Restauration,883581.0,5.972523556163635,179,27.0,0
SN-2379,Yoff,Alimentation,263146.0,-10.540889219565475,125,31.0,0
SN-2380,Ouakam,Alimentation,436399.0,24.203263542275057,33,86.0,0
SN-2381,Medina,Électronique,723335.0,-19.442382256029788,51,72.0,0
SN-2382,Yoff,Services,124689.0,0.6159687860177647,77,7.0,1
SN-2383,Marche Sandaga,Électronique,440510.0,-10.367843849133397,1,52.0,1
SN-2384,Yoff,Électronique,140015.0,-29.732921497498943,78,119.0,0
SN-2385,Guediawaye,Habillement,1748575.0,27.924047260613523,66,78.0,0
SN-2386,Pikine,Alimentation,1317293.0,14.083495533859043,49,80.0,1
SN-2387,PIKINE,Électronique,1362706.0,8.875326641066808,42,41.0,0
SN-2388,Medina,Électronique,792900.0,-10.0562717693988,91,63.0,0
SN-2389,Ouakam,Électronique,191617.0,-5.1417794713204055,125,118.0,0
SN-2390,Guediawaye,Alimentation,14616.0,-19.894466001433873,160,106.0,1
SN-2391,Guediawaye,Alimentation,128578.0,-23.174900634173724,14,41.0,1
SN-2392, Pikine ,Services,891758.0,-16.97936888540077,32,20.0,0
SN-2393,Ouakam,Restauration,388591.0,,43,52.0,1
SN-2394,Ouakam,Électronique,687.0,14.899725597448242,34,106.0,0
SN-2395,Pikine,Électronique,848130.0,12.065506153828318,34,34.0,0
SN-2396,PIKINE,Habillement,1571343.0,-13.202064816848022,127,99.0,0
SN-2397,Marché Sandaga,Restauration,256194.0,-8.258228250352794,147,35.0,0
SN-2398, Pikine ,Alimentation,1337318.0,,157,0.0,0
SN-2399,Pikine,Services,553512.0,3.670105099984888,142,8.0,1
SN-2400,Marché Sandaga,nan,858126.0,-1.1827039892715743,166,8.0,0
SN-2401,Parcelles Assainies,Habillement,310494.0,4.575559578246647,173,18.0,0
SN-2402,Guediawaye,Restauration,518210.0,-25.95551808631384,174,104.0,0
SN-2403,Parcelles Assainies,Électronique,287447.0,-10.161984911188672,167,82.0,0
SN-2404,Medina,nan,1617124.0,4.1232147688002545,127,80.0,0
SN-2405, Pikine ,Restauration,842763.0,-23.30329361568092,94,63.0,0
SN-2406,PIKINE,Électronique,1147296.0,-10.657709991803138,111,108.0,0
SN-2407,Parcelles Assainies,Électronique,1649369.0,20.996679769178176,100,11.0,0
SN-2408, Pikine ,Habillement,1093497.0,-9.159911935060977,26,77.0,0
SN-2409,Marche Sandaga,Électronique,1847886.0,-28.979359130527286,29,23.0,0
SN-2410, Pikine ,Électronique,686300.0,39.399634729164426,177,94.0,0
SN-2411, Pikine ,Habillement,1413115.0,-9.49504763405875,66,55.0,0
SN-2412, Pikine ,Habillement,881239.0,-0.5180246937178158,138,84.0,0
SN-2413,PIKINE,Services,23922.0,,4,-3.0,0
SN-2414, Pikine ,Électronique,684680.0,,135,7.0,0
SN-2415,Guediawaye,Restauration,1904865.0,-0.6507483362181918,94,50.0,0
SN-2416,Yoff,Habillement,156404.0,17.923833472894387,15,49.0,1
SN-2417,Medina,Habillement,888738.0,13.171335889236213,118,10.0,1
SN-2418, Pikine ,Alimentation,115390.0,-6.0101019189481795,105,51.0,0
SN-2419,Guediawaye,Alimentation,248956.0,23.462471586176157,102,25.0,0
SN-2420,Pikine,nan,1801575.0,32.00826355778426,177,91.0,0
SN-2421,Marche Sandaga,Électronique,1477458.0,-5.461637020001879,130,20.0,1
SN-2422,Marche Sandaga,Électronique,1359649.0,3.821744641889491,115,61.0,0
SN-2423,Ouakam,Restauration,337056.0,-5.809443453233392,121,81.0,0
SN-2424, Pikine ,Services,290360.0,12.776947086318764,65,37.0,0
SN-2425, Pikine ,Électronique,990986.0,-12.418639155385382,77,78.0,0
SN-2426,Marche Sandaga,Habillement,343333.0,16.53179975133311,191,67.0,0
SN-2427, Pikine ,Restauration,655677.0,2.882745503545956,1,96.0,0
SN-2428,Marche Sandaga,Alimentation,373426.0,-9.60347631107606,89,21.0,0
SN-2429,Medina,Alimentation,336164.0,-36.62387973049478,111,49.0,0
SN-2430, Pikine ,Habillement,234192.0,30.356518159114017,92,74.0,0
SN-2431,Marché Sandaga,Alimentation,1300318.0,12.894765782506266,26,21.0,1
SN-2432,Ouakam,Services,821882.0,-42.977729494356566,25,101.0,0
SN-2433,Parcelles Assainies,Restauration,822632.0,11.49066024137844,122,92.0,1
SN-2434,Marche Sandaga,Habillement,1391198.0,-52.832295616749136,109,12.0,1
SN-2435,Parcelles Assainies,Habillement,1673703.0,-11.991321758757804,58,104.0,0
SN-2436, Pikine ,Restauration,46349.0,-4.909111526310529,76,114.0,0
SN-2437,Yoff,Habillement,1638687.0,21.695337308526646,147,106.0,0
SN-2438,Parcelles Assainies,Alimentation,1037695.0,33.008198681970676,160,50.0,0
SN-2439,Pikine,nan,1906017.0,-30.945098293468103,101,109.0,0
SN-2440,PIKINE,Alimentation,98180.0,18.53773090401401,194,86.0,0
SN-2441,Medina,Habillement,745714.0,-5.346468880394772,15,73.0,0
SN-2442,Marché Sandaga,Électronique,1133934.0,3.9225531928600894,17,78.0,0
SN-2443,Parcelles Assainies,Électronique,1902031.0,30.171869336397684,171,27.0,0
SN-2444,Parcelles Assainies,Services,1682583.0,13.354621792823092,26,113.0,0
SN-2445, Pikine ,Services,1144734.0,10.52394923659756,24,113.0,0
SN-2446,Parcelles Assainies,Services,397122.0,-19.188122151891264,87,63.0,0
SN-2447,Guediawaye,Restauration,1403073.0,-23.593557168869008,102,10.0,1
SN-2448,Parcelles Assainies,Habillement,1663669.0,-7.651572192374547,150,104.0,0
SN-2449,PIKINE,Habillement,1769192.0,15.894921319701593,1,18.0,1
SN-2450,Marché Sandaga,Habillement,1241737.0,,142,114.0,0
SN-2451, Pikine ,Restauration,496374.0,-20.759195546956125,132,70.0,0
SN-2452,Yoff,nan,1809465.0,23.290151416271737,47,108.0,0
SN-2453,Marché Sandaga,Habillement,1213483.0,-3.9849883921819296,161,91.0,0
SN-2454, Pikine ,Services,1788258.0,4.01414568312935,171,77.0,0
SN-2455,Ouakam,Restauration,844112.0,-12.87650030316011,19,-4.0,1
SN-2456,Parcelles Assainies,Électronique,1944741.0,-0.10264418510974495,74,66.0,0
SN-2457,Parcelles Assainies,Alimentation,640712.0,-16.16073498336786,38,68.0,0
SN-2458,Marché Sandaga,Alimentation,934576.0,14.396059306147613,174,105.0,0
SN-2459, Pikine ,Restauration,676541.0,-12.994986720035183,22,3.0,0
SN-2460,Marche Sandaga,Électronique,972278.0,-9.66928805290687,24,60.0,1
SN-2461,Marche Sandaga,Restauration,1717725.0,6.722087078166352,155,88.0,0
SN-2462,Pikine,Restauration,613663.0,21.99114598371384,177,109.0,0
SN-2463,Medina,Alimentation,265926.0,-18.8765613059495,64,69.0,0
SN-2464,Marché Sandaga,Habillement,262807.0,21.049321513007726,0,52.0,0
SN-2465,Parcelles Assainies,Alimentation,564647.0,19.601584891875696,56,43.0,0
SN-2466,Medina,Habillement,1750489.0,22.14446213191403,4,5.0,0
SN-2467,Marche Sandaga,Restauration,433466.0,2.2763198980678014,112,58.0,1
SN-2468,Pikine,Alimentation,1283802.0,-6.4168506579180375,50,48.0,0
SN-2469,Yoff,nan,1155429.0,1.410076833554534,31,45.0,1
SN-2470,PIKINE,Habillement,1169558.0,-5.346916547820316,36,51.0,0
SN-2471,PIKINE,Services,317647.0,37.77394164841301,115,95.0,0
SN-2472,PIKINE,Alimentation,1226827.0,-42.88242209507088,46,10.0,0
SN-2473,Marché Sandaga,nan,140382.0,11.664669588889382,166,42.0,1
SN-2474,Parcelles Assainies,Électronique,107259.0,50.693447901370696,29,77.0,1
SN-2475,Pikine,Habillement,1009898.0,-5.62979892051276,158,97.0,0
SN-2476,Guediawaye,Services,1795921.0,-5.346542161535631,134,112.0,0
SN-2477,Guediawaye,Habillement,1961072.0,15.328371851903277,77,56.0,0
SN-2478,PIKINE,Habillement,582866.0,9.131207981341095,75,69.0,0
SN-2479,Medina,Restauration,1048402.0,0.45042788191089783,64,43.0,0
SN-2480,Yoff,Restauration,1136841.0,-22.699004734568902,145,6.0,0
SN-2481,Marche Sandaga,Habillement,265142.0,18.18525024410255,55,107.0,1
SN-2482,Parcelles Assainies,Restauration,889843.0,-1.3696643021673525,101,100.0,0
SN-2483,Marché Sandaga,Électronique,1628884.0,9.67640839962858,197,64.0,0
SN-2484, Pikine ,Alimentation,1114764.0,12.532807996291114,43,67.0,0
SN-2485, Pikine ,Restauration,1612711.0,-18.213373971599538,26,77.0,0
SN-2486,PIKINE,Restauration,1165568.0,20.279404898648316,95,69.0,0
SN-2487,Marche Sandaga,Restauration,1967345.0,-3.9414097795710767,113,58.0,0
SN-2488,Medina,Électronique,716147.0,-19.27670845670525,98,59.0,0
SN-2489,Marché Sandaga,Restauration,796528.0,1.165201493285304,159,95.0,0
SN-2490,PIKINE,Électronique,1619146.0,-22.553133064614567,113,116.0,0
SN-2491,Parcelles Assainies,Alimentation,658240.0,11.852772565985394,40,85.0,0
SN-2492,Guediawaye,Restauration,1955767.0,-15.141119604874307,97,13.0,0
SN-2493,Medina,Services,1849614.0,8.092526934503212,199,-4.0,0
SN-2494,Pikine,Habillement,1465853.0,0.8710622550880993,60,92.0,0
SN-2495,Yoff,Services,9768.0,7.360275443832966,17,25.0,0
SN-2496,PIKINE,Électronique,1472716.0,-0.14012358718166584,21,85.0,0
SN-2497,Medina,Alimentation,388521.0,-20.089739375965596,131,43.0,1
SN-2498,Yoff,Électronique,56709.0,31.149743499151313,142,78.0,0
SN-2499,Medina,Électronique,1798384.0,-16.77208759640613,134,77.0,0
SN-2500,Marche Sandaga,Habillement,694638.0,23.391919673973046,122,62.0,0
SN-2501,Guediawaye,Habillement,25405.0,34.6810997584312,140,92.0,0
SN-2502, Pikine ,Restauration,246027.0,12.51254547429407,37,11.0,0
SN-2503,Pikine,Services,672837.0,21.824437345233125,7,115.0,1
SN-2504,Parcelles Assainies,Habillement,1556321.0,32.005398398082306,156,73.0,0
SN-2505,PIKINE,Services,1894268.0,25.86700115021062,97,94.0,0
SN-2506,Yoff,Électronique,1430946.0,-19.61343375331549,96,106.0,0
SN-2507,Pikine,Électronique,1119370.0,-24.06632751010327,145,104.0,0
SN-2508,Yoff,Restauration,1114107.0,5.349302687108999,121,61.0,1
SN-2509,Parcelles Assainies,Électronique,505374.0,3.4949435011588603,185,67.0,0
SN-2510,Medina,nan,204018.0,8.038519298288671,145,64.0,0
SN-2511,Medina,Habillement,533682.0,-3.4367137421536533,91,98.0,1
SN-2512, Pikine ,Électronique,110790.0,7.825856343063949,180,72.0,0
SN-2513,Yoff,Habillement,212729.0,-14.971864615568137,48,72.0,1
SN-2514,Parcelles Assainies,nan,66299.0,4.971428077358072,72,37.0,1
SN-2515,Parcelles Assainies,Habillement,369471.0,5.674593142135224,83,87.0,0
SN-2516,Medina,Services,1285463.0,11.624736210441018,43,87.0,0
SN-2517,Ouakam,Électronique,1454917.0,0.7617176082479127,81,33.0,1
SN-2518,Marché Sandaga,Alimentation,1011863.0,22.125074778635803,99,56.0,0
SN-2519,Yoff,Alimentation,1604640.0,-0.4822597213321671,141,64.0,0
SN-2520,Ouakam,Habillement,751690.0,16.348478343833808,170,119.0,1
SN-2521,PIKINE,Restauration,629448.0,-29.771957329085467,1,94.0,1
SN-2522,PIKINE,Habillement,1012673.0,14.81168571579462,70,3.0,0
SN-2523,Guediawaye,Habillement,1742043.0,8.704008359742835,124,49.0,0
SN-2524,Ouakam,Services,1175710.0,0.0791750665413892,122,60.0,0
SN-2525,Marché Sandaga,Habillement,1389919.0,9.115617748121286,187,106.0,0
SN-2526,Guediawaye,Services,1015505.0,-0.3869009549588598,194,19.0,0
SN-2527,PIKINE,Restauration,916330.0,10.651840793905711,163,75.0,0
SN-2528,Medina,Restauration,408648.0,-8.51152100741146,88,93.0,1
SN-2529, Pikine ,Alimentation,518879.0,-4.77478969583038,118,74.0,1
SN-2530,Yoff,nan,1931038.0,-9.920332161991512,95,119.0,0
SN-2531,Ouakam,Électronique,305610.0,-19.542096800994585,1,20.0,1
SN-2532,PIKINE,Services,653982.0,,153,90.0,0
SN-2533,Marche Sandaga,Électronique,1194500.0,-5.7877405885575515,101,45.0,0
SN-2534,Pikine,Services,1927080.0,-5.2629526510327596,193,30.0,0
SN-2535, Pikine ,Habillement,1725739.0,26.945717379622284,100,76.0,0
SN-2536,Parcelles Assainies,Habillement,250704.0,3.8016266057764536,196,13.0,1
SN-2537,Parcelles Assainies,Habillement,575492.0,10.30309739597916,164,85.0,0
SN-2538,Yoff,Restauration,1686149.0,-5.115293040538946,164,39.0,0
SN-2539,Pikine,Habillement,590245.0,8.33358065826748,76,18.0,0
SN-2540,Yoff,Services,1515347.0,36.8760386726119,84,63.0,0
SN-2541, Pikine ,Alimentation,22016.0,9.375127540382795,167,24.0,0
SN-2542,Marche Sandaga,Électronique,903114.0,38.026951174967124,88,17.0,0
SN-2543,Medina,Restauration,349715.0,10.299870213976458,57,85.0,0
SN-2544,Ouakam,Services,1929000.0,17.036566796484216,165,63.0,0
SN-2545,PIKINE,Alimentation,155383.0,-19.28431688845326,71,88.0,0
SN-2546,Medina,Services,658091.0,9.398523023810853,24,3.0,1
SN-2547,Medina,nan,1259089.0,10.17494432671899,161,58.0,1
SN-2548,Guediawaye,nan,1031615.0,18.433846711425403,178,106.0,0
SN-2549, Pikine ,Habillement,1470569.0,-40.503042036792046,173,87.0,0
SN-2550,Parcelles Assainies,Alimentation,1070713.0,-21.821363960330316,56,11.0,1
SN-2551,Marche Sandaga,Restauration,1048066.0,6.68854382827544,75,-3.0,0
SN-2552, Pikine ,Habillement,1496462.0,17.37424526020648,34,110.0,0
SN-2553,Pikine,Alimentation,286916.0,6.220871905916857,167,90.0,0
SN-2554,Ouakam,Électronique,1015744.0,-60.211852633776076,96,80.0,0
SN-2555,Marche Sandaga,Habillement,1241778.0,-8.432474914808344,104,35.0,1
SN-2556,Pikine,Alimentation,1576372.0,7.0373670930072425,29,110.0,0
SN-2557,PIKINE,Électronique,802603.0,20.346037425372437,169,78.0,0
SN-2558,Marché Sandaga,Restauration,39291.0,0.27544288450109217,108,96.0,0
SN-2559,Marche Sandaga,Électronique,967219.0,5.789812449186109,45,-5.0,0
SN-2560,Yoff,Habillement,1827891.0,-15.107291091756261,65,116.0,0
SN-2561, Pikine ,Habillement,363998.0,-8.798611053825498,152,32.0,1
SN-2562, Pikine ,Habillement,1462228.0,12.865713251914269,138,47.0,1
SN-2563,PIKINE,nan,444879.0,7.112422005024065,140,57.0,1
SN-2564,PIKINE,Habillement,1947283.0,12.774307115666764,137,99.0,0
SN-2565,Guediawaye,nan,550017.0,9.574062216169333,177,76.0,0
SN-2566,Yoff,Électronique,146135.0,-10.607173502752671,35,28.0,1
SN-2567,Yoff,Restauration,1804288.0,18.24633731726908,192,106.0,0
SN-2568,PIKINE,Restauration,1184536.0,-4.530160546000223,63,56.0,0
SN-2569,Parcelles Assainies,Électronique,1070472.0,,198,21.0,0
SN-2570,Medina,nan,742654.0,,78,106.0,0
SN-2571,Marche Sandaga,Alimentation,1569646.0,25.3623670254238,150,66.0,0
SN-2572,Ouakam,Alimentation,1758762.0,-13.540605332829102,54,45.0,0
SN-2573,Pikine,Habillement,1744722.0,1.5362791400919675,176,30.0,0
SN-2574,PIKINE,Électronique,1114494.0,17.064741519416312,170,108.0,0
SN-2575,Yoff,Services,1434135.0,25.081823279340696,83,59.0,0
SN-2576,Pikine,Électronique,1459540.0,11.315911688595024,38,-1.0,0
SN-2577, Pikine ,Électronique,1395092.0,23.673776392151495,126,58.0,0
SN-2578,Marche Sandaga,Habillement,1024796.0,15.243446212464898,47,8.0,0
SN-2579,Marché Sandaga,Habillement,1666430.0,-6.627657969970354,22,21.0,0
SN-2580,Yoff,nan,84994.0,15.967391813377148,171,32.0,0
SN-2581,Marche Sandaga,Restauration,522974.0,2.118053512278382,190,92.0,0
SN-2582,Medina,Alimentation,1152401.0,-22.67981456232802,180,66.0,0
SN-2583,Medina,Électronique,745226.0,-13.231320016859115,166,23.0,0
SN-2584,Guediawaye,Électronique,72133.0,8.537960052124522,20,54.0,1
SN-2585,Guediawaye,Services,311205.0,-16.01228878562309,104,118.0,0
SN-2586,PIKINE,Services,613312.0,,52,87.0,0
SN-2587,Yoff,Services,1042437.0,-15.150004332546915,111,2.0,0
SN-2588,Marché Sandaga,Électronique,1198787.0,-23.01384428410244,30,110.0,0
SN-2589,Medina,Habillement,959014.0,12.246818637846385,40,46.0,0
SN-2590,PIKINE,Alimentation,1031897.0,-12.133229885313659,105,98.0,0
SN-2591,Pikine,Alimentation,560212.0,,147,11.0,0
SN-2592,PIKINE,Habillement,1072420.0,-6.59499648505816,77,54.0,1
SN-2593,Marche Sandaga,Alimentation,1334745.0,23.7575787432441,98,43.0,0
SN-2594,Parcelles Assainies,Électronique,193281.0,16.042008745547854,124,83.0,0
SN-2595,PIKINE,Habillement,252190.0,-5.9112624793493085,14,39.0,1
SN-2596,Medina,Électronique,936288.0,-17.817805027114566,139,72.0,0
SN-2597,Ouakam,Habillement,1765276.0,5.064669610007727,168,82.0,0
SN-2598,Pikine,Habillement,540226.0,-16.18255063303048,20,112.0,0
SN-2599,Ouakam,Services,1099259.0,-0.4315440803355598,149,49.0,0
SN-2600,Marché Sandaga,Électronique,1866068.0,-13.97646503863023,99,17.0,0
SN-2601,PIKINE,nan,890424.0,0.9801495758558154,110,100.0,0
SN-2602,Guediawaye,Services,1594569.0,-6.893066585088301,193,108.0,0
SN-2603,Parcelles Assainies,Services,1502727.0,57.79412665298453,22,111.0,0
SN-2604,Yoff,Services,1545638.0,-7.890817352540305,150,95.0,0
SN-2605,Marche Sandaga,Électronique,1221545.0,-5.088286354966622,44,56.0,0
SN-2606,Parcelles Assainies,nan,99695.0,3.6222259963131083,178,81.0,1
SN-2607,Ouakam,Habillement,163562.0,-2.8349043928159112,110,101.0,0
SN-2608,Marché Sandaga,Alimentation,1326109.0,-10.975667796885931,30,118.0,0
SN-2609,Pikine,Restauration,1312072.0,-30.136787118538994,106,1.0,0
SN-2610,Yoff,Alimentation,555594.0,-1.0574858598730885,157,117.0,0
SN-2611,Medina,Électronique,345746.0,-5.564784727365698,33,28.0,0
SN-2612,Marche Sandaga,Habillement,940234.0,-5.600584920766493,22,35.0,0
SN-2613,Marché Sandaga,Alimentation,897984.0,-14.506417418866615,190,63.0,0
SN-2614,Marche Sandaga,Alimentation,1618344.0,14.256711186087363,12,20.0,0
SN-2615,Parcelles Assainies,nan,797203.0,-23.190794595316405,128,21.0,0
SN-2616,Parcelles Assainies,Électronique,1066441.0,,47,0.0,0
SN-2617,Medina,Restauration,223871.0,,12,98.0,1
SN-2618,Yoff,Services,1405503.0,46.7723083733687,102,64.0,0
SN-2619,Marche Sandaga,Restauration,1743084.0,32.28833590917005,150,113.0,0
SN-2620,Ouakam,Habillement,1160160.0,45.6846239504783,192,38.0,0
SN-2621,Parcelles Assainies,Services,307599.0,-11.669559785080716,89,5.0,0
SN-2622,Yoff,Restauration,787033.0,-2.4824870795626235,7,17.0,0
SN-2623,Ouakam,Restauration,1085773.0,13.444536598808108,69,101.0,0
SN-2624,Marché Sandaga,Restauration,1899327.0,7.57694173830142,134,26.0,0
SN-2625,Parcelles Assainies,Électronique,990412.0,-29.654131690324327,20,62.0,0
SN-2626,Medina,Alimentation,1065777.0,12.792183549910924,0,48.0,1
SN-2627, Pikine ,Alimentation,1813936.0,17.329566681214537,104,81.0,0
SN-2628,Marche Sandaga,Alimentation,929485.0,-11.979310833070404,160,61.0,0
SN-2629,Marche Sandaga,Habillement,776205.0,-14.283779130023003,129,2.0,0
SN-2630,Guediawaye,Restauration,1745207.0,4.352606729554303,167,2.0,0
SN-2631,Guediawaye,Électronique,956991.0,-7.902596894748575,36,118.0,0
SN-2632,Marche Sandaga,Habillement,1098646.0,-5.405490526175632,8,87.0,0
SN-2633,Marché Sandaga,Électronique,380000.0,-10.384910054207644,77,45.0,1
SN-2634, Pikine ,Alimentation,1047407.0,-11.79863655917938,18,114.0,0
SN-2635,Parcelles Assainies,Habillement,1689495.0,-37.80164047295965,15,0.0,0
SN-2636, Pikine ,Électronique,549979.0,-32.527705350331665,45,28.0,0
SN-2637,Guediawaye,Électronique,915780.0,14.617117636323503,31,106.0,0
SN-2638,Parcelles Assainies,Services,494111.0,36.37944865940699,59,104.0,1
SN-2639,Medina,Électronique,87366.0,-1.8201093207730126,21,81.0,0
SN-2640,PIKINE,Électronique,635707.0,-46.145216938551485,42,21.0,1
SN-2641,Medina,Restauration,1708356.0,-7.638392715313593,104,27.0,0
SN-2642,Medina,Restauration,1447999.0,,54,65.0,0
SN-2643,Guediawaye,nan,1460079.0,-20.818472809282845,76,18.0,0
SN-2644, Pikine ,Habillement,1430751.0,5.603815705997627,84,102.0,0
SN-2645,Medina,Restauration,651744.0,30.05775817459838,193,74.0,0
SN-2646,Yoff,Alimentation,843615.0,-9.868619017264006,96,75.0,0
SN-2647,Pikine,Habillement,1024454.0,,110,43.0,0
SN-2648,Ouakam,Habillement,797477.0,-36.510636016363456,4,62.0,0
SN-2649,Pikine,Alimentation,1739564.0,0.546208839755478,84,27.0,0
SN-2650,Guediawaye,Électronique,1748884.0,3.8857668641717034,169,113.0,0
SN-2651,Parcelles Assainies,Services,1861279.0,-27.96951572624767,150,58.0,0
SN-2652,Ouakam,Services,473437.0,-5.307023555471369,163,64.0,0
SN-2653,Guediawaye,Électronique,1200143.0,12.431266148169595,121,35.0,0
SN-2654, Pikine ,Alimentation,745749.0,12.787121143865598,176,91.0,1
SN-2655,Medina,nan,820674.0,9.452199141225268,83,98.0,0
SN-2656,Guediawaye,Alimentation,1710689.0,5.201590844961075,151,6.0,0
SN-2657,Medina,Habillement,1979275.0,-7.83044626652932,197,83.0,0
SN-2658,Guediawaye,Restauration,1832447.0,47.03951246203307,96,75.0,0
SN-2659,Yoff,nan,1099803.0,-14.52793342814363,54,24.0,0
SN-2660, Pikine ,Services,1091057.0,6.897524650955344,85,104.0,0
SN-2661,Guediawaye,Alimentation,404679.0,8.103870071993821,113,43.0,0
SN-2662,PIKINE,Électronique,121312.0,-22.333491379590225,185,89.0,1
SN-2663,Medina,Électronique,1531010.0,-7.660748895775785,120,24.0,0
SN-2664,Guediawaye,Habillement,1469130.0,11.294459847038773,110,52.0,0
SN-2665, Pikine ,Électronique,1103023.0,,44,44.0,0
SN-2666, Pikine ,Alimentation,596997.0,-12.258995863299745,12,92.0,0
SN-2667,Marche Sandaga,Électronique,1217910.0,-22.012868450445147,48,113.0,0
SN-2668,Medina,Alimentation,1597467.0,-7.084189974795262,171,107.0,0
SN-2669,Parcelles Assainies,Restauration,1501088.0,2.6967432593558796,0,1.0,0
SN-2670,PIKINE,Électronique,623195.0,,3,103.0,0
SN-2671,PIKINE,Habillement,111153.0,-37.81916494667709,82,50.0,1
SN-2672,Medina,Services,505609.0,1.749429072344342,178,117.0,0
SN-2673,Yoff,Alimentation,776864.0,10.62738013271087,125,44.0,0
SN-2674, Pikine ,Alimentation,934530.0,-31.458428390678304,88,69.0,1
SN-2675,Parcelles Assainies,Restauration,399629.0,-1.3426966045733595,148,23.0,1
SN-2676,Yoff,Alimentation,278521.0,-22.307489912201362,122,2.0,1
SN-2677,Parcelles Assainies,Électronique,156344.0,13.182743645250913,84,47.0,0
SN-2678,Parcelles Assainies,Services,1906283.0,-15.77960603953061,39,28.0,0
SN-2679,Marche Sandaga,Services,266670.0,,168,119.0,1
SN-2680,Medina,Électronique,1858371.0,24.01356369029603,175,18.0,0
SN-2681,Guediawaye,Services,1505156.0,-7.938807646669358,132,103.0,0
SN-2682,Marché Sandaga,Restauration,360693.0,20.982294233592363,102,111.0,1
SN-2683,Pikine,Habillement,1989948.0,29.99454631972364,56,56.0,0
SN-2684,PIKINE,Électronique,1710125.0,-9.976310680072443,113,111.0,0
SN-2685,Parcelles Assainies,Alimentation,855420.0,2.254971047199527,49,5.0,0
SN-2686,Marche Sandaga,Alimentation,143061.0,3.6163934787433543,185,4.0,0
SN-2687, Pikine ,Alimentation,984454.0,-14.253535609748058,36,89.0,0
SN-2688,Medina,Électronique,53737.0,40.53622362869115,25,114.0,0
SN-2689,Medina,Restauration,1527002.0,,81,113.0,1
SN-2690, Pikine ,Alimentation,724037.0,-18.19572334371214,183,93.0,0
SN-2691,Pikine,Restauration,1428895.0,28.635442346178962,170,65.0,0
SN-2692,Yoff,Électronique,962708.0,-8.604600443308666,8,78.0,0
SN-2693,Ouakam,Habillement,40589.0,-14.33971121422966,157,98.0,1
SN-2694,Pikine,Alimentation,462420.0,-1.8432523930681932,75,109.0,0
SN-2695,Parcelles Assainies,Services,333459.0,7.892892109842356,43,10.0,0
SN-2696,Yoff,Électronique,124119.0,-3.2897614384186706,143,88.0,0
SN-2697,Marche Sandaga,nan,265671.0,,159,77.0,0
SN-2698,Guediawaye,Électronique,6055.0,25.994758456679605,29,44.0,1
SN-2699,Medina,Habillement,1830056.0,1.0112090416342525,35,62.0,0
SN-2700,Medina,Alimentation,1396926.0,-2.342536077049317,22,59.0,0
SN-2701,Marche Sandaga,Restauration,1812886.0,-34.540150810694854,194,81.0,0
SN-2702,Ouakam,Alimentation,140047.0,-18.175299744991822,67,70.0,1
SN-2703,Medina,Restauration,1584576.0,-25.66749283119713,131,110.0,0
SN-2704,Parcelles Assainies,nan,1029790.0,14.753539405879367,19,35.0,0
SN-2705,Guediawaye,Électronique,1077566.0,-21.93397294527196,67,90.0,0
SN-2706,PIKINE,Restauration,643871.0,-48.753692005843654,179,29.0,0
SN-2707,Marché Sandaga,Électronique,1139501.0,10.085990841176963,176,58.0,0
SN-2708,Pikine,Habillement,990735.0,34.63311566695938,141,29.0,1
SN-2709,Marche Sandaga,Services,1558324.0,21.226537842552094,0,0.0,1
SN-2710,Ouakam,nan,634920.0,22.928378824603417,45,52.0,0
SN-2711,Pikine,Restauration,647908.0,9.132708130433414,9,42.0,0
SN-2712,Pikine,Électronique,234961.0,-19.521221080961993,63,25.0,1
SN-2713,Marché Sandaga,Restauration,5181.0,,44,22.0,1
SN-2714,Pikine,Restauration,60079.0,21.370394152198354,123,4.0,1
SN-2715,PIKINE,Électronique,1779750.0,-16.941190276998462,63,102.0,0
SN-2716, Pikine ,Restauration,8988.0,-4.776489096396254,43,18.0,1
SN-2717,PIKINE,Restauration,364742.0,20.47854792758413,0,-5.0,0
SN-2718,Marché Sandaga,nan,1036120.0,-9.500907032082388,197,1.0,0
SN-2719,Parcelles Assainies,Habillement,1587227.0,-26.475820762065556,126,29.0,0
SN-2720,Guediawaye,Alimentation,685191.0,-13.738921844807715,174,6.0,1
SN-2721,Marché Sandaga,Électronique,977883.0,-21.85723561727046,62,6.0,0
SN-2722,Marche Sandaga,Alimentation,84143.0,46.81058675415719,62,76.0,0
SN-2723,PIKINE,Électronique,1232661.0,8.689620491840202,68,74.0,0
SN-2724,Ouakam,Habillement,969225.0,28.825365471200012,8,92.0,0
SN-2725,Guediawaye,Habillement,850447.0,22.54518700967832,92,110.0,0
SN-2726,Ouakam,Services,613824.0,19.500388401099794,47,70.0,0
SN-2727,Pikine,Services,817487.0,2.581627759775805,147,101.0,0
SN-2728,Marche Sandaga,Habillement,105639.0,-21.4319079375491,26,40.0,0
SN-2729,Yoff,Habillement,1912097.0,2.4083906866366487,123,15.0,0
SN-2730,Marche Sandaga,Électronique,1139472.0,-1.2456877178503558,94,62.0,0
SN-2731,Ouakam,nan,1803210.0,28.166252481079056,171,43.0,0
SN-2732,Marché Sandaga,Restauration,676364.0,11.483483090439275,124,35.0,0
SN-2733,Ouakam,Habillement,1054835.0,9.474694316458336,12,27.0,0
SN-2734, Pikine ,Alimentation,364480.0,,59,15.0,1
SN-2735,Marché Sandaga,Restauration,1118440.0,34.722264110192654,13,21.0,0
SN-2736, Pikine ,Électronique,1065779.0,4.260417166465115,111,92.0,0
SN-2737,Medina,Restauration,1761157.0,-33.610423721331564,174,47.0,1
SN-2738,Pikine,Habillement,1867288.0,10.181322725828558,147,109.0,0
SN-2739,PIKINE,Services,732791.0,3.2501204530920615,141,11.0,0
SN-2740,Ouakam,Alimentation,1788686.0,-20.058631068702006,165,22.0,0
SN-2741,PIKINE,Habillement,294059.0,-10.935151603989537,7,47.0,1
SN-2742,Marché Sandaga,Restauration,1216795.0,-8.878895628398208,44,63.0,0
SN-2743,Yoff,Habillement,619790.0,0.724690255521221,94,34.0,0
SN-2744,Guediawaye,Électronique,596178.0,30.48330152900704,66,107.0,0
SN-2745,Medina,Habillement,1462102.0,30.894157994405504,87,73.0,0
SN-2746,Pikine,Habillement,1512315.0,10.989649065218941,57,66.0,0
SN-2747,Ouakam,Restauration,128104.0,-24.91088423811306,42,97.0,1
SN-2748,Medina,Électronique,1147834.0,-8.965515926708985,28,-3.0,0
SN-2749,Parcelles Assainies,Restauration,552531.0,,177,75.0,0
SN-2750,Marché Sandaga,Électronique,1346798.0,-40.53517619344254,74,20.0,1
SN-2751, Pikine ,Alimentation,1435818.0,-3.8146423781969467,61,62.0,0
SN-2752, Pikine ,Services,1023188.0,-20.81335899216104,118,101.0,0
SN-2753,Yoff,Habillement,1697286.0,13.599371461021404,87,1.0,0
SN-2754, Pikine ,Électronique,1061148.0,17.709305103855833,173,115.0,0
SN-2755,Guediawaye,Alimentation,643886.0,20.408529058893002,99,73.0,0
SN-2756,Medina,Restauration,1305689.0,27.448718053830742,124,25.0,0
SN-2757,Yoff,Alimentation,1575053.0,45.26261349600979,169,34.0,0
SN-2758,Ouakam,Habillement,693597.0,-2.7038597055767744,22,61.0,0
SN-2759,Medina,Restauration,1817634.0,-9.108548979806491,125,111.0,0
SN-2760,Medina,Habillement,300333.0,-3.790981181709732,184,16.0,1
SN-2761,Pikine,Habillement,29600.0,3.3932051296544303,88,29.0,0
SN-2762,Medina,Alimentation,602293.0,-18.603565489696386,50,26.0,0
SN-2763,Marché Sandaga,Habillement,1587851.0,0.7930968420183042,183,9.0,0
SN-2764,Marché Sandaga,Alimentation,1404371.0,-14.33717313210515,64,47.0,1
SN-2765,PIKINE,Services,1058845.0,-16.630339220778723,93,42.0,0
SN-2766,Pikine,Alimentation,256312.0,15.416644838166196,3,65.0,0
SN-2767,Yoff,Électronique,1381516.0,17.977045414228538,138,47.0,1
SN-2768,Medina,Services,1877378.0,-7.591820027375075,88,39.0,0
SN-2769,Ouakam,Restauration,201537.0,,110,106.0,0
SN-2770,Marché Sandaga,Restauration,1668082.0,-10.287870217364333,50,79.0,0
SN-2771,Yoff,nan,907186.0,34.04599439748052,34,75.0,0
SN-2772,Pikine,Services,1898113.0,7.433330322738891,37,15.0,0
SN-2773,Marché Sandaga,Alimentation,584902.0,-16.05414448780621,178,44.0,0
SN-2774,Marche Sandaga,nan,603804.0,18.471801860929258,108,19.0,0
SN-2775,Marché Sandaga,Alimentation,1181229.0,17.41906866868383,29,16.0,0
SN-2776,Medina,nan,446845.0,-16.07110770284801,160,103.0,0
SN-2777,Marche Sandaga,Électronique,853589.0,9.170857292256926,124,4.0,0
SN-2778,PIKINE,Restauration,321998.0,1.8305134136887966,77,26.0,1
SN-2779, Pikine ,Restauration,658824.0,27.621475516772772,180,44.0,0
SN-2780, Pikine ,Services,1850432.0,-16.157193588485637,113,66.0,0
SN-2781,Yoff,nan,1049744.0,28.122909794443434,124,46.0,0
SN-2782,Pikine,Restauration,148369.0,12.289280847215176,83,56.0,0
SN-2783,Marche Sandaga,Alimentation,446348.0,-13.995510786748387,136,96.0,0
SN-2784, Pikine ,Services,55327.0,,199,17.0,1
SN-2785,Yoff,Restauration,624419.0,5.347536203944324,26,85.0,1
SN-2786,Yoff,Restauration,1842926.0,-0.5377504879212419,35,86.0,0
SN-2787,Marché Sandaga,Services,768668.0,-3.106435493018141,113,110.0,0
SN-2788,Medina,Alimentation,699606.0,38.10088913511769,162,35.0,1
SN-2789,PIKINE,Électronique,78218.0,4.144003239077623,15,89.0,0
SN-2790,Ouakam,Électronique,673560.0,-2.517817477311742,114,54.0,0
SN-2791,Yoff,Électronique,675242.0,-51.06147198807507,129,110.0,0
SN-2792,PIKINE,Services,663388.0,15.610825108352909,179,64.0,0
SN-2793,Medina,Restauration,1367485.0,30.442020429329535,101,95.0,0
SN-2794,Yoff,Habillement,1475318.0,-5.1500957225824076,185,35.0,0
SN-2795,PIKINE,Alimentation,570395.0,-19.073710184579976,145,110.0,1
SN-2796,Yoff,Habillement,1454217.0,32.10511451203223,118,-5.0,0
SN-2797,Yoff,Services,1827365.0,26.28298490447606,48,27.0,0
SN-2798,PIKINE,Alimentation,1329216.0,10.719148273202793,36,22.0,0
SN-2799,Ouakam,Habillement,1180758.0,-42.48096424944017,161,17.0,1
SN-2800,Marche Sandaga,Restauration,1895828.0,-9.141814076109815,185,80.0,0
SN-2801,Ouakam,Restauration,1022625.0,-26.049734492263156,181,0.0,1
SN-2802,Ouakam,Restauration,1430963.0,13.899105595131688,81,117.0,0
SN-2803,Guediawaye,Habillement,1077666.0,-20.97056402954771,60,88.0,0
SN-2804,Marche Sandaga,Restauration,1358367.0,4.813305932140851,78,52.0,0
SN-2805,Marché Sandaga,Électronique,1761928.0,19.63115007197589,171,78.0,0
SN-2806,Guediawaye,Alimentation,1625858.0,-4.4392028882310255,149,84.0,0
SN-2807,Marche Sandaga,Restauration,426631.0,17.795725003380138,174,61.0,0
SN-2808,Ouakam,Services,1747830.0,-9.86693930973862,182,68.0,0
SN-2809,Yoff,Restauration,1847894.0,,96,68.0,0
SN-2810,Pikine,Habillement,1933263.0,,137,88.0,0
SN-2811,Guediawaye,Restauration,562919.0,35.61751805816839,166,30.0,1
SN-2812,Guediawaye,Alimentation,927509.0,7.593850015294887,162,102.0,0
SN-2813, Pikine ,Alimentation,942205.0,-32.029742417152676,168,79.0,0
SN-2814,PIKINE,Électronique,703696.0,-31.700341786266915,48,84.0,0
SN-2815,PIKINE,Habillement,1108465.0,27.68258445780733,96,19.0,0
SN-2816,PIKINE,Alimentation,1938489.0,10.591872060151747,24,19.0,0
SN-2817,Pikine,Restauration,1772777.0,-3.4388491488432757,61,51.0,0
SN-2818,Parcelles Assainies,Habillement,140263.0,7.438218237058222,99,10.0,1
SN-2819,Ouakam,Alimentation,784237.0,40.76583554689536,42,59.0,0
SN-2820,Medina,nan,421128.0,-12.437025511387425,178,6.0,0
SN-2821,Marche Sandaga,Services,1913884.0,-2.9165833686693805,39,11.0,0
SN-2822,Ouakam,Alimentation,975022.0,-16.17304591026672,23,87.0,0
SN-2823,Yoff,Alimentation,681385.0,29.08098620474938,74,118.0,0
SN-2824,Pikine,Électronique,184996.0,9.415109148810197,193,2.0,0
SN-2825,Ouakam,Restauration,1543097.0,20.820121867690684,52,40.0,0
SN-2826,Pikine,nan,18701.0,3.6698689979801817,174,4.0,1
SN-2827,Yoff,Alimentation,1150740.0,-40.61559809420369,150,100.0,0
SN-2828,Pikine,Services,149953.0,-15.143291520054529,82,110.0,0
SN-2829,Pikine,Alimentation,811680.0,-18.405039346441832,77,27.0,0
SN-2830,Guediawaye,Services,1214342.0,-15.750504693099298,127,83.0,0
SN-2831,Ouakam,Restauration,1189978.0,4.3027219745616065,81,1.0,1
SN-2832,Marche Sandaga,nan,626845.0,-7.18410222664951,198,106.0,0
SN-2833,Ouakam,Services,183792.0,,66,44.0,1
SN-2834,Medina,Alimentation,847841.0,0.9074725583540671,40,36.0,1
SN-2835,Yoff,Habillement,1323346.0,-4.130960622205281,128,36.0,0
SN-2836,PIKINE,Alimentation,1039563.0,29.616559257770362,94,42.0,1
SN-2837, Pikine ,Restauration,520927.0,-14.728008686772329,2,91.0,0
SN-2838,Parcelles Assainies,Électronique,1938913.0,-21.958345433347183,40,60.0,0
SN-2839,Parcelles Assainies,Habillement,37566.0,33.34510503041281,38,60.0,1
SN-2840,Marché Sandaga,Alimentation,264834.0,23.137398965770124,135,8.0,0
SN-2841,Marche Sandaga,Habillement,59794.0,-14.208357227364674,94,83.0,1
SN-2842,PIKINE,nan,1234594.0,-2.2570949929262083,28,14.0,1
SN-2843,Pikine,Restauration,1554716.0,-16.724296256739112,141,108.0,0
SN-2844,Ouakam,Alimentation,1960127.0,-1.7444864780786187,96,38.0,0
SN-2845,Yoff,Électronique,82510.0,-24.691912039587134,67,24.0,1
SN-2846, Pikine ,Alimentation,39758.0,-5.189830635088812,173,68.0,1
SN-2847,PIKINE,Habillement,492276.0,31.128423907206596,24,52.0,0
SN-2848,Ouakam,Habillement,440872.0,-26.097662232965888,93,116.0,0
SN-2849,Parcelles Assainies,Alimentation,833797.0,4.868130758123366,110,44.0,0
SN-2850,Parcelles Assainies,Habillement,548525.0,16.7412404051514,147,29.0,1
SN-2851,Yoff,Restauration,801872.0,-9.82461427385331,43,59.0,0
SN-2852,Pikine,Restauration,1038644.0,18.97400061715987,90,53.0,0
SN-2853,PIKINE,Services,747683.0,-10.476017469566957,160,32.0,0
SN-2854,Ouakam,Restauration,623085.0,23.895055539988853,191,57.0,0
SN-2855,Parcelles Assainies,nan,1627314.0,16.391625598103637,109,83.0,0
SN-2856,Parcelles Assainies,Services,125689.0,-17.985590977237912,117,0.0,1
SN-2857,Yoff,Restauration,1327938.0,22.261697144955658,93,115.0,0
SN-2858,Pikine,Restauration,855729.0,5.170750894963165,181,113.0,0
SN-2859,Parcelles Assainies,Alimentation,385224.0,,105,113.0,0
SN-2860,PIKINE,Électronique,1355042.0,-17.06575871512425,41,85.0,0
SN-2861,Parcelles Assainies,Habillement,1536335.0,1.658082116857646,124,116.0,0
SN-2862,PIKINE,Restauration,791936.0,9.431682328066834,137,78.0,0
SN-2863,Medina,Habillement,1814517.0,-30.588960169962526,133,16.0,0
SN-2864,Parcelles Assainies,Habillement,85243.0,-26.277025249818852,49,-1.0,0
SN-2865,PIKINE,Alimentation,49011.0,-32.18062421541959,165,30.0,1
SN-2866,Yoff,Alimentation,1878428.0,-3.456508633149568,92,94.0,0
SN-2867,Pikine,Services,436980.0,-21.890571381143214,195,33.0,1
SN-2868,Marche Sandaga,Restauration,163456.0,-25.382746200332548,176,117.0,1
SN-2869,Medina,Habillement,1732522.0,10.08756154328196,40,114.0,0
SN-2870,Pikine,Alimentation,1499348.0,18.92030770023268,135,115.0,0
SN-2871, Pikine ,Restauration,1346371.0,-5.897225920576061,38,111.0,0
SN-2872,Marche Sandaga,Services,394309.0,-13.79984844295432,136,57.0,1
SN-2873,Yoff,Restauration,1864627.0,-26.88414096358723,26,63.0,0
SN-2874,Ouakam,Électronique,466394.0,14.663195789093448,140,9.0,0
SN-2875,Medina,Alimentation,1661206.0,1.9942719686045416,163,90.0,0
SN-2876,Ouakam,Restauration,527475.0,-23.025963015535776,108,36.0,0
SN-2877,PIKINE,Restauration,336738.0,-23.703136505944855,54,63.0,1
SN-2878,Guediawaye,Services,623094.0,-21.461251944623562,21,30.0,0
SN-2879,Guediawaye,Alimentation,15496.0,26.347456941078175,66,76.0,0
SN-2880,Ouakam,Électronique,1426174.0,-22.137584736451252,2,72.0,0
SN-2881,Ouakam,Restauration,1503784.0,-23.72413098087888,105,-4.0,0
SN-2882,Medina,Restauration,1420738.0,,40,109.0,0
SN-2883,Medina,Habillement,347930.0,-1.1288430800357643,71,100.0,0
SN-2884,Medina,Services,1105376.0,-33.33515363688082,56,85.0,0
SN-2885,Pikine,Services,967846.0,20.583901927495294,32,102.0,1
SN-2886,Yoff,nan,1210097.0,12.033591520212275,155,116.0,0
SN-2887,Yoff,Électronique,462117.0,-28.602125078566985,164,96.0,0
SN-2888,Ouakam,Électronique,1715295.0,8.95125289074664,135,2.0,0
SN-2889,Marche Sandaga,Habillement,799360.0,-15.850255847914712,179,95.0,0
SN-2890,Marché Sandaga,Électronique,736504.0,11.733327858811176,132,89.0,0
SN-2891,Pikine,Habillement,66964.0,16.846595466036536,192,84.0,1
SN-2892, Pikine ,Restauration,1634659.0,7.6153536414132414,15,64.0,0
SN-2893,Medina,Alimentation,861876.0,-5.05027035756056,134,73.0,0
SN-2894,Yoff,Électronique,997183.0,-4.364506669254641,55,38.0,0
SN-2895,Marché Sandaga,Restauration,111198.0,-9.277204730673471,96,91.0,1
SN-2896,Marche Sandaga,Habillement,602354.0,41.80168991607584,127,40.0,1
SN-2897,Marché Sandaga,Alimentation,1853282.0,13.377964935933752,168,14.0,0
SN-2898,Yoff,Habillement,422148.0,7.992390528995282,11,-3.0,1
SN-2899,Marche Sandaga,Services,122715.0,44.66197327575783,105,113.0,0
SN-2900,Ouakam,Services,195583.0,-3.1457889138194735,23,94.0,1
SN-2901, Pikine ,nan,794065.0,-13.346144060603702,196,88.0,0
SN-2902,Ouakam,Restauration,693564.0,11.665418914247311,168,96.0,0
SN-2903,Pikine,Électronique,1638748.0,-28.534027505182532,167,46.0,0
SN-2904,Parcelles Assainies,Habillement,1358183.0,-10.826715134726772,105,23.0,0
SN-2905,Parcelles Assainies,Restauration,570339.0,,53,12.0,1
SN-2906,Medina,Alimentation,849682.0,,82,73.0,0
SN-2907,Medina,Restauration,476094.0,,140,115.0,0
SN-2908,Parcelles Assainies,Électronique,1952160.0,27.756590608822115,11,105.0,0
SN-2909,Yoff,Alimentation,1172492.0,13.506878400267174,57,61.0,0
SN-2910,PIKINE,Habillement,20062.0,-20.515561322439645,193,-4.0,1
SN-2911,Marché Sandaga,Habillement,1761294.0,-40.16693212165616,162,96.0,0
SN-2912,Ouakam,Habillement,1560775.0,-8.921645684543114,192,59.0,0
SN-2913, Pikine ,Électronique,1299476.0,-32.08553660313835,46,18.0,0
SN-2914,Medina,nan,992748.0,-5.793142544301833,181,59.0,0
SN-2915,Guediawaye,Habillement,211561.0,-13.083257760107932,65,48.0,1
SN-2916,Marche Sandaga,Alimentation,306804.0,,137,91.0,0
SN-2917,Pikine,Restauration,1929931.0,-12.073290001101176,5,101.0,0
SN-2918,Parcelles Assainies,Habillement,291718.0,3.862832454898957,76,80.0,0
SN-2919,Pikine,Alimentation,1294243.0,6.989697665999964,54,61.0,0
SN-2920,Pikine,Alimentation,990348.0,-13.71045700606282,108,34.0,0
SN-2921,Medina,Habillement,382959.0,12.17383025525928,124,98.0,0
SN-2922,Parcelles Assainies,Habillement,981716.0,-1.3905793403316404,11,10.0,0
SN-2923, Pikine ,Alimentation,1572275.0,5.068880557895844,80,105.0,0
SN-2924, Pikine ,Restauration,1064835.0,19.234417465303288,24,-2.0,1
SN-2925,Yoff,Habillement,645293.0,-21.3529139360951,94,110.0,0
SN-2926,Pikine,nan,1123341.0,,147,42.0,0
SN-2927,Medina,Habillement,658116.0,,133,55.0,1
SN-2928,Medina,Restauration,1655647.0,-24.729320019264158,146,110.0,0
SN-2929,Pikine,Services,1173644.0,-2.4979098699573807,186,105.0,0
SN-2930,Marché Sandaga,Restauration,635782.0,30.745318158473253,88,-5.0,0
SN-2931,Ouakam,Alimentation,1441246.0,3.6593686715961287,30,5.0,1
SN-2932, Pikine ,Habillement,675468.0,-3.37537691324266,22,12.0,0
SN-2933, Pikine ,Habillement,1961794.0,-4.332487091874223,7,28.0,0
SN-2934,Guediawaye,Restauration,1984311.0,-1.756952843644418,188,75.0,0
SN-2935,Yoff,Alimentation,1873672.0,4.182836677619414,178,47.0,0
SN-2936,Yoff,Alimentation,960.0,-31.040225333729914,170,60.0,0
SN-2937,Parcelles Assainies,Électronique,496323.0,-1.015169917759162,113,109.0,1
SN-2938,Marche Sandaga,nan,320376.0,-7.867913062579669,185,-1.0,1
SN-2939,Marché Sandaga,Restauration,1913206.0,-8.16991093159542,12,104.0,0
SN-2940,Parcelles Assainies,Restauration,1401705.0,-9.900179916924081,6,103.0,0
SN-2941,Guediawaye,Restauration,112420.0,13.209682449165566,141,100.0,0
SN-2942,Yoff,nan,1393225.0,50.46058509817064,27,54.0,0
SN-2943,Ouakam,Électronique,379368.0,21.035281562125803,169,2.0,0
SN-2944,Ouakam,Électronique,8884.0,-0.9830612370203613,22,2.0,0
SN-2945,Pikine,Habillement,617040.0,12.587512022537013,174,101.0,0
SN-2946,Marché Sandaga,Électronique,919781.0,-13.874071355905752,178,96.0,0
SN-2947,Parcelles Assainies,Services,656561.0,4.7675019853235865,77,95.0,0
SN-2948,Yoff,nan,837271.0,16.035170037867662,62,45.0,1
SN-2949, Pikine ,Alimentation,906392.0,19.254253838808864,54,18.0,0
SN-2950,PIKINE,Électronique,1168717.0,-13.053585992919565,110,105.0,0
SN-2951,Yoff,Restauration,913257.0,-22.4334672970106,57,90.0,0
SN-2952,Medina,Habillement,1210281.0,4.808323738436985,123,95.0,0
SN-2953,Ouakam,nan,1577996.0,-0.9915279159255745,165,11.0,0
SN-2954,Marche Sandaga,Électronique,1447150.0,20.34280991719383,30,44.0,0
SN-2955,Medina,Électronique,1909336.0,4.356275309949287,11,-2.0,0
SN-2956,Yoff,nan,741248.0,1.3510554371463426,138,38.0,1
SN-2957,Ouakam,Restauration,1792233.0,25.728813575603038,20,74.0,0
SN-2958, Pikine ,Habillement,1694236.0,14.84836149118668,118,46.0,0
SN-2959,PIKINE,Services,1748885.0,-33.95602977998821,104,-5.0,0
SN-2960,Parcelles Assainies,Électronique,134926.0,11.412765775995837,43,-2.0,1
SN-2961,Marché Sandaga,Services,382182.0,,145,113.0,1
SN-2962,Ouakam,Alimentation,1015042.0,-23.173112977770657,139,73.0,1
SN-2963,Marche Sandaga,Services,1452209.0,-1.4334746549340525,198,38.0,0
SN-2964,Yoff,Services,1686676.0,,197,94.0,0
SN-2965,Marché Sandaga,Électronique,758332.0,-18.77187021286203,44,14.0,0
SN-2966,Guediawaye,Restauration,533388.0,-31.048879859090235,187,75.0,0
SN-2967,Medina,Alimentation,1601176.0,-6.637626287164096,14,99.0,0
SN-2968,Yoff,Alimentation,1862131.0,7.2817869604149426,189,90.0,0
SN-2969,Parcelles Assainies,Habillement,733331.0,,56,43.0,1
SN-2970,Pikine,Électronique,1319139.0,12.36463974373142,63,45.0,0
SN-2971,Yoff,Alimentation,1784160.0,-0.5691928977585277,137,99.0,0
SN-2972,Parcelles Assainies,Habillement,949341.0,13.562851189200408,37,14.0,1
SN-2973,Marche Sandaga,Électronique,703071.0,-4.8385088970607395,70,32.0,0
SN-2974,Yoff,Services,1684752.0,24.77441917222132,99,74.0,0
SN-2975,Medina,Électronique,1849779.0,20.25725717131011,4,79.0,0
SN-2976,Yoff,nan,1816672.0,13.234432059826865,84,26.0,0
SN-2977,Marche Sandaga,Services,1113466.0,22.708910964857814,185,97.0,0
SN-2978,Marche Sandaga,Alimentation,1652375.0,-17.54689324747323,87,98.0,0
SN-2979, Pikine ,Services,489498.0,1.6826044445114696,109,75.0,1
SN-2980,Marche Sandaga,Habillement,1004443.0,-23.17782877312736,182,85.0,0
SN-2981,Ouakam,Alimentation,1004099.0,5.497897595067757,134,84.0,0
SN-2982,Yoff,Alimentation,1374522.0,3.0528440461163364,193,22.0,0
SN-2983,Marche Sandaga,Habillement,1824021.0,3.058182738889739,135,85.0,0
SN-2984,Medina,Alimentation,808344.0,16.195940031498097,168,29.0,0
SN-2985,Guediawaye,Alimentation,424864.0,-8.986913105703572,68,14.0,1
SN-2986, Pikine ,Habillement,1806287.0,10.236543358817329,4,23.0,0
SN-2987,Yoff,Électronique,846328.0,-4.434410425559144,46,39.0,0
SN-2988,Pikine,Alimentation,856904.0,-9.751451172322936,46,83.0,0
SN-2989,Guediawaye,Électronique,799863.0,,127,15.0,1
SN-2990,Pikine,Habillement,1089364.0,7.346759286052697,155,1.0,0
SN-2991,PIKINE,Habillement,1811299.0,,46,102.0,0
SN-2992,Ouakam,Restauration,978690.0,28.02009115211524,149,99.0,0
SN-2993, Pikine ,Électronique,154738.0,-16.67691050399128,29,79.0,0
SN-2994,Ouakam,nan,22077.0,4.556101202722201,33,115.0,0
SN-2995,Yoff,Alimentation,717145.0,-5.838345807807461,118,92.0,1
SN-2996,Marche Sandaga,Alimentation,1062094.0,-29.670977693957653,123,13.0,0
SN-2997,PIKINE,Restauration,203000.0,18.778500813141484,129,92.0,1
SN-2998,Pikine,Électronique,17932.0,-14.304428943058658,7,22.0,0
SN-2999,Parcelles Assainies,Alimentation,358388.0,11.211497327272346,55,119.0,1
SN-3000,Guediawaye,Alimentation,1453612.0,-41.627043014178646,21,54.0,0
SN-3001,Medina,Alimentation,807361.0,-0.17520285218784595,16,89.0,0
SN-3002,Marché Sandaga,Alimentation,1513521.0,-4.615021095146116,137,113.0,0
SN-3003, Pikine ,Restauration,1519339.0,31.702454459597416,169,89.0,0
SN-3004,PIKINE,Services,74607.0,-10.420303640958664,180,44.0,0
SN-3005,Medina,Habillement,88261.0,20.776057495064858,181,108.0,1
SN-3006,Guediawaye,Alimentation,778309.0,4.139165727717007,92,91.0,1
SN-3007,Medina,Alimentation,658687.0,28.45796055261362,145,47.0,0
SN-3008,Parcelles Assainies,Services,917208.0,-6.963471063565336,26,63.0,0
SN-3009,Medina,Alimentation,1030112.0,3.0347103914050044,112,26.0,1
SN-3010,Yoff,Alimentation,1663672.0,12.030247629100861,29,38.0,0
SN-3011,Marche Sandaga,Électronique,459162.0,-13.60789590179714,195,94.0,0
SN-3012,Guediawaye,Habillement,764348.0,11.797871686831858,10,56.0,0
SN-3013,PIKINE,Alimentation,1106947.0,-18.9545348848214,64,86.0,0
SN-3014,Marche Sandaga,Restauration,1234245.0,-40.81250912816435,17,49.0,0
SN-3015,Medina,Restauration,467330.0,7.014278186222875,142,32.0,1
SN-3016, Pikine ,Alimentation,1509518.0,17.514929332378806,75,-2.0,0
SN-3017,Parcelles Assainies,Électronique,388897.0,-22.161379538562468,59,81.0,1
SN-3018,Pikine,Services,1892329.0,27.747915213310126,64,98.0,0
SN-3019,Parcelles Assainies,Électronique,990178.0,3.074002599661916,79,96.0,0
SN-3020,Medina,Électronique,223685.0,30.262549741448687,116,82.0,1
SN-3021,Ouakam,Habillement,611635.0,20.691176529029836,138,58.0,1
SN-3022,Medina,Alimentation,529113.0,26.18271987889601,62,80.0,0
SN-3023, Pikine ,Électronique,548414.0,12.864062759554791,82,109.0,0
SN-3024, Pikine ,Électronique,360772.0,20.113506179798293,124,72.0,1
SN-3025,Marché Sandaga,Services,1238800.0,-30.159572195309853,139,2.0,1
SN-3026,Marché Sandaga,Restauration,1757935.0,-27.748631424490725,69,63.0,0
SN-3027,Yoff,nan,1692435.0,3.1870658941304093,16,69.0,0
SN-3028,PIKINE,Habillement,1041803.0,21.728931812109536,129,82.0,0
SN-3029, Pikine ,Habillement,655681.0,-26.258034891364794,181,2.0,0
SN-3030, Pikine ,Habillement,1316827.0,18.779373273150373,171,97.0,0
SN-3031, Pikine ,Restauration,130179.0,-5.964296268594539,47,78.0,0
SN-3032,Guediawaye,Électronique,1614501.0,29.039992005844564,12,5.0,0
SN-3033,PIKINE,Services,1475847.0,8.553179620294129,77,94.0,0
SN-3034,Pikine,Habillement,974634.0,-3.077784324435094,129,7.0,0
SN-3035,Marche Sandaga,Habillement,1323932.0,-3.9114392200522037,139,83.0,0
SN-3036,Marché Sandaga,Électronique,840626.0,-14.518832876491299,118,27.0,1
SN-3037,Marché Sandaga,Services,170007.0,17.419644999519008,56,84.0,1
SN-3038,Marche Sandaga,Habillement,1584106.0,,146,84.0,0
SN-3039,Yoff,Électronique,1236800.0,13.095584976672654,100,108.0,0
SN-3040,PIKINE,Alimentation,767342.0,-4.588193976614832,20,21.0,1
SN-3041,Marche Sandaga,Services,955922.0,2.4389456771240345,116,5.0,0
SN-3042,Parcelles Assainies,Alimentation,117589.0,21.38404500443645,89,30.0,1
SN-3043,Marché Sandaga,Électronique,933427.0,29.98813826382264,178,76.0,0
SN-3044,Ouakam,Services,922097.0,31.81200258584465,71,35.0,0
SN-3045,Medina,Habillement,1586068.0,15.674859866818831,121,79.0,0
SN-3046,Ouakam,Alimentation,1566539.0,-2.811604595453796,178,80.0,0
SN-3047,Pikine,Électronique,1309251.0,6.172455521720252,7,84.0,0
SN-3048,Marché Sandaga,Habillement,566800.0,-13.659458294520716,100,89.0,0
SN-3049,Yoff,Restauration,1332715.0,-11.084914056617723,117,73.0,0
SN-3050,Yoff,Restauration,1725122.0,4.801457641151059,132,8.0,0
SN-3051,Yoff,Restauration,1289544.0,-9.386339601573928,29,115.0,0
SN-3052, Pikine ,Électronique,584661.0,36.80977409192292,28,68.0,0
SN-3053,Medina,Électronique,920569.0,12.118131186014033,181,10.0,1
SN-3054,Marché Sandaga,Habillement,1944816.0,9.134969116937523,169,119.0,0
SN-3055,Medina,Habillement,1598348.0,-34.350517806553434,105,79.0,0
SN-3056,Pikine,Habillement,1597279.0,-31.7339710967592,75,64.0,0
SN-3057, Pikine ,Électronique,1309409.0,10.281112113813425,45,29.0,0
SN-3058,Yoff,Services,1739280.0,-3.7459957912737796,88,13.0,0
SN-3059,Guediawaye,Alimentation,1529466.0,40.395021135051806,81,10.0,0
SN-3060,PIKINE,Alimentation,1558705.0,-0.15490234060424773,28,102.0,0
SN-3061, Pikine ,Électronique,318138.0,15.959495529107162,22,99.0,1
SN-3062, Pikine ,Habillement,980546.0,1.4636626076561656,133,86.0,0
SN-3063,Guediawaye,Services,381966.0,1.4402532298345583,130,73.0,0
SN-3064,Yoff,Restauration,1213274.0,3.7026598850404473,73,-4.0,0
SN-3065,Parcelles Assainies,Restauration,432856.0,14.796983804467576,2,66.0,0
SN-3066,Marche Sandaga,Restauration,1634833.0,2.9299890934610944,167,106.0,0
SN-3067,Parcelles Assainies,Électronique,637741.0,4.327966361935699,191,92.0,0
SN-3068,Ouakam,Restauration,340483.0,10.13034150959976,79,31.0,0
SN-3069,Guediawaye,Alimentation,1608264.0,-0.058110902425934884,198,20.0,1
SN-3070,Guediawaye,Électronique,361738.0,-51.48157963516324,2,75.0,0
SN-3071,PIKINE,Alimentation,1012666.0,20.218951595703643,8,113.0,0
SN-3072,Yoff,Électronique,1242373.0,,22,3.0,1
SN-3073,Parcelles Assainies,Habillement,1561637.0,-4.4234138795052305,7,76.0,0
SN-3074,Parcelles Assainies,Restauration,729154.0,,132,61.0,0
SN-3075,Yoff,Électronique,158074.0,7.455163758611762,42,115.0,0
SN-3076,Medina,Restauration,986036.0,,47,45.0,0
SN-3077,Pikine,Électronique,1551200.0,-5.04042547692464,191,58.0,0
SN-3078,Marché Sandaga,Restauration,242428.0,-0.019088589894073398,75,62.0,0
SN-3079,Ouakam,Habillement,624895.0,-13.341851693029874,199,98.0,0
SN-3080,Medina,Alimentation,273688.0,16.961381530005106,116,12.0,1
SN-3081,Pikine,Services,1301825.0,-3.4520707186956927,87,25.0,1
SN-3082,Medina,Électronique,393192.0,18.45159972600189,145,25.0,1
SN-3083,Guediawaye,Restauration,1968982.0,-21.23826200948936,35,96.0,0
SN-3084,Pikine,Alimentation,978455.0,40.141305640943074,88,27.0,1
SN-3085,Yoff,Alimentation,1116634.0,-8.308364014513261,106,98.0,0
SN-3086,Marché Sandaga,Habillement,1662777.0,19.944125223449504,135,23.0,0
SN-3087,Medina,Alimentation,996513.0,8.114466234429758,168,90.0,0
SN-3088,Medina,Habillement,1235700.0,4.558212940648055,59,-3.0,0
SN-3089,Ouakam,nan,205433.0,8.921774140143524,151,72.0,0
SN-3090,PIKINE,Habillement,755052.0,5.267985296144877,37,26.0,0
SN-3091,Pikine,Services,933826.0,-33.42612628952151,129,40.0,0
SN-3092,Yoff,Électronique,146894.0,13.694602281414092,105,84.0,0
SN-3093,Marche Sandaga,Alimentation,444127.0,-3.9960260086022794,119,41.0,0
SN-3094,Ouakam,Habillement,1125496.0,9.23482217881407,160,47.0,0
SN-3095,Yoff,Alimentation,1925379.0,32.02219903109014,103,88.0,0
SN-3096,Marché Sandaga,Restauration,1376850.0,-11.255319247990847,62,117.0,0
SN-3097,Pikine,Restauration,171875.0,-9.107726349085576,39,32.0,1
SN-3098,Yoff,Habillement,392473.0,-8.898841181621135,36,27.0,0
SN-3099,Parcelles Assainies,Habillement,694763.0,30.911933077994686,24,45.0,0
SN-3100,Marché Sandaga,Restauration,1055373.0,-12.014586862404226,83,60.0,0
SN-3101,Marche Sandaga,Habillement,1222594.0,20.286004534552443,137,12.0,0
SN-3102,Marché Sandaga,Restauration,1563177.0,-9.4529381209253,196,20.0,0
SN-3103, Pikine ,Habillement,758365.0,,101,43.0,0
SN-3104,Marche Sandaga,Électronique,622412.0,-1.4076501241846981,136,97.0,0
SN-3105,Parcelles Assainies,Restauration,1487332.0,12.315847108662577,126,65.0,0
SN-3106,Parcelles Assainies,Services,132230.0,-21.133627236042404,113,35.0,0
SN-3107,Guediawaye,Restauration,188767.0,18.744576600388317,161,49.0,0
SN-3108,Medina,Électronique,1406733.0,20.251080445723886,84,94.0,0
SN-3109,Yoff,Restauration,749860.0,-20.819923022920378,51,86.0,0
SN-3110, Pikine ,Électronique,1803397.0,-27.1512722707671,5,11.0,0
SN-3111,Medina,Alimentation,1064065.0,1.8794472545914729,156,10.0,0
SN-3112,Medina,Électronique,1561414.0,-3.3673923309159735,121,51.0,0
SN-3113,Yoff,Habillement,488926.0,30.227335327609566,143,103.0,0
SN-3114,Yoff,Habillement,1567006.0,17.44271497569948,79,45.0,0
SN-3115,Pikine,Restauration,1192186.0,15.268409478668016,65,2.0,0
SN-3116,Yoff,Alimentation,45721.0,-25.63934925762237,45,119.0,0
SN-3117,Guediawaye,Services,628263.0,-16.900816491317915,103,0.0,1
SN-3118,Yoff,Électronique,200180.0,18.05430121365864,111,37.0,1
SN-3119,PIKINE,Alimentation,533345.0,7.669336729271709,131,108.0,0
SN-3120,Guediawaye,Habillement,554645.0,3.2737527399364885,25,80.0,0
SN-3121,PIKINE,Services,567175.0,-13.490862766186947,63,68.0,0
SN-3122,Yoff,Habillement,1014533.0,-2.8768916510252023,43,52.0,0
SN-3123,Marche Sandaga,Habillement,1399998.0,7.221159289533295,167,65.0,0
SN-3124, Pikine ,Services,1246037.0,21.50025915594806,156,58.0,0
SN-3125,Medina,Restauration,434151.0,-12.290079130980683,31,45.0,1
SN-3126,Yoff,Restauration,1691251.0,,162,79.0,0
SN-3127,Guediawaye,Restauration,494085.0,-1.4017005101869349,29,84.0,1
SN-3128,Marché Sandaga,Électronique,1284658.0,-6.904810512640408,163,83.0,0
SN-3129,Guediawaye,Services,1664711.0,,166,59.0,0
SN-3130,Yoff,Électronique,1959765.0,-0.8063435187380454,164,18.0,0
SN-3131,Ouakam,Habillement,918395.0,30.192251196410144,144,11.0,0
SN-3132,Pikine,Restauration,1245493.0,7.795707704213688,176,29.0,0
SN-3133,Marché Sandaga,Restauration,1917693.0,-23.262360188124468,34,35.0,0
SN-3134,Medina,Restauration,1726838.0,8.73050072547551,129,39.0,0
SN-3135,PIKINE,Électronique,152567.0,,152,45.0,0
SN-3136,Ouakam,Habillement,965566.0,-2.944851480030684,167,110.0,0
SN-3137,Yoff,Restauration,794041.0,18.393536286413067,46,50.0,0
SN-3138, Pikine ,nan,777282.0,6.54669780644436,184,118.0,0
SN-3139,Parcelles Assainies,Habillement,1188064.0,14.44571709163603,38,17.0,0
SN-3140,Yoff,Alimentation,427268.0,10.371473784538063,6,96.0,0
SN-3141,Yoff,Électronique,1851597.0,37.923538366894526,133,96.0,0
SN-3142,Yoff,Restauration,1127779.0,53.295587568901894,17,72.0,0
SN-3143, Pikine ,Électronique,1074790.0,-6.333712504215281,21,8.0,1
SN-3144,Marche Sandaga,Alimentation,309070.0,12.666476901994573,118,107.0,0
SN-3145, Pikine ,Services,1810151.0,0.3235840474328622,48,90.0,0
SN-3146,Parcelles Assainies,Restauration,1081285.0,30.13077394131033,171,63.0,0
SN-3147,Marché Sandaga,Alimentation,98710.0,2.2158182764686147,134,92.0,0
SN-3148,Parcelles Assainies,Électronique,595417.0,-6.67904063480253,6,59.0,0
SN-3149,Marché Sandaga,Habillement,177857.0,51.866918629584966,175,59.0,0
SN-3150,Medina,Alimentation,216179.0,15.658074467816242,152,92.0,0
SN-3151,Parcelles Assainies,Services,1014985.0,-20.129241215235037,178,27.0,0
SN-3152,Medina,Alimentation,1254508.0,-23.401640850789853,164,83.0,0
SN-3153,Guediawaye,Électronique,895843.0,14.382848899463825,101,115.0,0
SN-3154,Marché Sandaga,Services,773528.0,-18.615778807216053,115,43.0,0
SN-3155,Marché Sandaga,Habillement,48296.0,,173,49.0,0
SN-3156,Pikine,Alimentation,816831.0,,150,38.0,1
SN-3157,Marché Sandaga,Services,1192308.0,,97,88.0,0
SN-3158,Parcelles Assainies,Alimentation,795483.0,19.3227768278797,2,104.0,0
SN-3159,Guediawaye,nan,1494065.0,12.169022229169418,76,-5.0,0
SN-3160,PIKINE,nan,717681.0,-17.907097783962357,37,10.0,1
SN-3161,Medina,Électronique,1572310.0,14.639462191875936,156,14.0,0
SN-3162,Medina,Restauration,1006891.0,-9.700700473999984,94,49.0,0
SN-3163,Yoff,Électronique,157438.0,16.224527624022794,78,49.0,1
SN-3164, Pikine ,Habillement,408376.0,-29.001691702884372,40,75.0,0
SN-3165,Marche Sandaga,Services,996730.0,-16.288584345085223,72,82.0,0
SN-3166,Marche Sandaga,nan,1634744.0,1.194986442779878,101,98.0,0
SN-3167,Parcelles Assainies,Électronique,951934.0,-34.39709612452393,47,117.0,0
SN-3168,Parcelles Assainies,Électronique,319607.0,5.723071114310278,199,46.0,0
SN-3169,Ouakam,Restauration,637134.0,-9.319292767176744,94,78.0,0
SN-3170,Parcelles Assainies,Électronique,240038.0,14.727680587966141,76,92.0,0
SN-3171,Marché Sandaga,Alimentation,74587.0,-1.1699994167398216,47,68.0,1
SN-3172,Yoff,Restauration,1869977.0,12.135354027534612,20,52.0,0
SN-3173,Ouakam,Alimentation,416184.0,-51.86850317036544,15,98.0,0
SN-3174,Guediawaye,Habillement,955025.0,3.196412510092532,152,46.0,1
SN-3175,Pikine,Services,1847811.0,-4.1074004336435515,39,33.0,0
SN-3176,Yoff,Restauration,1619962.0,20.96814595223018,58,101.0,0
SN-3177,Pikine,Services,1399650.0,-11.488018363532992,63,81.0,0
SN-3178,Marche Sandaga,nan,401154.0,5.728733692263479,5,36.0,0
SN-3179,Guediawaye,Électronique,1929606.0,-17.578408158169083,115,52.0,0
SN-3180,PIKINE,Services,36091.0,6.380614639390837,151,-1.0,1
SN-3181,Ouakam,Électronique,790691.0,42.47597976985732,33,32.0,1
SN-3182, Pikine ,Électronique,1864509.0,18.96437152920001,130,9.0,0
SN-3183,PIKINE,Restauration,1938432.0,8.833597338593409,177,36.0,0
SN-3184,Marche Sandaga,Restauration,561250.0,33.66694399051824,6,65.0,0
SN-3185,Parcelles Assainies,Alimentation,1845802.0,-2.9898917476653497,86,-3.0,1
SN-3186,Medina,Électronique,739700.0,-8.297307574531343,145,103.0,0
SN-3187,Yoff,Restauration,1091869.0,15.291168937892747,181,28.0,1
SN-3188,Marche Sandaga,Électronique,966959.0,15.348677329489995,43,95.0,0
SN-3189,Ouakam,Habillement,459533.0,31.03453882041512,44,75.0,1
SN-3190,Parcelles Assainies,Alimentation,655650.0,-14.201135186272278,160,101.0,0
SN-3191,Parcelles Assainies,Habillement,1663852.0,1.5747008843544406,101,116.0,0
SN-3192,Parcelles Assainies,Restauration,1885006.0,13.767589638224582,107,45.0,0
SN-3193,Marche Sandaga,Alimentation,1108191.0,0.8286785729433278,152,103.0,1
SN-3194,Parcelles Assainies,Habillement,1413605.0,-7.884357644095213,107,56.0,0
SN-3195,Yoff,Restauration,497698.0,22.201025946981048,54,54.0,0
SN-3196,Marché Sandaga,Habillement,1731142.0,-11.772267810620408,100,41.0,0
SN-3197,PIKINE,Services,754211.0,-20.25591020610653,68,43.0,1
SN-3198,Guediawaye,Alimentation,1593473.0,14.129242778653776,181,4.0,0
SN-3199,Pikine,Alimentation,185784.0,0.7230780668124883,51,69.0,0
SN-3200,Marché Sandaga,Services,622792.0,23.22206296130675,34,21.0,1
SN-3201,Marche Sandaga,Services,1131049.0,10.344852661954867,186,55.0,0
SN-3202,PIKINE,Alimentation,87716.0,-17.673460417920268,12,48.0,1
SN-3203,Ouakam,Habillement,1544222.0,29.690220279883576,9,42.0,0
SN-3204, Pikine ,Électronique,268173.0,-24.92579476573638,104,58.0,1
SN-3205,Marche Sandaga,Alimentation,472997.0,2.616514094911963,180,70.0,1
SN-3206,Marché Sandaga,Services,392739.0,8.417558837940184,2,114.0,1
SN-3207,Marché Sandaga,Habillement,1934910.0,34.70076628544582,171,60.0,0
SN-3208,Medina,Habillement,1307363.0,-2.501445257865205,104,103.0,0
SN-3209,PIKINE,Habillement,1179963.0,18.481481106840892,199,15.0,0
SN-3210,Yoff,Électronique,1980027.0,-16.38839577718401,144,112.0,0
SN-3211,Marché Sandaga,Alimentation,876449.0,-2.7819844220468566,119,56.0,0
SN-3212,Parcelles Assainies,Habillement,193310.0,26.308286311984276,76,77.0,0
SN-3213, Pikine ,Alimentation,526828.0,-18.37024489568996,123,111.0,0
SN-3214,Marché Sandaga,Alimentation,1766277.0,-5.949256779323528,22,78.0,0
SN-3215,Medina,Alimentation,183958.0,1.4243413782714807,148,61.0,0
SN-3216, Pikine ,nan,13463.0,-1.3320376117630117,104,108.0,1
SN-3217,PIKINE,Électronique,1299876.0,-24.246715898106906,105,95.0,0
SN-3218,Guediawaye,Services,350889.0,17.46016978204023,175,95.0,0
SN-3219,Yoff,Alimentation,1685896.0,-19.680454196143796,151,111.0,0
SN-3220,Marché Sandaga,Électronique,1311600.0,0.5401353413829723,91,-3.0,0
SN-3221,Ouakam,Électronique,918119.0,11.14873480875726,43,-4.0,1
SN-3222,PIKINE,Électronique,946170.0,14.192045758063303,126,30.0,0
SN-3223,Ouakam,Habillement,408946.0,,149,95.0,0
SN-3224, Pikine ,Habillement,28980.0,11.155996795828681,70,90.0,0
SN-3225,Marché Sandaga,Électronique,909822.0,25.187924187652783,193,77.0,0
SN-3226, Pikine ,Alimentation,1782222.0,-25.655938691291528,194,80.0,0
SN-3227,PIKINE,Alimentation,933680.0,,100,16.0,1
SN-3228,Ouakam,Restauration,1133372.0,22.789392107257797,100,-3.0,0
SN-3229,Marché Sandaga,nan,332310.0,-7.1208899977823625,80,106.0,0
SN-3230,PIKINE,Habillement,1560072.0,,60,94.0,0
SN-3231,Pikine,Électronique,491418.0,3.5577046605036315,77,100.0,0
SN-3232,Guediawaye,Alimentation,417866.0,2.223764587771667,139,109.0,1
SN-3233,Medina,Habillement,432962.0,18.04382720312308,50,27.0,0
SN-3234,Marché Sandaga,Habillement,1684062.0,,184,25.0,0
SN-3235,Parcelles Assainies,Habillement,1739153.0,-28.59614725333786,131,12.0,0
SN-3236,PIKINE,Alimentation,1892401.0,-8.700552498370373,125,113.0,0
SN-3237,Ouakam,Restauration,1563951.0,-10.90685491622182,77,19.0,0
SN-3238,Parcelles Assainies,Restauration,923264.0,-11.695883891748215,122,106.0,1
SN-3239,Marché Sandaga,Habillement,801148.0,20.49006584537061,104,118.0,0
SN-3240,Ouakam,Alimentation,1561438.0,-11.85184316417654,45,87.0,0
SN-3241,Pikine,Restauration,1996043.0,15.134953012026296,48,53.0,0
SN-3242, Pikine ,Restauration,646066.0,-8.453300073566862,94,-5.0,0
SN-3243,Medina,Alimentation,1973512.0,34.32390197467511,196,0.0,0
SN-3244,Medina,Habillement,1852179.0,0.6615699397432302,56,70.0,0
SN-3245,Marche Sandaga,Alimentation,182382.0,14.659155995083122,199,72.0,0
SN-3246,Yoff,Électronique,197394.0,62.96867690902715,140,49.0,1
SN-3247,Guediawaye,Restauration,775046.0,-5.494003145393405,100,-4.0,0
SN-3248, Pikine ,Habillement,577894.0,22.57254547405166,22,64.0,1
SN-3249, Pikine ,Habillement,837380.0,-21.0134845050878,142,62.0,0
SN-3250, Pikine ,Habillement,1826315.0,0.3335792559556966,193,66.0,0
SN-3251,Guediawaye,Services,177834.0,21.548933720786682,74,46.0,0
SN-3252,Marche Sandaga,nan,1886141.0,-1.2821024911718202,40,72.0,0
SN-3253,Marché Sandaga,Habillement,644916.0,20.42785138918103,19,9.0,1
SN-3254,Parcelles Assainies,Habillement,143801.0,8.457532867587378,181,106.0,0
SN-3255,Pikine,Habillement,396426.0,14.645129146853936,148,11.0,0
SN-3256,Guediawaye,Alimentation,1233624.0,4.658912001206884,32,31.0,0
SN-3257,Marché Sandaga,Alimentation,103316.0,-2.6181679626616363,42,39.0,0
SN-3258,Pikine,nan,853369.0,-0.16855317108616158,66,74.0,0
SN-3259,Marche Sandaga,Services,1122542.0,-2.8966982233691803,140,82.0,0
SN-3260,Marché Sandaga,Électronique,1049623.0,-13.516061080453898,118,-5.0,0
SN-3261,Marche Sandaga,Alimentation,934659.0,25.473163511316695,199,7.0,0
SN-3262,Guediawaye,Services,1197282.0,-3.1676908336998193,129,102.0,0
SN-3263,Pikine,Électronique,1474914.0,-11.496623409028361,110,47.0,0
SN-3264,Medina,nan,1222190.0,-5.486596349960808,137,52.0,0
SN-3265,Ouakam,Restauration,1276005.0,-6.207516402037573,0,100.0,0
SN-3266,Pikine,Restauration,82349.0,,92,-3.0,0
SN-3267,PIKINE,Électronique,335665.0,25.183216813700753,98,7.0,0
SN-3268,Ouakam,Services,1695588.0,6.99962643146521,195,-5.0,0
SN-3269,Pikine,Électronique,1027520.0,0.8014667502667984,198,6.0,1
SN-3270,Yoff,Restauration,390495.0,8.767028998496185,12,38.0,0
SN-3271,Pikine,Alimentation,460497.0,-37.495566297026215,9,19.0,0
SN-3272,Pikine,nan,366041.0,1.877757317999168,125,15.0,1
SN-3273,Pikine,Services,1961166.0,3.2839414954072383,117,79.0,0
SN-3274,Pikine,Services,854716.0,-11.598497404207,168,44.0,1
SN-3275,Marché Sandaga,Électronique,1080001.0,,166,52.0,0
SN-3276,Pikine,Alimentation,1285796.0,26.202282519028625,66,32.0,0
SN-3277,Guediawaye,Électronique,37401.0,13.148798758920059,87,32.0,1
SN-3278,Parcelles Assainies,Restauration,537675.0,9.505921680080204,136,2.0,0
SN-3279,Guediawaye,Restauration,887982.0,-3.6752332002319332,3,78.0,0
SN-3280,Pikine,Services,1752504.0,-2.404571218059366,76,68.0,0
SN-3281, Pikine ,Habillement,241092.0,-10.03273090483626,28,44.0,0
SN-3282, Pikine ,Alimentation,1047725.0,,69,59.0,0
SN-3283,Pikine,Habillement,1461479.0,,70,77.0,0
SN-3284,Pikine,Restauration,435770.0,-18.98504097776659,178,94.0,1
SN-3285,Guediawaye,Alimentation,167577.0,11.235227933591476,13,-4.0,1
SN-3286,Marche Sandaga,Électronique,803346.0,24.976588617552288,75,11.0,0
SN-3287,Yoff,Services,218186.0,17.191700221030036,155,34.0,0
SN-3288,Marché Sandaga,Électronique,1742526.0,32.33759186998979,51,6.0,0
SN-3289,Pikine,nan,1574836.0,-12.863996729357376,54,101.0,0
SN-3290,Medina,Habillement,861638.0,9.278988764862774,28,46.0,0
SN-3291,Guediawaye,nan,1952310.0,23.5621098625103,123,47.0,0
SN-3292,Marche Sandaga,Restauration,1194165.0,31.06132337517171,79,62.0,0
SN-3293,Yoff,Électronique,998671.0,-26.573098232969482,112,36.0,1
SN-3294,Medina,Électronique,51288.0,-18.65392779933322,46,55.0,0
SN-3295,PIKINE,Alimentation,1047493.0,3.5299602244943658,164,14.0,0
SN-3296,Marche Sandaga,Restauration,348959.0,-16.379684132586544,199,3.0,1
SN-3297,Marché Sandaga,Habillement,487639.0,-3.13116797179313,134,83.0,0
SN-3298,Parcelles Assainies,Habillement,1950427.0,0.11970186631307937,178,113.0,0
SN-3299,Yoff,Alimentation,1750022.0,1.4603973679923627,20,38.0,0
SN-3300,Parcelles Assainies,Restauration,1048885.0,1.157643926886307,162,8.0,0
SN-3301,Parcelles Assainies,Alimentation,573294.0,-10.143945423891477,11,-4.0,1
SN-3302,Marché Sandaga,Habillement,824687.0,-10.944101842876151,20,89.0,0
SN-3303,Marche Sandaga,Alimentation,1524997.0,,91,25.0,1
SN-3304,Guediawaye,Alimentation,1795276.0,-11.484792194712757,16,109.0,0
SN-3305,Guediawaye,Restauration,630419.0,43.09076775517357,92,55.0,0
SN-3306,Ouakam,Habillement,1074172.0,1.4342880982358372,85,61.0,0
SN-3307,Marché Sandaga,Électronique,1968423.0,3.2515300293797478,59,78.0,0
SN-3308,Marché Sandaga,nan,1075303.0,35.539255041503445,49,86.0,0
SN-3309,Guediawaye,Habillement,1909506.0,9.841508157495518,68,49.0,0
SN-3310,Yoff,Restauration,53986.0,19.052246609575857,197,116.0,0
SN-3311,PIKINE,Services,372957.0,2.3538893164520096,11,114.0,0
SN-3312,Yoff,Alimentation,1065422.0,11.073502373173321,0,89.0,0
SN-3313,Pikine,Électronique,1510032.0,9.326791834628377,89,86.0,0
SN-3314,Medina,Services,1827870.0,8.931613726073937,23,103.0,0
SN-3315,Ouakam,Électronique,202349.0,50.07263763920932,128,114.0,1
SN-3316,Ouakam,Habillement,392762.0,2.5469986551047104,27,13.0,0
SN-3317,Ouakam,Habillement,1607758.0,-13.08778510395504,160,37.0,0
SN-3318,Guediawaye,Électronique,1772885.0,-3.943750959905627,80,54.0,0
SN-3319,PIKINE,Électronique,232757.0,18.689772112387388,114,56.0,1
SN-3320,Medina,Électronique,1774715.0,,188,85.0,0
SN-3321,Ouakam,Électronique,1123012.0,31.609486199839036,103,110.0,0
SN-3322,Yoff,Services,411393.0,-27.674006279396774,121,69.0,0
SN-3323,Parcelles Assainies,Alimentation,1115071.0,2.7927942173699134,113,28.0,0
SN-3324,Parcelles Assainies,Alimentation,833822.0,,152,63.0,1
SN-3325,Medina,Alimentation,1279441.0,-0.9999735208037485,20,22.0,0
SN-3326,Marche Sandaga,nan,1157224.0,-9.41330479011306,111,74.0,0
SN-3327,Yoff,Alimentation,1039435.0,20.3043832010352,77,45.0,0
SN-3328,Marché Sandaga,Services,454361.0,15.084809561102174,49,15.0,1
SN-3329,Marche Sandaga,Restauration,1128283.0,3.5675182500857656,107,106.0,0
SN-3330,Yoff,nan,1415746.0,-3.1381733693254876,134,-1.0,0
SN-3331,Medina,Services,1961424.0,,116,77.0,0
SN-3332,Parcelles Assainies,Habillement,393159.0,-19.193291636365156,70,80.0,0
SN-3333,PIKINE,Habillement,1242158.0,,182,16.0,0
SN-3334, Pikine ,Restauration,1413047.0,-14.865065733530718,100,63.0,0
SN-3335,Parcelles Assainies,Services,165071.0,8.928334380674098,97,58.0,0
SN-3336,Marche Sandaga,Électronique,668353.0,-21.66570296477947,14,95.0,0
SN-3337,Yoff,Restauration,950599.0,-2.448669230205,145,7.0,0
SN-3338,Ouakam,nan,1050549.0,4.430005324283904,178,54.0,0
SN-3339,Yoff,nan,825866.0,10.471642624272391,168,33.0,1
SN-3340,Medina,Alimentation,207628.0,-14.25366408311952,38,16.0,1
SN-3341, Pikine ,Alimentation,1311170.0,2.311250527847752,12,78.0,0
SN-3342,Yoff,Restauration,1603181.0,6.472069944709835,63,111.0,0
SN-3343,Yoff,Habillement,926994.0,30.32774408910622,63,84.0,0
SN-3344, Pikine ,Habillement,226904.0,-8.86549366712477,49,57.0,0
SN-3345,Parcelles Assainies,Alimentation,1038678.0,26.46205487584972,183,57.0,0
SN-3346,Medina,Restauration,1923259.0,-7.140071038010264,13,119.0,0
SN-3347,Guediawaye,Habillement,698827.0,59.93542881042042,168,58.0,0
SN-3348,PIKINE,Habillement,507357.0,-20.963420541710107,174,61.0,0
SN-3349,PIKINE,Alimentation,1712937.0,3.435154573294988,8,74.0,0
SN-3350,Guediawaye,nan,756853.0,-1.521128795606931,76,10.0,1
SN-3351,Marche Sandaga,Services,1762118.0,-8.511752497965238,89,112.0,0
SN-3352,PIKINE,Services,17444.0,13.849038782037388,72,112.0,0
SN-3353,Medina,Restauration,1104627.0,5.838500678188936,121,58.0,0
SN-3354,Guediawaye,Électronique,1424057.0,-16.27496531346785,47,93.0,0
SN-3355,Parcelles Assainies,Alimentation,404242.0,26.753874552858434,32,109.0,0
SN-3356,Yoff,Services,1109972.0,-7.5077651851524365,134,104.0,0
SN-3357,Medina,Électronique,820799.0,9.357244155882768,14,59.0,0
SN-3358,Medina,Services,476011.0,40.116986270577854,68,49.0,0
SN-3359,Parcelles Assainies,Restauration,240838.0,-43.22638733308513,101,117.0,0
SN-3360,Yoff,Électronique,517930.0,36.48157585858161,59,103.0,0
SN-3361,Marché Sandaga,Électronique,861099.0,14.281804500275035,181,53.0,0
SN-3362,Pikine,Habillement,849757.0,-26.669354694200628,140,99.0,0
SN-3363,Parcelles Assainies,Habillement,866296.0,29.86425984253134,4,41.0,1
SN-3364, Pikine ,Habillement,157767.0,-5.670534883965744,177,104.0,0
SN-3365,Marche Sandaga,Électronique,1922330.0,5.022910196827458,118,53.0,0
SN-3366,Guediawaye,Électronique,1177292.0,-18.403787133662075,130,34.0,0
SN-3367,Medina,Alimentation,864254.0,13.056254399788852,145,6.0,1
SN-3368, Pikine ,Habillement,1171836.0,-8.38649751751877,49,40.0,0
SN-3369,Yoff,Électronique,1254381.0,5.139533524421209,190,88.0,0
SN-3370,PIKINE,Alimentation,1495757.0,16.12880706479452,172,107.0,0
SN-3371,Guediawaye,Restauration,1475582.0,-3.6597368439254967,25,52.0,0
SN-3372,Medina,Restauration,275730.0,9.748304936827054,65,1.0,1
SN-3373,Medina,Alimentation,1666460.0,-3.6575858044767218,166,70.0,0
SN-3374,PIKINE,Électronique,1603704.0,-32.87009428669966,181,65.0,0
SN-3375, Pikine ,Alimentation,1394329.0,7.513487621164137,197,1.0,0
SN-3376,Marche Sandaga,Alimentation,1804459.0,7.536771822948602,168,2.0,0
SN-3377, Pikine ,Restauration,140954.0,-31.980397275070803,19,0.0,1
SN-3378,Marche Sandaga,Restauration,664311.0,-23.27993877436739,52,1.0,1
SN-3379,Parcelles Assainies,Restauration,1021936.0,11.033460089553577,132,29.0,0
SN-3380,Medina,Alimentation,1802457.0,2.7907585730464888,152,13.0,0
SN-3381,Yoff,Électronique,610207.0,-21.894051600587304,160,29.0,0
SN-3382, Pikine ,Services,1792285.0,22.656211993600404,20,41.0,0
SN-3383,Pikine,Restauration,792921.0,,52,70.0,0
SN-3384, Pikine ,Électronique,971612.0,,160,43.0,0
SN-3385,Pikine,nan,1069170.0,10.132137246495365,138,44.0,1
SN-3386,Yoff,Habillement,1000222.0,,195,55.0,0
SN-3387,Ouakam,Électronique,1778708.0,-0.08594508862554093,121,51.0,0
SN-3388,Pikine,Services,856670.0,-41.07840219988659,160,97.0,0
SN-3389,Marché Sandaga,Alimentation,1108440.0,3.427336503436702,153,75.0,0
SN-3390,Medina,Habillement,1308383.0,28.75183695016964,3,60.0,0
SN-3391,Marche Sandaga,Alimentation,1472788.0,2.6933754868240496,110,31.0,0
SN-3392,PIKINE,Électronique,286810.0,0.27928349042334494,82,2.0,1
SN-3393,PIKINE,Habillement,152086.0,11.721635035416726,104,105.0,1
SN-3394,Marché Sandaga,Électronique,1589752.0,24.65628216108196,136,113.0,0
SN-3395,Marché Sandaga,Restauration,469912.0,-20.093367267084652,182,-1.0,0
SN-3396, Pikine ,Restauration,644098.0,23.23160882560203,43,74.0,0
SN-3397,Ouakam,Habillement,1740887.0,9.546254747877049,128,64.0,0
SN-3398,Medina,Restauration,1037597.0,-16.94052801659065,62,5.0,1
SN-3399,Guediawaye,Habillement,435312.0,-11.80490247483843,14,66.0,1
SN-3400,Pikine,Restauration,1850952.0,-6.641528583428389,34,54.0,1
SN-3401,Marché Sandaga,Électronique,80428.0,-12.370783870564813,112,97.0,0
SN-3402,Medina,Services,1943204.0,-18.71906768031936,16,19.0,0
SN-3403,Pikine,Restauration,1801835.0,-17.985173823881105,168,28.0,0
SN-3404,Marché Sandaga,Électronique,1805929.0,-7.271725092754657,168,90.0,0
SN-3405,Guediawaye,nan,727193.0,-14.245704619461554,6,15.0,1
SN-3406,Marché Sandaga,Électronique,447875.0,-3.4735740674632365,151,14.0,0
SN-3407, Pikine ,Alimentation,1273632.0,25.446407601338244,8,113.0,1
SN-3408,PIKINE,Services,1850911.0,7.828721149122792,199,60.0,0
SN-3409, Pikine ,Restauration,1501355.0,-3.4901019201701136,161,-2.0,0
SN-3410,PIKINE,Services,567870.0,5.544561850763116,154,91.0,0
SN-3411,Parcelles Assainies,Services,704243.0,-18.054825907249946,123,107.0,0
SN-3412,Marche Sandaga,Électronique,427116.0,-3.50986383096782,160,29.0,1
SN-3413,Medina,Alimentation,1166983.0,14.309960760369801,130,43.0,0
SN-3414,Yoff,Habillement,3959.0,-28.7459860903962,102,69.0,0
SN-3415,Marché Sandaga,Alimentation,1992429.0,-21.662795800213015,146,76.0,0
SN-3416,Pikine,Habillement,1346903.0,-35.7270943004893,153,91.0,0
SN-3417,Guediawaye,Restauration,1127531.0,-5.855208898824463,10,72.0,0
SN-3418,Medina,Électronique,802258.0,4.496767501613076,45,63.0,0
SN-3419,Yoff,Alimentation,1220265.0,-15.118486462088605,58,111.0,0
SN-3420, Pikine ,Services,1150558.0,,150,25.0,0
SN-3421,Marche Sandaga,Services,1803847.0,-9.915714646571315,158,60.0,0
SN-3422,Marché Sandaga,Services,1683622.0,-45.06441206666915,145,64.0,0
SN-3423,Ouakam,Services,709579.0,14.409088609408638,183,-3.0,0
SN-3424,Marché Sandaga,Restauration,1998220.0,27.278858346338872,19,33.0,0
SN-3425, Pikine ,Services,1697099.0,-33.449213189340824,85,70.0,0
SN-3426,PIKINE,Services,1139538.0,9.197376371495501,25,92.0,0
SN-3427,Medina,Électronique,1964013.0,-22.098931262295636,76,74.0,0
SN-3428,Guediawaye,Habillement,123572.0,6.466712644968654,169,-5.0,1
SN-3429,Marché Sandaga,Habillement,1038673.0,-11.118666463978236,139,100.0,0
SN-3430,Marche Sandaga,Services,404706.0,-8.816673546627465,181,57.0,1
SN-3431,Yoff,Restauration,1452015.0,-25.40366463362757,182,6.0,0
SN-3432,Yoff,Électronique,471419.0,-11.47064011289178,150,32.0,0
SN-3433,Marche Sandaga,Électronique,1579340.0,16.778108904685173,194,21.0,0
SN-3434,Parcelles Assainies,Services,56023.0,18.81778180298902,75,33.0,0
SN-3435,Pikine,Habillement,1212817.0,17.41597841318056,82,37.0,0
SN-3436, Pikine ,Électronique,1335778.0,12.052571352131151,26,115.0,0
SN-3437,PIKINE,Habillement,69612.0,-7.098286174164295,57,59.0,0
SN-3438, Pikine ,Alimentation,498393.0,21.705642213490528,64,101.0,1
SN-3439,PIKINE,Alimentation,437411.0,-13.842168779758538,138,56.0,0
SN-3440,Yoff,Habillement,1273172.0,,62,82.0,0
SN-3441,PIKINE,Alimentation,558164.0,11.74699989443424,166,87.0,1
SN-3442,PIKINE,Habillement,1341704.0,14.724982860077994,19,85.0,0
SN-3443, Pikine ,Électronique,1467009.0,9.072878131872617,99,60.0,0
SN-3444,Ouakam,Services,412702.0,10.93645778727347,66,67.0,1
SN-3445,Ouakam,Électronique,165310.0,,188,51.0,1
SN-3446, Pikine ,Restauration,1059807.0,5.897197616141339,74,40.0,0
SN-3447,Marché Sandaga,Électronique,1963594.0,-9.101665463825798,72,76.0,0
SN-3448, Pikine ,Habillement,613124.0,-34.259704313268585,40,2.0,0
SN-3449,Parcelles Assainies,Alimentation,1624661.0,-12.55576832034155,181,100.0,0
SN-3450,Medina,Restauration,555900.0,33.481924852162244,49,104.0,0
SN-3451,Ouakam,Électronique,40323.0,-13.531112234569921,64,21.0,1
SN-3452,Marche Sandaga,Alimentation,1643579.0,0.8171588377664436,155,113.0,0
SN-3453,Medina,Restauration,49368.0,-9.213774298194837,62,101.0,0
SN-3454,Pikine,Électronique,429886.0,33.34093456131372,135,69.0,0
SN-3455,Yoff,Restauration,454854.0,,138,11.0,0
SN-3456,PIKINE,Habillement,1173860.0,21.4927271442262,122,109.0,0
SN-3457,Pikine,Alimentation,1091884.0,9.124185104200995,77,0.0,1
SN-3458,Marché Sandaga,Restauration,1360039.0,-37.425830940820205,98,79.0,0
SN-3459,Parcelles Assainies,Habillement,1065546.0,-18.535756710211658,145,12.0,0
SN-3460,Ouakam,Habillement,612200.0,12.680214424873695,173,117.0,0
SN-3461,Ouakam,Électronique,21364.0,-15.68432943185413,72,119.0,0
SN-3462,Guediawaye,Services,1010156.0,12.359233310254202,112,14.0,0
SN-3463,Pikine,Habillement,237464.0,,124,18.0,1
SN-3464,Yoff,Alimentation,1184070.0,10.03896562851571,142,41.0,0
SN-3465,Parcelles Assainies,Habillement,170471.0,7.969822894268993,196,46.0,1
SN-3466,Medina,Alimentation,1164698.0,17.43367415420386,133,0.0,0
SN-3467, Pikine ,Alimentation,1064192.0,2.9133777654938546,160,103.0,0
SN-3468,Ouakam,Électronique,1699339.0,9.721589568321777,61,7.0,0
SN-3469,Parcelles Assainies,Alimentation,381739.0,-7.378155512381196,93,36.0,1
SN-3470, Pikine ,Électronique,1451361.0,8.964121958467612,11,95.0,0
SN-3471,Ouakam,Habillement,1613334.0,-25.912921232372852,45,103.0,0
SN-3472, Pikine ,Alimentation,347905.0,-12.561989281686605,119,52.0,1
SN-3473,Guediawaye,Alimentation,67420.0,1.2976403491565982,61,18.0,0
SN-3474,PIKINE,Électronique,471069.0,-9.866805499185705,116,114.0,0
SN-3475,Marche Sandaga,Restauration,1449554.0,,111,54.0,0
SN-3476,Pikine,Habillement,840003.0,-1.693307224067853,105,67.0,0
SN-3477,Parcelles Assainies,Alimentation,201075.0,27.105072595671235,50,84.0,1
SN-3478,Yoff,Électronique,667252.0,-14.056677322799818,192,74.0,0
SN-3479,Pikine,Habillement,311032.0,31.688187152989258,95,92.0,0
SN-3480,Marche Sandaga,Habillement,229304.0,-20.661698876149323,119,7.0,1
SN-3481,Guediawaye,Électronique,960465.0,-11.903337451033389,62,111.0,0
SN-3482,Pikine,Alimentation,1468420.0,5.462349407662476,97,59.0,0
SN-3483,Ouakam,Restauration,1908215.0,-9.695819453765246,21,24.0,0
SN-3484,Parcelles Assainies,Services,505595.0,26.416188940226032,72,22.0,1
SN-3485,Parcelles Assainies,Services,759253.0,-24.20372706040091,196,86.0,1
SN-3486,Marche Sandaga,Restauration,1023159.0,-18.319262056192787,101,98.0,1
SN-3487,Parcelles Assainies,Électronique,1324802.0,-27.597848991359495,89,2.0,0
SN-3488,Medina,Électronique,1370236.0,-22.354883520010166,24,71.0,0
SN-3489,Ouakam,Services,1767571.0,18.42036221092058,25,67.0,0
SN-3490, Pikine ,Alimentation,595458.0,-26.58214847663111,101,2.0,0
SN-3491,Yoff,Alimentation,1729554.0,11.22329757641803,21,28.0,0
SN-3492,Marche Sandaga,Électronique,796662.0,-3.9273900666744654,122,32.0,0
SN-3493,Marche Sandaga,nan,1091663.0,-43.276804510489,63,104.0,0
SN-3494,Yoff,Restauration,229944.0,7.908011383239131,185,20.0,0
SN-3495,Pikine,Habillement,101765.0,-31.88484047740257,42,103.0,0
SN-3496,Ouakam,Alimentation,652471.0,-3.400223763511357,131,11.0,1
SN-3497,Guediawaye,Alimentation,440145.0,18.033653989307652,80,30.0,0
SN-3498,PIKINE,Électronique,804159.0,4.809108493419529,173,19.0,0
SN-3499,PIKINE,Habillement,9560.0,33.93256353087998,47,50.0,1
SN-3500,Guediawaye,Habillement,1455171.0,-23.38241642291402,19,25.0,1
SN-3501,Parcelles Assainies,Électronique,1846242.0,-27.57992672692819,122,50.0,0
SN-3502,Parcelles Assainies,Alimentation,1599598.0,-7.784741500181593,199,45.0,0
SN-3503,Yoff,Restauration,698930.0,-9.353117203827635,154,38.0,0
SN-3504,Yoff,Habillement,581292.0,12.247402812874672,184,16.0,0
SN-3505,Parcelles Assainies,Alimentation,195211.0,27.377507343006226,84,18.0,1
SN-3506,Medina,Services,1300728.0,2.524478211887219,146,2.0,0
SN-3507,Yoff,Restauration,1540476.0,,92,26.0,0
SN-3508,PIKINE,Électronique,1790144.0,,159,109.0,0
SN-3509, Pikine ,Alimentation,320492.0,11.482410491245938,178,19.0,0
SN-3510,Marché Sandaga,Restauration,1513534.0,19.13026760695405,79,8.0,0
SN-3511,Guediawaye,Habillement,1028262.0,-66.39852511777514,103,114.0,0
SN-3512,PIKINE,Habillement,1451398.0,9.292926708898875,42,40.0,0
SN-3513,Marche Sandaga,Alimentation,808315.0,-7.241889722003564,81,20.0,0
SN-3514,Ouakam,Habillement,1691381.0,4.4528430968830275,152,33.0,0
SN-3515,Ouakam,nan,1968190.0,21.45073138972879,157,15.0,0
SN-3516, Pikine ,Services,184542.0,-12.835200936794243,52,46.0,1
SN-3517,Guediawaye,nan,106283.0,-23.897400674708518,110,24.0,0
SN-3518,Yoff,Électronique,415908.0,-6.925063689733654,142,28.0,0
SN-3519,Guediawaye,Restauration,528360.0,,194,23.0,0
SN-3520,Yoff,Services,567478.0,10.185143460557706,133,104.0,1
SN-3521,Marché Sandaga,Services,1085726.0,9.232649213528838,70,17.0,0
SN-3522,Marché Sandaga,Électronique,482748.0,22.462897195135834,90,8.0,1
SN-3523,Parcelles Assainies,Habillement,1057964.0,7.937325721271584,28,69.0,0
SN-3524, Pikine ,nan,348846.0,23.830024259625443,118,7.0,0
SN-3525,Yoff,Habillement,933527.0,2.4952085908157473,100,-2.0,0
SN-3526,Medina,Électronique,1555094.0,36.614406881970254,6,60.0,0
SN-3527, Pikine ,Alimentation,1233008.0,25.316541571952005,23,85.0,0
SN-3528,Guediawaye,Restauration,1170677.0,21.263617418292657,124,19.0,0
SN-3529,Marche Sandaga,Habillement,624420.0,-9.920395171399303,6,110.0,1
SN-3530, Pikine ,Alimentation,810261.0,-10.694536277429187,59,7.0,0
SN-3531,Yoff,Alimentation,821694.0,13.06592439113441,28,55.0,0
SN-3532,Marche Sandaga,Électronique,1251128.0,17.58618111648599,84,66.0,0
SN-3533,Marché Sandaga,Restauration,1835032.0,5.749805301386664,169,12.0,0
SN-3534,Ouakam,Électronique,802424.0,16.156188959289274,28,70.0,0
SN-3535, Pikine ,Électronique,1170418.0,-17.85558820938626,94,3.0,1
SN-3536,Yoff,Restauration,616745.0,11.658698035495927,17,75.0,1
SN-3537,Pikine,Services,1645262.0,-33.42905039016757,20,67.0,0
SN-3538, Pikine ,Électronique,397727.0,-14.087533517245054,118,86.0,0
SN-3539,Ouakam,Habillement,1816958.0,29.254272527365103,140,50.0,0
SN-3540, Pikine ,Électronique,73377.0,-6.869368680984788,82,95.0,0
SN-3541,Parcelles Assainies,Restauration,1266007.0,-13.8899825049084,52,88.0,0
SN-3542,PIKINE,Restauration,1030617.0,38.223803445944114,20,7.0,0
SN-3543,Marché Sandaga,Restauration,734879.0,2.8074449666532635,116,106.0,0
SN-3544,Marche Sandaga,Restauration,1763793.0,3.8700932152163476,10,8.0,0
SN-3545,Medina,Électronique,185235.0,11.720682099566798,84,56.0,0
SN-3546,Marché Sandaga,Habillement,36842.0,16.194729043360873,159,84.0,0
SN-3547,Pikine,Alimentation,1516015.0,38.4990957747772,185,97.0,0
SN-3548,PIKINE,nan,51432.0,-18.43542193521434,66,81.0,1
SN-3549,Ouakam,Habillement,1215036.0,-7.098315403185386,150,80.0,0
SN-3550,Ouakam,Électronique,456811.0,-12.337598080338584,40,22.0,1
SN-3551, Pikine ,Alimentation,1821974.0,-3.584526155415433,197,73.0,0
SN-3552,Pikine,Restauration,674709.0,-10.869095258776012,21,112.0,0
SN-3553,Medina,Électronique,1926397.0,14.02373837029242,192,80.0,0
SN-3554,PIKINE,Habillement,1443300.0,10.753736395879901,30,21.0,0
SN-3555,PIKINE,Habillement,1260464.0,-0.13257986164447366,143,62.0,0
SN-3556,Marche Sandaga,Alimentation,782342.0,9.057226167039314,130,8.0,1
SN-3557, Pikine ,Habillement,256123.0,3.389114708668835,163,28.0,0
SN-3558,Marché Sandaga,Services,1959478.0,15.615556809493842,48,93.0,0
SN-3559,Yoff,Restauration,1730916.0,2.2433356453893243,118,86.0,0
SN-3560,Parcelles Assainies,Restauration,1457111.0,,144,93.0,0
SN-3561,Yoff,Services,1283297.0,-6.328522650068691,16,67.0,0
SN-3562,Marché Sandaga,Alimentation,1958080.0,-15.457106693096474,76,95.0,0
SN-3563,Marché Sandaga,Restauration,1993394.0,12.695044178962046,125,105.0,0
SN-3564,Marche Sandaga,Alimentation,1864741.0,-28.783228500927486,54,89.0,0
SN-3565,Pikine,Habillement,1190553.0,-14.364641615219938,108,39.0,1
SN-3566,Parcelles Assainies,Services,1127064.0,-2.3372210801371223,85,11.0,0
SN-3567,Marché Sandaga,Habillement,1912389.0,-1.1949357811141077,108,40.0,0
SN-3568,Parcelles Assainies,Restauration,313359.0,-4.371183664572764,63,74.0,0
SN-3569,Parcelles Assainies,Restauration,190738.0,3.8224442500738136,29,107.0,0
SN-3570,Marche Sandaga,Restauration,992592.0,7.983393067149695,43,36.0,0
SN-3571,Marche Sandaga,Services,157409.0,5.692018399779353,136,10.0,0
SN-3572,Ouakam,Alimentation,1132991.0,-43.04824597298757,58,9.0,0
SN-3573,Guediawaye,Électronique,1133192.0,-10.160737514869835,30,89.0,0
SN-3574,PIKINE,Restauration,1290147.0,-52.94325567928845,94,1.0,0
SN-3575,Parcelles Assainies,Alimentation,354311.0,-17.79794418472993,126,24.0,0
SN-3576,Medina,Alimentation,219702.0,-21.364943298474714,6,9.0,0
SN-3577,Medina,Électronique,882836.0,-13.75684819754558,27,37.0,0
SN-3578, Pikine ,Habillement,1781912.0,6.189989933139577,53,58.0,0
SN-3579,PIKINE,Restauration,1699511.0,11.038650497238422,5,12.0,0
SN-3580,Ouakam,Électronique,442573.0,,9,107.0,0
SN-3581,Guediawaye,Alimentation,1882045.0,-12.30974652028513,50,117.0,0
SN-3582,Pikine,Services,428258.0,-9.839956719409532,165,21.0,0
SN-3583, Pikine ,Alimentation,1981858.0,-32.4002552605168,183,84.0,0
SN-3584,Parcelles Assainies,Habillement,80757.0,-21.595557472170658,191,-1.0,1
SN-3585,Guediawaye,Services,1830356.0,7.13708882319961,102,42.0,0
SN-3586,Parcelles Assainies,Restauration,1063560.0,5.684312867769675,87,60.0,0
SN-3587,Ouakam,Électronique,665051.0,-0.6660088055716509,25,91.0,0
SN-3588,Medina,Habillement,802122.0,17.391417747828957,171,-5.0,0
SN-3589,Guediawaye,Alimentation,868066.0,0.858520370504071,63,80.0,0
SN-3590,PIKINE,Restauration,763674.0,-32.420498767252475,146,6.0,0
SN-3591,Pikine,Alimentation,596834.0,-0.8465729932030129,63,97.0,0
SN-3592,Medina,Habillement,1431509.0,-2.923584096031523,40,20.0,0
SN-3593,PIKINE,Électronique,1164601.0,16.109348918922503,81,8.0,0
SN-3594,PIKINE,Restauration,1772565.0,13.787851114987415,30,52.0,0
SN-3595,Guediawaye,Services,256331.0,11.270257091559301,94,101.0,0
SN-3596,Marche Sandaga,Électronique,93990.0,12.093542241679955,92,88.0,1
SN-3597,Pikine,Alimentation,720906.0,-10.933778459603973,173,89.0,0
SN-3598,PIKINE,Restauration,1230535.0,-32.603463929888655,72,115.0,0
SN-3599,Marche Sandaga,Alimentation,1773775.0,27.117263021002795,127,102.0,0
SN-3600,PIKINE,Alimentation,1330722.0,-13.141810299543275,185,84.0,0
SN-3601,Medina,Restauration,844001.0,26.749966130074384,23,26.0,0
SN-3602,Marché Sandaga,Électronique,37100.0,20.90374018323697,55,7.0,1
SN-3603,Marche Sandaga,Services,1629961.0,-17.3382716670101,47,81.0,0
SN-3604,Medina,Services,768055.0,-18.594031841418502,27,19.0,0
SN-3605,Medina,Services,1835907.0,62.83258619189266,151,77.0,0
SN-3606,Yoff,Restauration,1252436.0,,58,82.0,0
SN-3607,Marché Sandaga,Services,1057427.0,-29.941102833844827,35,85.0,0
SN-3608,Yoff,Électronique,744035.0,3.2273958345358684,62,7.0,0
SN-3609,Marché Sandaga,Électronique,784370.0,13.404583536295949,142,88.0,0
SN-3610,Yoff,nan,545059.0,34.89257461685701,198,59.0,0
SN-3611,Medina,Alimentation,1669616.0,22.440746037927042,26,107.0,0
SN-3612,PIKINE,Alimentation,1525605.0,-12.605109413426419,73,8.0,0
SN-3613,Medina,Habillement,665787.0,-28.946016239436247,59,29.0,1
SN-3614,Medina,Habillement,1884151.0,-10.133285562496175,153,78.0,0
SN-3615,Marche Sandaga,Restauration,116482.0,8.847071023633344,164,36.0,1
SN-3616,Parcelles Assainies,Services,998208.0,7.332730976067489,134,97.0,0
SN-3617,Medina,Services,726453.0,-3.892257843840804,174,39.0,0
SN-3618,Yoff,Habillement,309741.0,32.325463051915534,38,4.0,1
SN-3619,PIKINE,nan,1541142.0,,67,46.0,0
SN-3620,Parcelles Assainies,Services,328620.0,-23.93091199841845,104,99.0,0
SN-3621,Parcelles Assainies,Électronique,777363.0,3.5181649809056164,19,5.0,1
SN-3622,Pikine,Alimentation,126612.0,-22.108386866433577,129,62.0,1
SN-3623,Guediawaye,Habillement,1366371.0,,76,46.0,0
SN-3624,Marché Sandaga,Alimentation,1706513.0,-14.198183984378609,5,14.0,0
SN-3625,Yoff,Services,1300764.0,-15.750187516583914,128,43.0,0
SN-3626,Ouakam,Alimentation,1637969.0,-34.09426632998171,60,9.0,0
SN-3627,Medina,Électronique,96028.0,0.5545033398911907,100,44.0,1
SN-3628,Marché Sandaga,Habillement,252386.0,27.658811229683252,150,8.0,0
SN-3629, Pikine ,Électronique,1235272.0,-26.83975970931883,116,107.0,0
SN-3630,Guediawaye,Services,826003.0,29.03744303838216,44,94.0,0
SN-3631,Medina,Restauration,896458.0,7.044716976932222,131,80.0,0
SN-3632,PIKINE,Alimentation,1229147.0,43.32967458153199,44,29.0,0
SN-3633,Parcelles Assainies,nan,1377183.0,6.245036432889275,85,75.0,0
SN-3634,Pikine,Alimentation,1446132.0,,199,46.0,0
SN-3635,Parcelles Assainies,Alimentation,900579.0,3.4501794253098566,136,10.0,0
SN-3636,Marché Sandaga,Services,365002.0,-15.840629992513012,98,92.0,0
SN-3637,Medina,Services,734652.0,-8.89389812489131,13,49.0,1
SN-3638,Marche Sandaga,Alimentation,1314237.0,-0.592827945271944,187,51.0,0
SN-3639,PIKINE,Restauration,1043938.0,,82,112.0,0
SN-3640,Marché Sandaga,nan,1860943.0,-31.149005605034567,2,1.0,0
SN-3641,Marche Sandaga,Restauration,154928.0,18.1234539651294,22,25.0,1
SN-3642, Pikine ,Services,1047473.0,5.7448856403452195,130,50.0,0
SN-3643,Medina,Services,105415.0,-5.601922123691429,38,71.0,1
SN-3644,Medina,Habillement,591380.0,-4.68483726556957,184,37.0,1
SN-3645,Yoff,Alimentation,1663605.0,1.1753364003725266,111,94.0,0
SN-3646,Guediawaye,Habillement,1491564.0,27.564892999457275,170,4.0,0
SN-3647,Pikine,Électronique,1600268.0,-4.836665166757724,118,14.0,0
SN-3648,Marché Sandaga,nan,1373910.0,-3.718269122114029,95,2.0,0
SN-3649,Marché Sandaga,Restauration,1186289.0,16.88169465915642,8,90.0,0
SN-3650,Marché Sandaga,Électronique,623683.0,-21.050883354711573,178,43.0,0
SN-3651,Medina,Alimentation,389203.0,-6.827374800406987,60,55.0,0
SN-3652,Marche Sandaga,Services,290641.0,26.420144756497596,166,116.0,0
SN-3653,Marché Sandaga,Restauration,1818997.0,15.218057484113537,167,93.0,0
SN-3654,Ouakam,Habillement,878296.0,-0.04544903187686431,5,62.0,0
SN-3655,Marché Sandaga,Restauration,1786265.0,26.646165113500352,149,96.0,0
SN-3656,Yoff,Services,1303444.0,23.68874220030056,183,79.0,0
SN-3657,Ouakam,Électronique,1058829.0,4.621234707013308,195,100.0,0
SN-3658,Guediawaye,Restauration,1431810.0,-2.6677024580167252,180,39.0,0
SN-3659, Pikine ,Services,698521.0,40.751337409687025,154,66.0,0
SN-3660,Parcelles Assainies,Services,652971.0,18.189825771778338,88,109.0,0
SN-3661,Parcelles Assainies,Électronique,1223955.0,-0.5533548219374974,30,78.0,0
SN-3662,Marche Sandaga,Habillement,690007.0,-22.738884763455243,100,103.0,0
SN-3663,Pikine,Alimentation,1788907.0,-14.034585242684079,32,116.0,0
SN-3664,PIKINE,Électronique,1649637.0,,157,10.0,0
SN-3665,Medina,nan,351703.0,-11.556353624124444,162,118.0,0
SN-3666,Marché Sandaga,Alimentation,465078.0,-14.598966432466616,21,26.0,0
SN-3667,Parcelles Assainies,Alimentation,1118443.0,-9.11377492432004,184,-5.0,1
SN-3668,Guediawaye,Électronique,745395.0,-5.699966588808469,2,84.0,1
SN-3669,Medina,Restauration,1099864.0,13.751316360112023,178,119.0,0
SN-3670,Medina,Services,1354062.0,21.852445072425397,30,114.0,0
SN-3671,Pikine,Restauration,1126381.0,-5.970294427498386,83,89.0,0
SN-3672,Marché Sandaga,Électronique,49293.0,0.6259496860159508,117,35.0,1
SN-3673, Pikine ,Services,1216271.0,17.728304140910883,162,45.0,0
SN-3674,Pikine,Restauration,127776.0,0.4070817676889266,84,44.0,0
SN-3675,Guediawaye,Électronique,151293.0,10.566670702234752,5,61.0,0
SN-3676,Yoff,Restauration,1293773.0,28.613208738764925,120,93.0,0
SN-3677,Parcelles Assainies,Restauration,940026.0,50.835216726339816,24,22.0,0
SN-3678,Pikine,Alimentation,1452011.0,47.96370040131693,22,77.0,0
SN-3679,Medina,Alimentation,1540149.0,-7.250249426862181,4,34.0,0
SN-3680,Ouakam,Services,785318.0,13.43972583187961,125,27.0,1
SN-3681,Yoff,Services,1143445.0,-7.657752683216924,33,51.0,0
SN-3682,Ouakam,Électronique,1147771.0,-23.873223056494794,9,10.0,0
SN-3683,Ouakam,Électronique,1113073.0,14.46468750853986,190,73.0,1
SN-3684,Marche Sandaga,nan,873946.0,,40,99.0,0
SN-3685,Medina,nan,703403.0,9.902172359929521,80,92.0,0
SN-3686,Medina,Restauration,1507214.0,3.838365538256034,90,66.0,0
SN-3687, Pikine ,Services,1845393.0,9.139599586872507,171,15.0,0
SN-3688,Ouakam,Alimentation,814384.0,19.826502316774675,56,105.0,0
SN-3689,Marché Sandaga,Restauration,1923644.0,15.233776729194284,122,84.0,0
SN-3690, Pikine ,Alimentation,141677.0,-6.907531605262102,178,28.0,0
SN-3691,Ouakam,Habillement,1617727.0,-20.141813892065535,198,24.0,0
SN-3692,Ouakam,Restauration,326875.0,10.831012876185454,55,117.0,0
SN-3693,Pikine,Restauration,1363595.0,18.850932498882326,85,104.0,0
SN-3694,Guediawaye,Habillement,143565.0,-23.16007921927514,106,64.0,0
SN-3695,Pikine,Habillement,336244.0,35.16198396887504,124,96.0,0
SN-3696,Parcelles Assainies,Alimentation,1170551.0,-33.62178943312256,183,-4.0,0
SN-3697,Yoff,Habillement,1021381.0,-14.376803906835862,114,27.0,0
SN-3698,PIKINE,Services,1137542.0,6.840071255488392,185,50.0,0
SN-3699,Guediawaye,Électronique,1478363.0,-0.5210146914627832,195,42.0,1
SN-3700,Yoff,Restauration,1738749.0,2.132759622010882,6,87.0,0
SN-3701,Marché Sandaga,Habillement,1087813.0,-14.842029464136948,72,16.0,1
SN-3702,PIKINE,Restauration,188131.0,,188,21.0,0
SN-3703,Pikine,Restauration,572663.0,12.526494274540969,159,68.0,0
SN-3704,PIKINE,Électronique,1619344.0,-17.784130584106585,8,49.0,0
SN-3705,Parcelles Assainies,Services,605130.0,22.673326009846086,99,97.0,0
SN-3706,Marche Sandaga,Restauration,1798632.0,-5.04754870018372,12,2.0,0
SN-3707,Parcelles Assainies,Habillement,1792256.0,-4.593649441324373,142,37.0,1
SN-3708,Ouakam,Alimentation,1941761.0,-20.878754318188236,72,64.0,0
SN-3709, Pikine ,Services,584584.0,-1.602179113923903,25,108.0,0
SN-3710,Marche Sandaga,Alimentation,769334.0,1.2010151190701797,116,85.0,0
SN-3711,Marche Sandaga,Services,1045137.0,-3.9824296697364403,1,61.0,0
SN-3712,Medina,Habillement,1865646.0,19.592889978254384,45,88.0,0
SN-3713,Yoff,Habillement,72139.0,-0.6007486804308493,160,96.0,0
SN-3714,Yoff,Habillement,725921.0,35.63250029054465,86,95.0,0
SN-3715,Ouakam,Habillement,1098386.0,21.499611790876582,34,4.0,1
SN-3716, Pikine ,Habillement,1971247.0,12.435467157779478,68,20.0,0
SN-3717,PIKINE,Services,552807.0,33.597368451707915,128,39.0,1
SN-3718,Guediawaye,Alimentation,1983218.0,-14.504230318200914,51,32.0,0
SN-3719,Guediawaye,Services,1299495.0,,71,40.0,0
SN-3720,Parcelles Assainies,Alimentation,1306762.0,9.034203633685928,73,36.0,1
SN-3721,Parcelles Assainies,Habillement,105829.0,-12.359296881225244,114,115.0,0
SN-3722,Parcelles Assainies,Restauration,845465.0,15.213625974217917,38,26.0,0
SN-3723,Marché Sandaga,Alimentation,1594072.0,27.609774737376878,138,107.0,0
SN-3724,Medina,Électronique,1930185.0,-34.60801516828059,141,52.0,0
SN-3725,Guediawaye,Restauration,1599067.0,-8.9210111243334,22,104.0,0
SN-3726,Marché Sandaga,Alimentation,192558.0,-17.45619925586415,0,19.0,0
SN-3727,Pikine,Restauration,116534.0,16.075347094241142,101,77.0,1
SN-3728,Yoff,Électronique,1965701.0,-25.874933974644442,2,82.0,0
SN-3729,Pikine,Électronique,769174.0,25.150313797048014,185,88.0,0
SN-3730,Yoff,nan,1760540.0,11.039937082106414,7,85.0,0
SN-3731,Parcelles Assainies,Alimentation,1039106.0,8.355935218550792,6,14.0,0
SN-3732,Marché Sandaga,Électronique,879980.0,39.27801280102252,89,36.0,0
SN-3733,Parcelles Assainies,Électronique,370860.0,11.972110736086732,164,65.0,0
SN-3734,Ouakam,Électronique,374091.0,-4.0521807304646575,6,80.0,0
SN-3735,Yoff,Services,650133.0,37.307185602590486,65,32.0,1
SN-3736,Marché Sandaga,Habillement,296270.0,32.37719488460919,89,57.0,1
SN-3737, Pikine ,nan,425362.0,-44.467216873047775,33,103.0,0
SN-3738,Guediawaye,Électronique,1204725.0,-9.424752643331992,50,61.0,1
SN-3739,Ouakam,Services,217583.0,11.788006520351042,77,9.0,0
SN-3740,Pikine,Alimentation,1178579.0,-20.434011269561886,126,14.0,0
SN-3741,Medina,Habillement,1843026.0,12.47958201427992,42,3.0,0
SN-3742,Guediawaye,Habillement,1384201.0,-1.9845607461723938,145,36.0,0
SN-3743,Medina,Habillement,402024.0,25.262682332839134,129,72.0,1
SN-3744,Pikine,Électronique,732034.0,8.119957005561083,67,40.0,0
SN-3745,Ouakam,Habillement,1595180.0,,130,116.0,0
SN-3746,Parcelles Assainies,Alimentation,1240143.0,-3.642508027394192,18,34.0,0
SN-3747,Marché Sandaga,Électronique,964604.0,-8.856698711022332,82,71.0,0
SN-3748,Parcelles Assainies,Électronique,999000.0,2.8087080103081075,197,48.0,0
SN-3749,Marche Sandaga,Électronique,879690.0,-1.4117931261668237,19,7.0,1
SN-3750,Parcelles Assainies,nan,523239.0,6.327741184673363,5,85.0,0
SN-3751,Guediawaye,Habillement,1137666.0,-27.86232293639493,172,69.0,0
SN-3752,Medina,Habillement,823017.0,-12.889389519731164,142,29.0,0
SN-3753,Marché Sandaga,Électronique,643586.0,-7.208102524493953,74,102.0,0
SN-3754,Pikine,Alimentation,1679055.0,13.313412503874462,183,44.0,0
SN-3755,Pikine,Restauration,526951.0,-20.94122765945364,72,59.0,1
SN-3756,Guediawaye,Habillement,978045.0,8.5056808386801,2,29.0,0
SN-3757,Yoff,Alimentation,1343043.0,3.818687788548094,31,70.0,0
SN-3758,Marche Sandaga,Alimentation,1991658.0,-7.358779537854899,0,25.0,0
SN-3759,Marche Sandaga,Restauration,388051.0,9.58917505918481,119,31.0,1
SN-3760,Pikine,Électronique,398609.0,,107,7.0,0
SN-3761,Medina,Restauration,1455886.0,-20.47439589748615,175,-4.0,1
SN-3762,Medina,Électronique,1028101.0,19.439272339611605,148,34.0,0
SN-3763,Ouakam,Alimentation,1819367.0,,88,9.0,0
SN-3764,Ouakam,Alimentation,993537.0,-1.44069877672806,0,102.0,0
SN-3765,Marché Sandaga,Habillement,583221.0,-14.17470190215711,22,51.0,0
SN-3766,PIKINE,Électronique,457005.0,-6.589792990657777,113,58.0,0
SN-3767, Pikine ,Électronique,679629.0,20.397652422123514,147,-2.0,0
SN-3768,Marché Sandaga,Électronique,1428637.0,-5.867646856913914,74,31.0,0
SN-3769,Pikine,Restauration,1090437.0,-2.2744267254005295,3,9.0,0
SN-3770,Medina,Électronique,1908421.0,26.586182998940462,196,65.0,0
SN-3771,Parcelles Assainies,Restauration,1182422.0,22.377375281949206,93,97.0,0
SN-3772,Guediawaye,Restauration,611139.0,-23.42572874567538,175,75.0,0
SN-3773,Marché Sandaga,Habillement,973861.0,-17.6338650415398,104,43.0,0
SN-3774,Guediawaye,Habillement,925549.0,-9.76438555050687,9,3.0,0
SN-3775,Marché Sandaga,Alimentation,71064.0,8.321907497791015,190,3.0,0
SN-3776,Marche Sandaga,Habillement,1199308.0,,100,90.0,0
SN-3777,Ouakam,Habillement,588256.0,21.596564699135335,125,32.0,0
SN-3778,Ouakam,nan,1529425.0,2.423678728076367,116,105.0,0
SN-3779,Marché Sandaga,Habillement,368797.0,12.473791704495177,83,60.0,1
SN-3780,Medina,Alimentation,991125.0,-14.501022195238018,17,13.0,0
SN-3781,Parcelles Assainies,nan,1276086.0,-9.017946935764709,174,54.0,0
SN-3782,Guediawaye,Habillement,752027.0,25.216139718467936,96,19.0,1
SN-3783,Guediawaye,Électronique,706076.0,-20.417130042553072,78,-4.0,1
SN-3784,PIKINE,Restauration,1578299.0,-28.48269447476661,24,12.0,0
SN-3785,Parcelles Assainies,Électronique,1007933.0,57.86000786199676,109,21.0,0
SN-3786,Marche Sandaga,Restauration,1619335.0,16.135468140348856,124,105.0,0
SN-3787,Marché Sandaga,Habillement,771354.0,-13.777698682422837,121,52.0,1
SN-3788,Yoff,Services,1999863.0,29.23199332554489,154,84.0,0
SN-3789,Guediawaye,Restauration,1086908.0,19.131634979095914,153,9.0,0
SN-3790,Marche Sandaga,Restauration,804654.0,-6.512020723480079,184,34.0,0
SN-3791,Medina,Électronique,1560203.0,18.807364533239276,162,59.0,0
SN-3792,Parcelles Assainies,Habillement,1608802.0,8.723773332762283,129,40.0,0
SN-3793,Pikine,Habillement,1086699.0,,193,38.0,0
SN-3794,Pikine,Électronique,78889.0,-17.619176991071093,21,16.0,1
SN-3795,Marche Sandaga,Alimentation,776604.0,-3.0643091778959235,160,70.0,0
SN-3796,Ouakam,Alimentation,1456537.0,-15.36936296723991,135,113.0,0
SN-3797,Guediawaye,Habillement,61248.0,-11.668159687663595,22,92.0,0
SN-3798,Guediawaye,Alimentation,523389.0,31.787947982017624,49,36.0,1
SN-3799,Parcelles Assainies,Électronique,670129.0,-42.31025842252371,90,44.0,0
SN-3800,Marché Sandaga,Restauration,531849.0,-23.75062209717128,135,33.0,0
SN-3801,Guediawaye,Électronique,1130667.0,-11.553232212959205,151,109.0,0
SN-3802,Ouakam,Alimentation,1317123.0,22.75195688932056,78,76.0,0
SN-3803,Medina,Électronique,1447802.0,36.09017247150862,177,25.0,0
SN-3804,Pikine,Électronique,1538863.0,-4.528846136445657,140,36.0,0
SN-3805,Pikine,Services,1860243.0,-22.413297852132917,33,50.0,0
SN-3806,Ouakam,Électronique,1056595.0,-11.405148659193834,148,2.0,1
SN-3807,Guediawaye,Alimentation,57942.0,30.59247650843399,33,101.0,1
SN-3808,Marché Sandaga,Habillement,1345988.0,-10.590970000942004,67,15.0,0
SN-3809,Ouakam,Électronique,1832444.0,-1.258847570976601,174,22.0,0
SN-3810,Parcelles Assainies,Alimentation,1247707.0,-18.772449810496894,36,90.0,0
SN-3811,Guediawaye,Services,735637.0,6.683929540553589,90,-4.0,0
SN-3812,Pikine,Électronique,288558.0,-9.350490922415709,107,43.0,0
SN-3813,Ouakam,Habillement,119129.0,11.836494271272667,127,31.0,1
SN-3814,Parcelles Assainies,Services,1470426.0,-12.989276677141792,178,44.0,0
SN-3815,PIKINE,Restauration,1686247.0,-27.061550709713668,156,49.0,0
SN-3816,Pikine,Habillement,380085.0,42.60118624403933,24,75.0,0
SN-3817,Yoff,Services,86535.0,-5.8380220935788785,177,63.0,0
SN-3818,Medina,Habillement,1275508.0,-47.775545374409525,128,1.0,0
SN-3819,PIKINE,Électronique,10683.0,-46.37186714071048,85,37.0,0
SN-3820,Marche Sandaga,Habillement,265874.0,,32,118.0,0
SN-3821,Pikine,Services,1458407.0,37.71796240237688,74,27.0,0
SN-3822, Pikine ,Électronique,414579.0,18.321115858088767,27,18.0,0
SN-3823,Yoff,Électronique,10440.0,-5.362386467313684,100,54.0,1
SN-3824,Marché Sandaga,Restauration,411954.0,-8.81717730001036,100,59.0,1
SN-3825,Ouakam,Alimentation,1334914.0,-6.026770805831694,112,30.0,0
SN-3826,PIKINE,Habillement,1120091.0,-8.898680124189664,91,51.0,0
SN-3827,Marché Sandaga,Services,459709.0,14.368671496441927,83,87.0,0
SN-3828,Medina,Habillement,1374517.0,11.215990602315536,158,59.0,0
SN-3829,Marché Sandaga,Habillement,1119301.0,14.165329820120398,183,106.0,0
SN-3830,Parcelles Assainies,Services,812054.0,-6.187641246623812,98,119.0,1
SN-3831,Medina,Habillement,1410409.0,5.317499173681175,126,33.0,0
SN-3832,Ouakam,Habillement,660248.0,-8.128436448945092,140,66.0,0
SN-3833,Guediawaye,Restauration,1349918.0,13.009978560033503,189,4.0,0
SN-3834,Yoff,Services,65067.0,-27.863137445697536,55,92.0,0
SN-3835,PIKINE,Alimentation,664241.0,2.6034115296255393,74,46.0,0
SN-3836,PIKINE,Électronique,1994438.0,17.26229128700996,173,11.0,0
SN-3837,Pikine,Alimentation,969221.0,2.176032816396036,138,22.0,1
SN-3838,Pikine,Électronique,1789271.0,18.520115134770634,76,44.0,0
SN-3839,Yoff,Habillement,697611.0,-6.59699100314156,26,72.0,0
SN-3840,Marche Sandaga,Services,504617.0,-21.211642888387495,62,58.0,0
SN-3841,Medina,Alimentation,775482.0,57.570012162295185,96,16.0,0
SN-3842,Medina,Alimentation,1246264.0,24.715587011837542,159,17.0,0
SN-3843,Yoff,Alimentation,1543572.0,-26.837143814944596,127,72.0,0
SN-3844,Pikine,Alimentation,345948.0,37.962445290850006,49,19.0,0
SN-3845,Guediawaye,Alimentation,751606.0,15.3098244850961,78,33.0,0
SN-3846,Pikine,Alimentation,1296761.0,-6.945049455204764,182,14.0,0
SN-3847,Marché Sandaga,Services,1872892.0,-18.898857678128227,77,50.0,0
SN-3848,Marche Sandaga,Services,1835035.0,39.53035024883201,22,56.0,0
SN-3849,Marche Sandaga,Services,1185441.0,-4.215977819481807,10,100.0,1
SN-3850,PIKINE,Électronique,605190.0,-29.149442792897084,124,47.0,0
SN-3851,Guediawaye,Alimentation,375081.0,,177,73.0,1
SN-3852,Guediawaye,nan,603783.0,3.855516970011083,55,-1.0,1
SN-3853,Guediawaye,Alimentation,2229.0,5.6262222920029235,58,47.0,1
SN-3854, Pikine ,Habillement,1267083.0,-20.58116679601752,76,94.0,0
SN-3855,Medina,nan,340524.0,-6.070239524466256,93,6.0,0
SN-3856,Marché Sandaga,Habillement,1850693.0,17.02999920669518,88,43.0,0
SN-3857,Ouakam,Alimentation,1159778.0,16.135309069356197,108,69.0,0
SN-3858,Guediawaye,Habillement,1887956.0,31.1662871427124,129,83.0,0
SN-3859,Yoff,Restauration,246669.0,-3.473226592294612,73,76.0,0
SN-3860,Ouakam,Services,1812114.0,2.738247612766868,42,12.0,0
SN-3861,Pikine,Habillement,673858.0,-23.695826365293712,104,1.0,0
SN-3862, Pikine ,Restauration,368148.0,-19.965310725105137,44,86.0,1
SN-3863,Ouakam,Restauration,1415747.0,,128,49.0,1
SN-3864,Ouakam,Habillement,1489375.0,-4.344078509345871,149,57.0,0
SN-3865,PIKINE,Habillement,1729382.0,-22.133216227043317,124,14.0,0
SN-3866,Yoff,Restauration,1821008.0,27.1519959664751,67,40.0,0
SN-3867,PIKINE,Restauration,1016298.0,29.97076314523623,119,77.0,0
SN-3868, Pikine ,Alimentation,445251.0,-24.89367929076281,171,114.0,0
SN-3869,Parcelles Assainies,Alimentation,1365577.0,3.116487567313812,93,19.0,0
SN-3870,Marche Sandaga,Alimentation,1980205.0,-17.88089202856687,199,36.0,0
SN-3871,Medina,Restauration,1068890.0,,116,10.0,1
SN-3872,Guediawaye,Services,472156.0,15.092175576470382,126,15.0,0
SN-3873, Pikine ,Services,451658.0,-4.508164723763127,104,79.0,0
SN-3874,Marché Sandaga,Électronique,543832.0,-31.654499686387176,89,69.0,1
SN-3875,Yoff,Électronique,61438.0,-40.463233088321346,16,51.0,0
SN-3876,Marche Sandaga,Restauration,8488.0,19.854066712280996,113,66.0,0
SN-3877, Pikine ,Électronique,1048879.0,15.66291080293086,20,49.0,0
SN-3878,Parcelles Assainies,Habillement,1716703.0,-4.370861731655271,28,85.0,0
SN-3879,Guediawaye,nan,235117.0,12.899868032699345,107,65.0,0
SN-3880,Yoff,Électronique,1412527.0,15.788946740555833,127,55.0,0
SN-3881,Marche Sandaga,Alimentation,1658446.0,-14.026113366001443,27,61.0,0
SN-3882,Pikine,Services,439801.0,-6.8127082861585,111,112.0,0
SN-3883,Pikine,Alimentation,1264271.0,6.673530334158545,167,72.0,0
SN-3884,Guediawaye,Alimentation,1020945.0,34.983834655974235,42,8.0,1
SN-3885,PIKINE,Alimentation,1139249.0,19.552422667840965,152,18.0,0
SN-3886,Marché Sandaga,Services,1312598.0,0.007755015317750381,173,36.0,1
SN-3887, Pikine ,nan,1387325.0,-42.34190472769121,8,6.0,0
SN-3888,Parcelles Assainies,Habillement,32337.0,-45.723884876195896,48,38.0,0
SN-3889,Marché Sandaga,Alimentation,1758081.0,-27.950036310445316,61,59.0,0
SN-3890,Medina,Restauration,1321597.0,,103,40.0,0
SN-3891,Medina,Alimentation,1780510.0,56.19117434267266,199,100.0,0
SN-3892,Marche Sandaga,nan,1513606.0,32.75699915270732,149,55.0,0
SN-3893,Medina,Restauration,1360919.0,-26.44140699738346,38,15.0,0
SN-3894,Marche Sandaga,Électronique,390951.0,22.3639088804746,133,0.0,0
SN-3895, Pikine ,Services,1061072.0,-21.256070295062784,154,23.0,1
SN-3896,Yoff,Alimentation,1702491.0,7.1782195576628,125,93.0,0
SN-3897, Pikine ,Habillement,567821.0,-16.630695864485514,129,23.0,0
SN-3898,Parcelles Assainies,Alimentation,1661822.0,3.9300413595667316,39,55.0,0
SN-3899,Marche Sandaga,Restauration,1152469.0,15.172392865798109,125,58.0,0
SN-3900,Marché Sandaga,Restauration,1038728.0,-29.671552674271027,102,51.0,1
SN-3901,Guediawaye,Alimentation,1211733.0,-0.3021056237450027,130,15.0,0
SN-3902,Ouakam,Restauration,1954178.0,7.467987443803433,41,4.0,0
SN-3903, Pikine ,Électronique,354999.0,14.678986466958468,195,5.0,1
SN-3904,Guediawaye,Restauration,595000.0,13.184983975718794,80,86.0,0
SN-3905,Pikine,Restauration,828937.0,,28,24.0,1
SN-3906,Marché Sandaga,Restauration,1826344.0,-19.481713289742654,3,70.0,0
SN-3907, Pikine ,Électronique,1523198.0,-1.7894308969460067,150,10.0,1
SN-3908,Marche Sandaga,Restauration,743062.0,7.09011907656985,46,119.0,0
SN-3909,Marche Sandaga,Alimentation,1702600.0,15.816450228316643,1,94.0,0
SN-3910,Marche Sandaga,Habillement,625850.0,-15.856098244187107,122,83.0,0
SN-3911,Parcelles Assainies,Alimentation,1899028.0,11.413615989114973,102,7.0,0
SN-3912,Pikine,Restauration,176219.0,16.764597896176298,99,86.0,0
SN-3913,Guediawaye,Services,1549147.0,17.127153164948005,69,85.0,0
SN-3914,Medina,Alimentation,65936.0,9.024544890975285,160,102.0,0
SN-3915,PIKINE,Services,408903.0,-28.988999963357497,65,79.0,1
SN-3916, Pikine ,Services,1078064.0,1.5189600411056747,174,24.0,1
SN-3917,Pikine,Électronique,17510.0,-21.60571748910755,28,-1.0,1
SN-3918,Guediawaye,Alimentation,1049364.0,-17.17660367504667,143,-3.0,0
SN-3919,Pikine,Services,1542170.0,-0.5319219254310521,13,43.0,0
SN-3920,Marché Sandaga,Habillement,1917337.0,9.194276617764132,54,75.0,0
SN-3921, Pikine ,Habillement,342233.0,-31.04967482994754,116,68.0,1
SN-3922,Medina,Services,1730544.0,35.28125658962866,74,39.0,0
SN-3923, Pikine ,Électronique,1256371.0,4.7768614614979725,152,70.0,0
SN-3924,Pikine,Habillement,520778.0,17.74293756239131,100,88.0,0
SN-3925,Pikine,Alimentation,1074552.0,17.95765447651243,85,15.0,0
SN-3926,Ouakam,Habillement,997263.0,-4.686295296368961,195,64.0,0
SN-3927,Guediawaye,Électronique,1833213.0,16.862024717827822,105,107.0,0
SN-3928,Yoff,Habillement,1609564.0,0.14765789694892203,130,91.0,0
SN-3929,Medina,Habillement,1600716.0,2.040828230907961,76,110.0,0
SN-3930,Yoff,Services,683753.0,-19.304688235029637,107,7.0,0
SN-3931,Yoff,Restauration,1067009.0,-23.381817806970368,132,93.0,0
SN-3932,Pikine,Restauration,93554.0,11.496349138009844,129,-1.0,1
SN-3933,Medina,Restauration,1594364.0,-7.932402541997712,23,61.0,0
SN-3934,Ouakam,Services,773456.0,-25.081550603703246,197,67.0,0
SN-3935,Parcelles Assainies,Alimentation,377322.0,18.3518002873886,39,65.0,1
SN-3936,Guediawaye,Habillement,65768.0,39.37179172725096,16,70.0,1
SN-3937,Pikine,Alimentation,158557.0,15.292780355458993,0,109.0,0
SN-3938,Pikine,Électronique,764346.0,,117,-4.0,0
SN-3939,Marché Sandaga,Habillement,786587.0,0.6208570393043227,15,57.0,0
SN-3940,PIKINE,Électronique,1029002.0,12.097903844073002,119,-5.0,0
SN-3941,Yoff,Habillement,453860.0,17.28545061510512,192,73.0,0
SN-3942,Guediawaye,Électronique,316901.0,-10.456153591771466,46,5.0,1
SN-3943,PIKINE,Habillement,1962488.0,-15.842198860044993,136,73.0,0
SN-3944,Yoff,Services,775596.0,-4.762817018925269,81,8.0,0
SN-3945,Parcelles Assainies,Restauration,1209878.0,16.420732723639798,78,98.0,0
SN-3946,Marche Sandaga,Électronique,907846.0,23.731008716155802,33,70.0,1
SN-3947,Pikine,nan,1892571.0,-0.9065525485586979,185,6.0,0
SN-3948,Ouakam,Alimentation,1259285.0,-17.557519783729802,53,58.0,0
SN-3949,PIKINE,Services,184513.0,-11.534662475011466,69,74.0,0
SN-3950, Pikine ,Restauration,1604663.0,52.30791299888467,168,22.0,0
SN-3951,Marche Sandaga,Alimentation,834989.0,-0.5120918426723985,44,-3.0,1
SN-3952,Guediawaye,Habillement,57112.0,12.26836174553255,140,73.0,0
SN-3953,PIKINE,Alimentation,1202224.0,7.0203648005951464,139,-5.0,1
SN-3954,PIKINE,Électronique,374598.0,-9.716508964731972,121,36.0,1
SN-3955,Medina,Restauration,83451.0,-0.21625586428845656,90,83.0,1
SN-3956,Parcelles Assainies,Habillement,392904.0,-34.624573350696835,97,35.0,0
SN-3957,Pikine,Alimentation,1155696.0,-26.483306902578285,55,89.0,0
SN-3958,Marche Sandaga,Électronique,1278678.0,-7.6557065408359914,153,56.0,0
SN-3959,Parcelles Assainies,Électronique,258103.0,-43.491981858829206,127,64.0,1
SN-3960,Pikine,Restauration,426706.0,-4.598483468706696,191,90.0,0
SN-3961,Marché Sandaga,Alimentation,316031.0,-9.931937272341022,192,55.0,0
SN-3962,Pikine,Services,541288.0,17.58675470117979,13,4.0,1
SN-3963,Marche Sandaga,Électronique,684397.0,,166,-2.0,0
SN-3964,PIKINE,Alimentation,1941418.0,,59,91.0,0
SN-3965,Marche Sandaga,Habillement,502999.0,50.64801968120168,17,70.0,0
SN-3966,Marché Sandaga,nan,1189133.0,25.249172815450276,120,19.0,0
SN-3967,Marche Sandaga,Habillement,1200939.0,33.76232534358886,123,16.0,0
SN-3968,Marche Sandaga,Habillement,640282.0,-0.2744046673113165,180,102.0,1
SN-3969,Marche Sandaga,Restauration,1666744.0,,120,53.0,0
SN-3970,Guediawaye,Restauration,791593.0,0.11760908951462817,152,56.0,1
SN-3971,Marché Sandaga,nan,1470751.0,-9.842565687801825,31,45.0,0
SN-3972,Parcelles Assainies,Électronique,1212742.0,32.4488166965771,171,89.0,0
SN-3973,Guediawaye,nan,10206.0,-48.855876539407454,21,21.0,0
SN-3974,Pikine,Alimentation,425951.0,13.418540143361435,39,2.0,0
SN-3975,Marche Sandaga,Habillement,1455167.0,-10.88218481454476,56,13.0,0
SN-3976,Pikine,Alimentation,611713.0,15.867971733148527,144,25.0,0
SN-3977,Pikine,Habillement,836795.0,-11.33402269580445,167,49.0,1
SN-3978,Yoff,Électronique,1099885.0,14.862116265062566,193,99.0,0
SN-3979,PIKINE,Restauration,1311967.0,11.114252133698294,146,-2.0,0
SN-3980,Medina,Alimentation,1435853.0,-27.902089565137025,158,70.0,0
SN-3981,Yoff,Alimentation,235897.0,-26.848309288044092,108,102.0,0
SN-3982,Marché Sandaga,Restauration,1277176.0,-23.096457048826892,64,21.0,0
SN-3983,Medina,Services,96825.0,-29.325275279359534,107,101.0,0
SN-3984,Ouakam,Services,956077.0,-3.059135963231479,34,94.0,1
SN-3985,PIKINE,Habillement,693324.0,12.452592869213477,102,107.0,1
SN-3986,Parcelles Assainies,nan,426215.0,4.489100320440086,97,76.0,0
SN-3987,Guediawaye,Électronique,262145.0,0.8235375668937208,122,110.0,0
SN-3988,Marché Sandaga,Électronique,1617485.0,,193,63.0,0
SN-3989,Parcelles Assainies,Restauration,596756.0,17.776389828075054,185,73.0,1
SN-3990,Guediawaye,Électronique,734943.0,-11.981411065087196,121,70.0,0
SN-3991,Medina,nan,212332.0,16.671854445589716,39,21.0,1
SN-3992,PIKINE,Alimentation,1155045.0,1.123084692354619,78,65.0,0
SN-3993,Yoff,Alimentation,526909.0,-12.892603188130886,134,-4.0,0
SN-3994,Parcelles Assainies,Alimentation,1917212.0,28.695519592684846,144,10.0,0
SN-3995,Marche Sandaga,Restauration,852362.0,-0.337717507784019,35,57.0,0
SN-3996,Marché Sandaga,Habillement,1917202.0,-8.549539110910123,125,35.0,0
SN-3997,Medina,Restauration,1431821.0,-3.203033272875275,141,5.0,0
SN-3998,Guediawaye,Services,1073056.0,3.710319399380995,167,16.0,0
SN-3999,Parcelles Assainies,Électronique,214023.0,,124,40.0,1
SN-4000,Marché Sandaga,Habillement,542105.0,19.284046029384644,96,113.0,1
SN-4001,Yoff,Habillement,470809.0,10.887903191413189,148,-2.0,1
SN-4002, Pikine ,nan,1616308.0,27.92385495792967,79,56.0,0
SN-4003,Medina,Alimentation,1727951.0,-23.618308602763772,98,48.0,0
SN-4004,PIKINE,Électronique,1483752.0,0.03277533074642303,199,63.0,0
SN-4005,Yoff,Alimentation,909164.0,-17.112062396215396,171,63.0,1
SN-4006,Parcelles Assainies,Habillement,1771589.0,25.27781847516789,134,38.0,0
SN-4007,Guediawaye,Habillement,282052.0,-12.947936237148511,142,111.0,0
SN-4008,Medina,Restauration,1725175.0,7.917295548292689,51,108.0,0
SN-4009,Medina,Restauration,246932.0,-0.1312521370634831,197,108.0,0
SN-4010,Marche Sandaga,Alimentation,458116.0,-12.085606761693292,41,36.0,0
SN-4011, Pikine ,Alimentation,1949416.0,-14.504891288418126,15,62.0,0
SN-4012,Guediawaye,Habillement,1136019.0,27.732781611228617,145,-5.0,0
SN-4013,Ouakam,Habillement,219306.0,-10.772185164144778,114,34.0,0
SN-4014,PIKINE,Alimentation,1167587.0,-13.415336384960465,138,1.0,0
SN-4015,Parcelles Assainies,Restauration,162203.0,-3.009778603225021,31,103.0,1
SN-4016, Pikine ,Habillement,689234.0,,24,98.0,0
SN-4017,Parcelles Assainies,Restauration,1923758.0,-16.593822325950278,138,77.0,0
SN-4018,Medina,Électronique,1438548.0,-31.258035904011233,116,63.0,0
SN-4019,Guediawaye,Électronique,1893473.0,-21.997044000693844,149,98.0,0
SN-4020,Marche Sandaga,Services,797714.0,-4.525344066670188,123,73.0,0
SN-4021,Parcelles Assainies,Alimentation,459194.0,3.1355785610086766,3,107.0,0
SN-4022,Marché Sandaga,Alimentation,951291.0,-8.584342002039332,109,36.0,0
SN-4023,Medina,Services,1790477.0,12.831583288777358,104,63.0,0
SN-4024,Ouakam,Alimentation,1392780.0,22.386444758825796,67,20.0,0
SN-4025,Marche Sandaga,Électronique,306262.0,35.312008305870414,166,-1.0,1
SN-4026,Ouakam,Services,636229.0,,36,47.0,1
SN-4027,Parcelles Assainies,Services,1160112.0,-46.19903446195474,143,69.0,0
SN-4028, Pikine ,Services,958016.0,3.588921978130446,159,54.0,0
SN-4029,Pikine,Services,1315419.0,22.08874189506719,190,13.0,0
SN-4030,Ouakam,nan,1080619.0,13.371441253866303,110,4.0,1
SN-4031,PIKINE,Habillement,693913.0,-7.529202725178086,191,63.0,0
SN-4032,Yoff,Restauration,1479140.0,2.896774927649826,164,78.0,1
SN-4033,Ouakam,Services,749177.0,-8.209847384287858,13,21.0,1
SN-4034,Guediawaye,Restauration,1690871.0,,70,45.0,1
SN-4035,Ouakam,Alimentation,962916.0,9.14857625898436,122,98.0,0
SN-4036,Guediawaye,Électronique,1121462.0,-4.775555618201784,112,36.0,0
SN-4037,Pikine,Services,264537.0,,151,111.0,0
SN-4038,Marché Sandaga,Habillement,584823.0,-3.0802257642385644,134,-4.0,1
SN-4039,Yoff,Alimentation,1863400.0,-23.875331500596353,166,24.0,0
SN-4040,Ouakam,nan,1055064.0,-11.532515281699158,107,113.0,1
SN-4041,Marché Sandaga,Restauration,1410600.0,-2.27217539621,144,39.0,0
SN-4042,Ouakam,Habillement,175333.0,9.213003974314711,78,39.0,1
SN-4043,Yoff,Services,96685.0,2.6418811241428717,122,-2.0,1
SN-4044,Ouakam,Habillement,80648.0,-2.127004214087267,89,77.0,1
SN-4045,Medina,Alimentation,858390.0,-14.916394471246983,119,6.0,0
SN-4046,Guediawaye,Habillement,1675019.0,-1.2095518733788337,58,84.0,0
SN-4047,Yoff,Restauration,1025047.0,6.946453516437856,107,117.0,0
SN-4048,Ouakam,Alimentation,39042.0,9.272985581672005,136,57.0,0
SN-4049,Medina,Alimentation,1209116.0,-58.739606125986946,84,66.0,0
SN-4050,Medina,Services,1965451.0,-16.848835294102273,44,96.0,0
SN-4051,PIKINE,Services,26678.0,39.12619781931965,122,45.0,1
SN-4052,Marché Sandaga,Habillement,1506200.0,3.239027834042485,51,88.0,0
SN-4053,PIKINE,Restauration,174997.0,-4.569159409905468,22,52.0,1
SN-4054,Ouakam,Habillement,44152.0,22.217598400272728,21,0.0,1
SN-4055,PIKINE,Restauration,667164.0,8.657393069535285,75,26.0,0
SN-4056,Marché Sandaga,Habillement,861993.0,-18.510949234662476,110,6.0,0
SN-4057,Guediawaye,Alimentation,138467.0,,183,42.0,0
SN-4058,Ouakam,Alimentation,1368978.0,-20.636511097441822,27,28.0,0
SN-4059,PIKINE,Alimentation,887610.0,23.284776038198444,193,9.0,1
SN-4060,Parcelles Assainies,Services,198896.0,-9.39595350038179,187,95.0,0
SN-4061,Marche Sandaga,Restauration,889847.0,-5.033348016967489,79,36.0,1
SN-4062,Medina,Alimentation,671240.0,9.972468066091848,3,93.0,0
SN-4063,Medina,Services,329805.0,26.414614430117833,157,82.0,1
SN-4064,Marché Sandaga,Électronique,1242000.0,-5.812538629480992,189,19.0,1
SN-4065,Medina,Restauration,1000378.0,17.75410061427011,18,107.0,0
SN-4066, Pikine ,Habillement,1161180.0,11.64839478377597,190,11.0,0
SN-4067,Guediawaye,Électronique,636175.0,2.2506509185458516,56,38.0,0
SN-4068,Yoff,Services,570820.0,2.0187811631377284,43,28.0,0
SN-4069,Ouakam,Services,1193496.0,19.70839131665706,99,93.0,0
SN-4070,Parcelles Assainies,Habillement,1322876.0,-4.06938688184,96,24.0,0
SN-4071,Marché Sandaga,Électronique,1847238.0,20.354379941436424,96,33.0,0
SN-4072,Yoff,Restauration,1143300.0,21.56425563171151,163,9.0,0
SN-4073,Guediawaye,Alimentation,35202.0,3.720990277812988,24,23.0,1
SN-4074,Yoff,nan,1707937.0,18.516515725906217,115,35.0,0
SN-4075,Marche Sandaga,Électronique,1640313.0,-5.981970681406309,50,19.0,0
SN-4076,Medina,Alimentation,1767605.0,10.300118491561186,89,38.0,0
SN-4077,Parcelles Assainies,Services,1379151.0,14.219590001508951,174,18.0,0
SN-4078,Pikine,Services,495608.0,-12.264134868959262,159,28.0,0
SN-4079,Parcelles Assainies,Habillement,702096.0,-44.08131585186755,193,58.0,0
SN-4080,PIKINE,Alimentation,1661663.0,7.089726922758399,21,82.0,0
SN-4081,Pikine,Restauration,1151211.0,-15.88395873110057,86,5.0,1
SN-4082,Marché Sandaga,Alimentation,928131.0,3.5285076032164153,77,84.0,0
SN-4083,Parcelles Assainies,Restauration,1547349.0,3.944718086916943,16,35.0,0
SN-4084,Yoff,Services,950937.0,-8.297265934184034,98,23.0,1
SN-4085,Pikine,Alimentation,923755.0,33.36673168644773,163,109.0,0
SN-4086,Guediawaye,Alimentation,727378.0,-36.77899615035686,82,72.0,1
SN-4087,Marche Sandaga,Habillement,1011024.0,-0.561336737521184,14,107.0,0
SN-4088,Guediawaye,Alimentation,1699427.0,11.653809266549676,12,31.0,0
SN-4089,Parcelles Assainies,Alimentation,1792083.0,,72,93.0,0
SN-4090,Pikine,Services,37624.0,15.962772923213818,79,89.0,0
SN-4091,Medina,Services,488859.0,13.076498134736013,5,47.0,0
SN-4092, Pikine ,Services,929829.0,-11.752051594796367,75,79.0,0
SN-4093,Guediawaye,Restauration,746563.0,10.038747798981845,181,80.0,0
SN-4094,Pikine,Services,1670592.0,-15.055109265825594,94,95.0,0
SN-4095,Marché Sandaga,nan,1333119.0,3.6351427042660056,102,82.0,0
SN-4096,Marché Sandaga,Électronique,1359229.0,4.3839986400384126,52,98.0,0
SN-4097,Guediawaye,Services,1265680.0,3.0941167001593595,157,10.0,0
SN-4098,Guediawaye,Habillement,1490799.0,-35.73801420267782,55,99.0,0
SN-4099,Ouakam,Habillement,1310386.0,-33.57615306632032,143,58.0,0
SN-4100,Ouakam,Alimentation,261584.0,-2.1740497902640894,156,32.0,1
SN-4101,Medina,nan,790446.0,9.435675308837176,181,58.0,1
SN-4102,Pikine,Restauration,291974.0,-22.42474903001543,109,75.0,0
SN-4103, Pikine ,Habillement,1807227.0,10.393002816222523,9,69.0,0
SN-4104,Ouakam,Restauration,772424.0,-14.581220796091852,178,95.0,0
SN-4105,Ouakam,Habillement,292896.0,-12.304043067074799,33,86.0,0
SN-4106,Yoff,Restauration,755652.0,7.191336719433934,189,119.0,0
SN-4107,Yoff,Électronique,1718033.0,-1.5113005451384733,123,90.0,0
SN-4108, Pikine ,Alimentation,183641.0,-27.277034433317912,102,68.0,0
SN-4109,Marché Sandaga,Services,566475.0,28.90169947433389,110,11.0,0
SN-4110,Pikine,Alimentation,1267835.0,1.135844011038786,191,100.0,0
SN-4111,Marché Sandaga,Restauration,1207945.0,-11.219483176979628,187,109.0,0
SN-4112,Guediawaye,Électronique,1898401.0,,8,-3.0,0
SN-4113,Medina,Électronique,904742.0,27.578614519328887,5,91.0,0
SN-4114,Guediawaye,Services,1359465.0,-3.9701725409720385,149,20.0,0
SN-4115,Marché Sandaga,Électronique,215650.0,-25.71877389381833,184,44.0,0
SN-4116,Parcelles Assainies,Habillement,1757998.0,16.345266067034842,153,92.0,0
SN-4117, Pikine ,Services,1502432.0,-1.5800773728273354,7,4.0,0
SN-4118,Parcelles Assainies,Restauration,1807152.0,,176,39.0,0
SN-4119,Parcelles Assainies,Services,1124370.0,19.01374962100537,19,2.0,0
SN-4120,Yoff,Restauration,1663048.0,-48.91649488014585,74,-2.0,0
SN-4121,Pikine,Restauration,1417130.0,-33.21154270495212,50,76.0,0
SN-4122,Guediawaye,Restauration,476786.0,-23.28467321924956,112,21.0,0
SN-4123,Marché Sandaga,Services,1087454.0,4.993722857813426,37,74.0,0
SN-4124,Yoff,Électronique,1836558.0,-66.71262222215641,82,59.0,0
SN-4125,Pikine,Alimentation,1904193.0,-15.814724188576665,186,8.0,0
SN-4126,Parcelles Assainies,nan,1884441.0,-6.26330197625987,133,59.0,0
SN-4127,Marche Sandaga,Électronique,1747795.0,-20.86227302162406,91,26.0,0
SN-4128,Medina,Services,618473.0,0.06550273592952952,54,25.0,0
SN-4129,Marché Sandaga,Habillement,335069.0,-8.547068768852524,72,44.0,1
SN-4130,Parcelles Assainies,Restauration,1328829.0,-11.560973224385352,1,85.0,0
SN-4131,Yoff,Électronique,1907096.0,,70,40.0,0
SN-4132,Marche Sandaga,Habillement,665273.0,-10.293443601438362,91,93.0,0
SN-4133,Pikine,Alimentation,769122.0,7.714674813275914,30,7.0,0
SN-4134,Marche Sandaga,Restauration,1554110.0,41.367431821740716,193,6.0,0
SN-4135, Pikine ,Restauration,829110.0,-2.0280614807488906,10,108.0,0
SN-4136,Ouakam,Services,1034834.0,33.58173721885555,18,55.0,1
SN-4137,Pikine,Habillement,570146.0,-40.220656267685996,195,63.0,1
SN-4138,Pikine,Habillement,1075857.0,12.41641195143658,26,18.0,0
SN-4139,Marché Sandaga,Restauration,898711.0,30.112267610780933,48,89.0,0
SN-4140,Medina,nan,1758959.0,-0.4422349108630561,190,46.0,0
SN-4141,PIKINE,Alimentation,565293.0,3.9500765609777573,55,2.0,0
SN-4142,Yoff,Habillement,891348.0,-23.970052019565294,177,19.0,1
SN-4143,Marché Sandaga,Restauration,278560.0,0.89600702332701,86,43.0,0
SN-4144, Pikine ,Alimentation,213724.0,-11.57432421173491,27,41.0,0
SN-4145,Parcelles Assainies,Services,275930.0,32.28497672144316,57,32.0,1
SN-4146,Yoff,nan,958200.0,54.95908462609507,134,118.0,0
SN-4147,Ouakam,Alimentation,825320.0,-18.547700045111625,171,73.0,0
SN-4148,Marche Sandaga,Alimentation,917235.0,-20.895302957474975,34,54.0,0
SN-4149,Ouakam,Alimentation,477598.0,14.374904865269846,86,31.0,1
SN-4150,Medina,Électronique,1928171.0,-2.0322250621742683,148,55.0,0
SN-4151,Parcelles Assainies,nan,588132.0,12.257653419953634,116,94.0,1
SN-4152,Parcelles Assainies,Alimentation,1500594.0,27.229714962334043,74,4.0,0
SN-4153,Medina,Restauration,1268071.0,-32.70899650264055,11,53.0,0
SN-4154,PIKINE,Restauration,1313689.0,10.866243512727634,178,30.0,0
SN-4155,Parcelles Assainies,Habillement,373056.0,17.882335312917537,4,3.0,1
SN-4156,Medina,Électronique,1372193.0,22.086684234987096,10,33.0,0
SN-4157,Pikine,Services,274678.0,-17.827840796567596,132,54.0,0
SN-4158,Ouakam,Restauration,745658.0,-28.488330453192155,151,14.0,0
SN-4159,PIKINE,Électronique,973226.0,-1.0033428264880546,171,72.0,0
SN-4160,Marché Sandaga,Habillement,332911.0,7.249454253073878,185,65.0,0
SN-4161, Pikine ,Électronique,881569.0,-6.320317789230566,158,88.0,0
SN-4162, Pikine ,Électronique,531569.0,-34.810365562596324,153,116.0,0
SN-4163,Marche Sandaga,Électronique,179974.0,-22.46680025119896,176,22.0,0
SN-4164,PIKINE,Services,322733.0,50.74176494892284,184,107.0,0
SN-4165,Medina,Alimentation,1417513.0,17.65072541820716,145,41.0,0
SN-4166,PIKINE,Électronique,1420967.0,-32.441888386218295,88,-5.0,1
SN-4167,Yoff,Alimentation,511537.0,-29.978828028464697,185,-5.0,0
SN-4168,Marche Sandaga,nan,571894.0,-1.3089883658540844,147,47.0,1
SN-4169,Medina,Habillement,1810097.0,17.276127133766753,189,74.0,0
SN-4170,Ouakam,Alimentation,656034.0,-5.04769368769411,121,54.0,0
SN-4171,Marche Sandaga,Alimentation,1885046.0,17.54919854324968,168,-3.0,0
SN-4172,Medina,Alimentation,1868803.0,33.85605918520585,135,103.0,0
SN-4173,Marché Sandaga,Électronique,1781343.0,15.528396356830644,112,15.0,0
SN-4174,Medina,nan,733168.0,0.4754554364874542,64,11.0,0
SN-4175,Guediawaye,Restauration,168967.0,-31.146134224032927,70,9.0,1
SN-4176,Marche Sandaga,Habillement,1332295.0,-5.160278553935815,7,66.0,0
SN-4177,Ouakam,Électronique,1584661.0,-21.420006871708928,145,92.0,0
SN-4178,Yoff,Restauration,1300799.0,-9.976754240510203,46,13.0,0
SN-4179,Parcelles Assainies,Services,227025.0,-6.248029233609467,102,78.0,0
SN-4180,Parcelles Assainies,Services,396762.0,40.68935030369549,154,69.0,1
SN-4181,Marche Sandaga,Habillement,837870.0,-6.665544478943409,153,17.0,0
SN-4182,PIKINE,Services,11618.0,2.3472872059287555,15,116.0,0
SN-4183,Pikine,Habillement,284390.0,-23.21523914506548,81,20.0,0
SN-4184,Parcelles Assainies,nan,1820428.0,16.207922817664898,109,99.0,0
SN-4185,Medina,Restauration,1361326.0,10.863903243573533,58,119.0,0
SN-4186, Pikine ,Restauration,1410593.0,-32.44733895258442,184,30.0,0
SN-4187,Ouakam,Restauration,1255269.0,8.344997913585155,157,72.0,0
SN-4188,Marche Sandaga,Restauration,1550344.0,11.325214664761521,65,53.0,0
SN-4189,Pikine,Alimentation,1383900.0,-22.588946384836774,121,41.0,0
SN-4190,Marché Sandaga,Habillement,549159.0,15.28250372823707,175,90.0,0
SN-4191,Pikine,Habillement,252291.0,2.8664830287597725,4,6.0,1
SN-4192, Pikine ,Restauration,568909.0,-4.203973740763711,184,96.0,1
SN-4193, Pikine ,Services,738823.0,14.30864699825009,11,43.0,0
SN-4194,Parcelles Assainies,Alimentation,1104300.0,-13.174591878796583,64,18.0,0
SN-4195,Guediawaye,Restauration,304409.0,2.8524304107447174,28,116.0,0
SN-4196,Pikine,Électronique,1838539.0,-19.081579334156174,97,96.0,0
SN-4197,PIKINE,Électronique,1743455.0,,188,87.0,0
SN-4198,Guediawaye,Habillement,80275.0,0.5005046432837772,75,16.0,0
SN-4199,Medina,Services,351503.0,1.8256460649213757,87,44.0,0
SN-4200,Ouakam,Électronique,1478740.0,-15.660381026535894,198,115.0,0
SN-4201,Medina,Restauration,1748062.0,3.481579462994857,153,5.0,0
SN-4202,Marche Sandaga,Services,1413010.0,-0.9247958258830642,45,116.0,0
SN-4203,Parcelles Assainies,Services,1274996.0,-17.752047839126,71,4.0,0
SN-4204,Marché Sandaga,Restauration,579731.0,25.22206244035686,130,2.0,1
SN-4205,Ouakam,Alimentation,294355.0,12.527108942987603,192,112.0,0
SN-4206,PIKINE,Alimentation,751921.0,-21.632927262230226,183,51.0,0
SN-4207,Pikine,nan,221135.0,2.578374660674489,2,34.0,0
SN-4208,Marche Sandaga,Habillement,554080.0,-47.11450029103296,195,5.0,1
SN-4209,Medina,Restauration,357819.0,,11,13.0,1
SN-4210,Pikine,Électronique,1312799.0,-21.188540285974486,5,76.0,0
SN-4211,Marché Sandaga,Services,750886.0,14.731480498331653,62,92.0,0
SN-4212,Parcelles Assainies,Restauration,566247.0,40.20623248589503,40,63.0,1
SN-4213,Marché Sandaga,Services,541927.0,18.16373111349774,96,48.0,0
SN-4214,Marche Sandaga,Habillement,326495.0,-3.8707912100332083,42,61.0,0
SN-4215,Marché Sandaga,Alimentation,1602797.0,6.521792954610229,181,50.0,0
SN-4216,Pikine,Services,349553.0,-14.81708129863377,192,59.0,0
SN-4217,Guediawaye,Habillement,716259.0,-14.122580585006414,38,58.0,1
SN-4218,Pikine,Alimentation,632774.0,-1.867048786492105,173,102.0,0
SN-4219,PIKINE,Habillement,1257606.0,25.270854867661704,88,60.0,0
SN-4220,Ouakam,Habillement,1389472.0,-24.314504364095374,157,110.0,0
SN-4221,Ouakam,Habillement,392706.0,-37.0878111969772,179,104.0,0
SN-4222, Pikine ,Habillement,838238.0,17.316431448261557,92,-4.0,0
SN-4223,Marché Sandaga,Habillement,1172966.0,-17.489119382363793,118,111.0,0
SN-4224,Guediawaye,Alimentation,199181.0,-0.21201213326193777,147,67.0,0
SN-4225,Yoff,Électronique,13692.0,12.811651623212754,96,2.0,1
SN-4226,Parcelles Assainies,Électronique,2076.0,-17.472833937256308,149,39.0,0
SN-4227,PIKINE,Habillement,582368.0,,27,75.0,0
SN-4228,Parcelles Assainies,Alimentation,1454350.0,-51.16806837566059,143,68.0,0
SN-4229,Medina,Habillement,1815552.0,20.353450421521263,32,106.0,0
SN-4230,Pikine,Habillement,867512.0,-8.037491824548322,193,26.0,0
SN-4231,Yoff,Habillement,703741.0,-20.3015755719166,47,114.0,0
SN-4232,Yoff,Restauration,1730520.0,-33.988670254768024,25,84.0,0
SN-4233,Parcelles Assainies,Services,536734.0,-20.137908307349697,4,53.0,1
SN-4234,Ouakam,nan,1375199.0,-27.199980064077927,198,110.0,0
SN-4235, Pikine ,Services,685246.0,24.584544890937934,116,3.0,0
SN-4236,Guediawaye,Habillement,284012.0,0.37917917661048095,33,109.0,0
SN-4237,Pikine,Électronique,510362.0,-8.97473607693499,190,101.0,0
SN-4238,Ouakam,Restauration,424306.0,-46.290270812229124,43,55.0,0
SN-4239,Marche Sandaga,Restauration,690978.0,-2.7141150157612985,199,109.0,1
SN-4240,Marché Sandaga,nan,1780543.0,23.858471574350617,57,20.0,0
SN-4241,Guediawaye,Électronique,887155.0,-5.775135674491633,160,-1.0,0
SN-4242,Ouakam,Alimentation,712704.0,19.906215960526737,42,78.0,0
SN-4243, Pikine ,Services,194066.0,23.338973692042742,142,93.0,0
SN-4244,Marché Sandaga,Restauration,1968922.0,-44.1804815903215,194,61.0,0
SN-4245,Parcelles Assainies,Services,1281018.0,-11.201825396802274,57,13.0,0
SN-4246,Marché Sandaga,Services,920970.0,12.290401639220459,49,119.0,0
SN-4247,Yoff,Alimentation,995670.0,28.277585040338586,74,61.0,0
SN-4248,Pikine,Électronique,1914157.0,4.958204682850437,7,105.0,0
SN-4249,Pikine,Habillement,1907098.0,46.721220560140466,90,48.0,0
SN-4250,Medina,Habillement,1155246.0,-39.942537074582425,105,33.0,0
SN-4251,Marche Sandaga,Restauration,1500546.0,-9.055632911007569,121,65.0,0
SN-4252,Marche Sandaga,Habillement,83112.0,12.943620788712295,108,71.0,0
SN-4253,Pikine,Restauration,314821.0,-23.895508266041183,109,93.0,0
SN-4254, Pikine ,Électronique,1625238.0,27.20657457145281,68,55.0,0
SN-4255,Guediawaye,Alimentation,97005.0,-12.880460839760694,133,63.0,0
SN-4256,Yoff,Électronique,478025.0,-21.727369821023927,161,6.0,1
SN-4257,Ouakam,Restauration,183186.0,-14.292213547412981,145,99.0,0
SN-4258, Pikine ,Alimentation,1347458.0,35.01427349072061,58,38.0,0
SN-4259,Marche Sandaga,Restauration,1433808.0,-30.463138903542962,15,36.0,0
SN-4260,Pikine,Restauration,73541.0,5.595463382109131,10,86.0,0
SN-4261,Medina,Services,1843034.0,30.210176958623634,22,-3.0,1
SN-4262,Ouakam,Électronique,73494.0,26.303274989408703,185,115.0,0
SN-4263,PIKINE,Alimentation,769032.0,-16.46829940378926,162,62.0,0
SN-4264,Ouakam,Électronique,275745.0,-10.151654659140954,50,35.0,1
SN-4265,Marché Sandaga,Restauration,298062.0,,185,117.0,0
SN-4266,Marche Sandaga,Restauration,1829201.0,13.548320747289788,152,75.0,0
SN-4267,Medina,Électronique,1532486.0,,21,33.0,0
SN-4268,Marche Sandaga,nan,1473580.0,-22.03621486491038,27,62.0,0
SN-4269,Marché Sandaga,Habillement,674159.0,-33.9371720416336,178,93.0,0
SN-4270,Pikine,Habillement,83802.0,22.146726128901673,163,117.0,0
SN-4271,Marché Sandaga,Électronique,1460892.0,5.224147028155512,80,3.0,0
SN-4272,PIKINE,Restauration,77186.0,4.274708886007095,72,84.0,0
SN-4273,Marche Sandaga,Restauration,192660.0,44.491797515975705,137,6.0,0
SN-4274,Pikine,Électronique,375767.0,-18.231504163289067,74,48.0,0
SN-4275,Marché Sandaga,Alimentation,102713.0,-12.445539363102151,33,44.0,1
SN-4276,Ouakam,Restauration,394271.0,10.80260738032636,168,60.0,0
SN-4277, Pikine ,Habillement,552987.0,-6.3688434531498705,49,1.0,0
SN-4278, Pikine ,nan,591206.0,9.195693006902731,11,56.0,0
SN-4279,PIKINE,Électronique,1280914.0,13.145094505560667,12,82.0,0
SN-4280,Pikine,Services,1925192.0,-30.621055410954703,87,85.0,0
SN-4281,Yoff,Restauration,51555.0,-2.4309185010704075,47,18.0,1
SN-4282,Yoff,Restauration,757378.0,-4.925715195040773,180,22.0,1
SN-4283,Marche Sandaga,Électronique,416253.0,22.20631071275482,10,20.0,0
SN-4284,Medina,Services,764559.0,-6.603528140089895,151,87.0,0
SN-4285,Marché Sandaga,Électronique,1969188.0,16.250971435417757,190,105.0,0
SN-4286,Guediawaye,Électronique,1174344.0,25.060663075884364,74,78.0,0
SN-4287,PIKINE,Services,946719.0,14.370078633078801,127,7.0,1
SN-4288,Yoff,Services,1071126.0,-30.344052264196065,181,21.0,0
SN-4289,Yoff,Habillement,912401.0,20.194090531796608,38,96.0,0
SN-4290,PIKINE,Restauration,1271145.0,-5.67510568284815,102,83.0,0
SN-4291,Medina,Alimentation,1117631.0,1.1169616471609103,44,33.0,1
SN-4292,Ouakam,Électronique,1429608.0,-37.83891921746802,136,22.0,0
SN-4293,Medina,Électronique,1724783.0,16.692635537379928,33,116.0,0
SN-4294,Marche Sandaga,Alimentation,139807.0,-11.788541094719928,159,2.0,1
SN-4295,Yoff,Services,809215.0,-8.262848533800732,120,14.0,1
SN-4296,Ouakam,Alimentation,1307020.0,9.646829025169714,105,8.0,1
SN-4297,Marche Sandaga,Services,1774913.0,-18.173848358360885,107,21.0,0
SN-4298,Ouakam,Services,571807.0,2.6326842661267804,14,44.0,1
SN-4299,Medina,Restauration,40732.0,-28.54439124883792,18,29.0,1
SN-4300,Parcelles Assainies,Habillement,897217.0,21.69066379163388,111,56.0,0
SN-4301, Pikine ,Habillement,275856.0,7.30791368597295,7,86.0,1
SN-4302,Parcelles Assainies,Alimentation,204815.0,4.923644336010739,91,36.0,1
SN-4303,Medina,Électronique,644744.0,29.51657871984991,93,16.0,1
SN-4304,Marché Sandaga,Services,1044637.0,32.13164046573224,151,71.0,0
SN-4305,Pikine,Alimentation,144844.0,-27.277754625388656,99,27.0,0
SN-4306,Marché Sandaga,Alimentation,120903.0,32.011658511859295,102,27.0,0
SN-4307,Marché Sandaga,Services,535217.0,-12.788250212930393,65,-5.0,1
SN-4308, Pikine ,Alimentation,1725633.0,30.151908806443103,21,17.0,0
SN-4309, Pikine ,Services,1241570.0,9.67755012778267,22,50.0,0
SN-4310, Pikine ,Électronique,1227084.0,-6.614016058500017,186,69.0,0
SN-4311,Ouakam,Habillement,1250823.0,11.890280956653958,160,2.0,0
SN-4312,Marché Sandaga,Électronique,1607332.0,-27.66176839648488,90,101.0,0
SN-4313,Ouakam,Alimentation,502852.0,4.220159002856196,132,92.0,0
SN-4314,Medina,Services,1904595.0,33.408604324903564,26,22.0,0
SN-4315,Parcelles Assainies,Électronique,968361.0,6.510881912217697,85,18.0,0
SN-4316,Parcelles Assainies,Électronique,298458.0,,139,99.0,0
SN-4317,Yoff,Habillement,869085.0,7.402349031151827,125,65.0,1
SN-4318,Medina,Électronique,1220327.0,-5.377469586203761,149,32.0,0
SN-4319,Pikine,Alimentation,1670673.0,6.39775616706832,109,55.0,0
SN-4320,Marche Sandaga,Habillement,1222029.0,23.691061596618198,170,30.0,0
SN-4321, Pikine ,Habillement,508085.0,4.7526287037790365,136,38.0,1
SN-4322,Medina,Alimentation,1802214.0,-17.335716520720933,38,93.0,0
SN-4323,Guediawaye,Restauration,160145.0,,81,50.0,0
SN-4324,Medina,Services,1929961.0,28.036128020183618,168,66.0,0
SN-4325,PIKINE,Habillement,29908.0,-22.858470109811407,145,34.0,0
SN-4326,Parcelles Assainies,Restauration,56290.0,15.157614133325321,192,3.0,0
SN-4327,Marché Sandaga,Restauration,1322665.0,29.0288557425874,31,26.0,0
SN-4328, Pikine ,Électronique,1062107.0,-9.530067035313504,5,27.0,0
SN-4329,Medina,Électronique,242828.0,20.79972340123522,68,118.0,0
SN-4330,Marché Sandaga,Électronique,1608243.0,10.429944912728352,27,50.0,0
SN-4331,Medina,Services,1726661.0,-6.952277998400453,178,100.0,0
SN-4332,Marche Sandaga,nan,1167397.0,-19.20599859652296,180,40.0,0
SN-4333,Guediawaye,Restauration,1389030.0,-12.363585620113305,98,91.0,0
SN-4334,Marche Sandaga,Habillement,149688.0,-21.37553505449262,107,66.0,1
SN-4335,Medina,Électronique,863957.0,28.131485127676314,36,74.0,0
SN-4336,Pikine,Services,239603.0,67.36580011419436,162,113.0,1
SN-4337, Pikine ,Services,1650221.0,-20.87448176363256,2,74.0,0
SN-4338,Ouakam,Électronique,1545198.0,11.972824776801925,80,111.0,0
SN-4339,Marché Sandaga,Services,1012630.0,26.587543868629368,182,105.0,0
SN-4340,Pikine,Restauration,1208057.0,-60.90075519468235,41,88.0,0
SN-4341, Pikine ,Services,465657.0,15.70633984556,156,89.0,0
SN-4342,Yoff,Alimentation,1378528.0,11.561162598254215,69,22.0,0
SN-4343, Pikine ,Services,641869.0,-26.82209980569376,40,102.0,0
SN-4344,Medina,nan,1740767.0,,32,79.0,0
SN-4345,Medina,Habillement,1949805.0,2.6564437672318677,159,55.0,0
SN-4346,Marche Sandaga,Alimentation,1866693.0,25.857437496920113,119,82.0,0
SN-4347,Marché Sandaga,Électronique,1534444.0,8.839351950662792,70,88.0,0
SN-4348,Pikine,Électronique,1533728.0,-9.123680018871337,107,56.0,0
SN-4349, Pikine ,Alimentation,751435.0,13.776930668455794,103,4.0,0
SN-4350,Medina,nan,426315.0,,93,106.0,0
SN-4351,Yoff,Alimentation,596522.0,-38.058394645063565,134,57.0,0
SN-4352,Medina,Restauration,1566092.0,-36.4933883060032,189,104.0,1
SN-4353,Yoff,Restauration,446957.0,-4.1945239610036475,99,44.0,0
SN-4354,Ouakam,Restauration,487872.0,-25.096124396847763,136,42.0,1
SN-4355,Parcelles Assainies,Électronique,310298.0,-42.05420036172945,105,115.0,0
SN-4356,Pikine,Habillement,518841.0,-5.1408534328496565,143,39.0,0
SN-4357,Marche Sandaga,Électronique,17555.0,-10.079151649216032,198,50.0,0
SN-4358,Ouakam,Électronique,1313266.0,16.73175938803847,117,8.0,0
SN-4359,Yoff,Habillement,795309.0,18.04059482574745,11,37.0,0
SN-4360,Pikine,Alimentation,1762946.0,-5.68438129170001,80,47.0,0
SN-4361,Medina,Électronique,1494671.0,-10.755453019801205,161,43.0,1
SN-4362,Yoff,Électronique,955611.0,18.51738644144539,17,18.0,1
SN-4363,Yoff,Alimentation,1956658.0,-24.1559456238458,45,-1.0,0
SN-4364,Parcelles Assainies,nan,1341938.0,16.689170623799118,135,0.0,0
SN-4365,Marché Sandaga,Habillement,71415.0,,107,5.0,1
SN-4366,Guediawaye,Restauration,1816565.0,,142,16.0,0
SN-4367,Ouakam,Services,970689.0,33.23670962575119,78,16.0,1
SN-4368,Marché Sandaga,Restauration,694173.0,-3.1429533403077214,193,84.0,0
SN-4369,Pikine,Services,192507.0,-7.388055053283008,72,99.0,0
SN-4370,Guediawaye,Restauration,1546693.0,-2.180957998367245,150,112.0,0
SN-4371,Yoff,Alimentation,1076356.0,-29.488377433924285,146,69.0,0
SN-4372,Guediawaye,Habillement,746706.0,8.48253049740204,69,42.0,1
SN-4373,PIKINE,Services,1223331.0,-14.512066998529269,136,98.0,1
SN-4374,Marche Sandaga,Alimentation,856953.0,10.40211501348506,125,45.0,0
SN-4375, Pikine ,Habillement,296025.0,-4.668667616545947,2,-1.0,1
SN-4376,Yoff,Habillement,1547130.0,-19.37622842683975,186,110.0,0
SN-4377,Pikine,Électronique,1975393.0,-6.188992337769138,59,14.0,0
SN-4378,Yoff,Habillement,1001352.0,-7.3465754043469875,109,80.0,0
SN-4379,Marché Sandaga,Électronique,1531182.0,,193,10.0,0
SN-4380,Medina,Électronique,237663.0,-0.24810981688794215,57,36.0,0
SN-4381,Marche Sandaga,Restauration,691376.0,-0.5764180875607416,108,55.0,0
SN-4382,Marché Sandaga,Alimentation,1189907.0,-9.96674723408896,44,46.0,0
SN-4383,Marché Sandaga,Électronique,1060668.0,-6.671379345078478,139,85.0,0
SN-4384,Guediawaye,Alimentation,1895333.0,-44.20077668673949,55,8.0,0
SN-4385,Ouakam,Habillement,85797.0,2.11503759368182,0,3.0,0
SN-4386,Medina,Alimentation,251472.0,6.559809535131439,12,-2.0,0
SN-4387,Marche Sandaga,Restauration,1715940.0,17.050910608642965,53,24.0,0
SN-4388,Pikine,Restauration,1039675.0,7.320430042171679,172,39.0,0
SN-4389,Medina,Habillement,104528.0,7.16187310968098,66,106.0,0
SN-4390,Guediawaye,Alimentation,1161536.0,-13.060945246682278,87,19.0,1
SN-4391,Ouakam,Habillement,1514098.0,13.168893913091633,12,17.0,0
SN-4392,PIKINE,Habillement,389255.0,17.38985624252783,30,93.0,0
SN-4393,Parcelles Assainies,Restauration,1403859.0,-9.01392551159061,190,64.0,0
SN-4394,Yoff,Alimentation,1331525.0,-10.728222901704537,67,-1.0,1
SN-4395,Pikine,Électronique,1201813.0,19.498014399957142,101,13.0,0
SN-4396,Marché Sandaga,Habillement,166742.0,,14,51.0,0
SN-4397, Pikine ,Habillement,1149443.0,-6.479194370123834,106,42.0,0
SN-4398,Medina,Habillement,467094.0,-11.857271849304887,191,24.0,1
SN-4399,Ouakam,nan,1281091.0,-46.26860074420169,160,90.0,0
SN-4400,Parcelles Assainies,Services,606979.0,-32.28797338328167,155,53.0,0
SN-4401,Guediawaye,Électronique,355772.0,30.756994616982457,77,2.0,0
SN-4402,Marché Sandaga,Électronique,735269.0,-7.575258245820795,147,75.0,0
SN-4403,Marché Sandaga,Services,1550727.0,7.665178809720298,46,83.0,0
SN-4404,Marche Sandaga,nan,432591.0,3.4907419922106,163,72.0,1
SN-4405,Yoff,Électronique,1848811.0,34.603115404358455,173,67.0,1
SN-4406,Medina,nan,963485.0,8.341430868663686,86,6.0,0
SN-4407,Marché Sandaga,Services,1210093.0,-8.455397708054146,86,118.0,1
SN-4408, Pikine ,Alimentation,1620590.0,4.65921427283355,131,91.0,0
SN-4409,Parcelles Assainies,Alimentation,648281.0,-6.48560710790493,159,105.0,0
SN-4410,Parcelles Assainies,Électronique,549594.0,-16.730523002789962,192,118.0,0
SN-4411,Marche Sandaga,Électronique,468280.0,,83,50.0,0
SN-4412,Marche Sandaga,Habillement,1912525.0,44.839054074174165,130,71.0,0
SN-4413,PIKINE,Électronique,1443443.0,-20.953366045898573,95,16.0,0
SN-4414,Marche Sandaga,Restauration,376889.0,11.713956893496135,85,-4.0,0
SN-4415, Pikine ,Électronique,904668.0,-13.508082851877791,152,34.0,1
SN-4416,Pikine,Services,771124.0,-16.456960232909275,44,85.0,0
SN-4417,Medina,Habillement,549607.0,-27.62479301401286,102,82.0,0
SN-4418,Pikine,Alimentation,1816914.0,-12.021638768898463,57,19.0,0
SN-4419,Yoff,Habillement,329546.0,-40.202305383245545,179,51.0,0
SN-4420,Ouakam,Habillement,1623816.0,-15.641933162640797,68,-1.0,0
SN-4421,Marché Sandaga,Électronique,1532095.0,,120,76.0,0
SN-4422,Ouakam,Électronique,55142.0,32.74184987620955,105,18.0,1
SN-4423,PIKINE,Habillement,1176639.0,17.80118508261075,101,37.0,0
SN-4424,Parcelles Assainies,Restauration,1487899.0,56.76126050318972,147,37.0,0
SN-4425,Marche Sandaga,Habillement,343378.0,1.2963920088302494,149,-1.0,1
SN-4426,Medina,Services,1220872.0,-10.164054453524088,199,45.0,0
SN-4427,Pikine,Services,677442.0,-9.091140092795355,177,95.0,0
SN-4428,Medina,Habillement,369819.0,0.19779488422696734,143,103.0,0
SN-4429,Yoff,Services,472542.0,-47.523007542023976,21,21.0,1
SN-4430,Medina,Habillement,1725084.0,0.23766271449246007,11,34.0,0
SN-4431,PIKINE,Habillement,834247.0,-8.047532298925216,196,89.0,0
SN-4432,Ouakam,Électronique,213684.0,13.565080701285964,141,27.0,0
SN-4433, Pikine ,Habillement,940886.0,22.376523817947486,164,14.0,0
SN-4434,Marche Sandaga,Électronique,1909676.0,-8.205917478564226,159,105.0,0
SN-4435,Guediawaye,Habillement,504228.0,1.6778203468638289,66,19.0,0
SN-4436,Marché Sandaga,Alimentation,95035.0,23.512305712798295,131,74.0,0
SN-4437,Pikine,Restauration,244333.0,-27.124182897612876,59,83.0,1
SN-4438,Pikine,nan,232263.0,-2.116053622006687,63,53.0,1
SN-4439,Medina,Électronique,132697.0,-10.027141701156001,72,74.0,0
SN-4440,Yoff,Services,934840.0,6.486441982935267,2,59.0,0
SN-4441,Marche Sandaga,Restauration,1095178.0,-8.985475477818891,76,67.0,0
SN-4442, Pikine ,Services,124616.0,16.748409879926044,135,35.0,0
SN-4443,Guediawaye,Habillement,1624909.0,20.85297210381986,143,69.0,0
SN-4444,Medina,Services,902644.0,-6.720090686203407,123,30.0,1
SN-4445,Marché Sandaga,Services,500723.0,14.0181820266512,180,62.0,0
SN-4446,Marché Sandaga,Restauration,1775148.0,-24.251331286864026,118,117.0,0
SN-4447,PIKINE,Électronique,1764449.0,34.24797927764464,58,35.0,0
SN-4448,PIKINE,Alimentation,1229699.0,10.361062437198559,193,119.0,0
SN-4449, Pikine ,Habillement,1589989.0,18.215279125082454,6,95.0,0
SN-4450,Marché Sandaga,Électronique,1488144.0,18.710117478006033,23,101.0,0
SN-4451,Parcelles Assainies,Électronique,186662.0,2.5805919092075174,190,6.0,1
SN-4452,Medina,Habillement,1555258.0,-20.56145264144241,133,85.0,0
SN-4453,Medina,Restauration,495570.0,29.66615458240758,3,29.0,1
SN-4454,Yoff,Alimentation,517580.0,-7.484750568173737,3,19.0,1
SN-4455,Parcelles Assainies,Électronique,876447.0,-8.349327056205397,92,38.0,0
SN-4456,Parcelles Assainies,Électronique,1413419.0,13.883196961342803,137,74.0,0
SN-4457,Pikine,Habillement,1920378.0,23.41226735852331,32,44.0,0
SN-4458,Medina,Habillement,737686.0,17.866036957998233,129,92.0,0
SN-4459,Marche Sandaga,Services,736987.0,28.372558846960317,165,71.0,0
SN-4460,Pikine,Habillement,198284.0,19.04421753646857,112,24.0,0
SN-4461,Marché Sandaga,Électronique,474648.0,10.180160266194155,137,75.0,0
SN-4462,Medina,Électronique,773918.0,10.957955870942964,190,4.0,0
SN-4463,Parcelles Assainies,Restauration,1232811.0,-34.6001606286964,1,50.0,0
SN-4464,Yoff,Alimentation,1128770.0,5.476201148555848,143,81.0,0
SN-4465,Parcelles Assainies,Électronique,606656.0,20.378181904856962,83,96.0,0
SN-4466, Pikine ,Services,1051569.0,-7.749784960029351,66,43.0,0
SN-4467,Marché Sandaga,Restauration,891846.0,-16.72302502069888,99,51.0,0
SN-4468,Parcelles Assainies,Services,458410.0,-6.952910601482127,76,65.0,0
SN-4469,Marché Sandaga,Services,289560.0,29.772918790449047,187,113.0,1
SN-4470, Pikine ,Restauration,399227.0,-47.035675865915,63,27.0,0
SN-4471,Parcelles Assainies,nan,550974.0,12.155947228455338,194,15.0,1
SN-4472,Guediawaye,Alimentation,1355555.0,10.353862800139702,91,43.0,0
SN-4473,PIKINE,Services,1235949.0,,85,74.0,0
SN-4474,Yoff,Électronique,1432383.0,,185,69.0,0
SN-4475,Marche Sandaga,Alimentation,547922.0,-8.188460464437737,133,37.0,1
SN-4476, Pikine ,Électronique,1574144.0,1.0406031324394804,100,114.0,0
SN-4477,Medina,Habillement,1231347.0,20.13686837200393,79,6.0,0
SN-4478,Ouakam,Alimentation,1955325.0,19.914441469024105,165,61.0,0
SN-4479,Marché Sandaga,Électronique,717953.0,-28.719263368992838,180,77.0,0
SN-4480,Pikine,Habillement,1005064.0,5.151797664346854,21,70.0,0
SN-4481,Guediawaye,Habillement,678600.0,7.418344008350665,140,107.0,0
SN-4482,PIKINE,Électronique,1508001.0,1.9786571923984855,66,73.0,0
SN-4483,Marche Sandaga,Électronique,435452.0,12.347162383104983,176,58.0,0
SN-4484,PIKINE,Services,1321898.0,-26.438495602842398,35,105.0,0
SN-4485,Ouakam,Services,891131.0,-25.44639774347742,42,37.0,0
SN-4486,Medina,Habillement,1874587.0,5.580389734174057,148,26.0,0
SN-4487,PIKINE,Services,763293.0,30.92942348176566,26,65.0,0
SN-4488,Guediawaye,Habillement,310791.0,-35.86663796237933,162,1.0,0
SN-4489,Pikine,Électronique,1505504.0,-16.778308942644756,28,36.0,0
SN-4490,Ouakam,Électronique,1675771.0,-9.630775984056898,178,38.0,0
SN-4491,Marche Sandaga,Restauration,1290087.0,-46.62754534465908,126,16.0,0
SN-4492,Marche Sandaga,Restauration,311745.0,,67,36.0,1
SN-4493,Marché Sandaga,Habillement,1245839.0,13.919614458626368,177,38.0,0
SN-4494,Medina,Électronique,623657.0,37.633932944653516,118,109.0,0
SN-4495,Marché Sandaga,Habillement,1726433.0,18.961990217336936,59,72.0,1
SN-4496,Ouakam,Alimentation,1922438.0,28.161185330700256,180,96.0,0
SN-4497,Parcelles Assainies,Habillement,1469858.0,7.297901714114533,77,114.0,0
SN-4498,Medina,Alimentation,964445.0,-29.56257701449426,100,49.0,1
SN-4499, Pikine ,Alimentation,1382017.0,-8.693003062678274,184,32.0,1
SN-4500,PIKINE,Habillement,951126.0,21.46098312780274,97,115.0,1
SN-4501,Pikine,Alimentation,1437444.0,-15.494493650377507,76,34.0,0
SN-4502,Yoff,Habillement,674604.0,31.724980782378914,115,30.0,0
SN-4503,Medina,Services,589744.0,13.7466205098126,15,87.0,0
SN-4504,Medina,Habillement,1979529.0,-12.57904159577533,198,86.0,0
SN-4505, Pikine ,Services,870837.0,1.3244717403338102,42,52.0,0
SN-4506,Parcelles Assainies,Alimentation,709883.0,9.599858235301587,108,48.0,0
SN-4507,Guediawaye,Électronique,655008.0,-8.395201941283247,151,88.0,0
SN-4508,Pikine,Électronique,1651128.0,,164,48.0,0
SN-4509,Parcelles Assainies,Restauration,171084.0,-17.49712281983373,176,-4.0,1
SN-4510,Ouakam,Électronique,983076.0,-41.402026787237254,107,56.0,0
SN-4511,Yoff,Restauration,872008.0,-9.387712155181216,124,29.0,0
SN-4512,Marché Sandaga,Restauration,241092.0,18.30173117218222,11,40.0,0
SN-4513,Pikine,Alimentation,1460945.0,41.7386672430768,23,113.0,0
SN-4514,PIKINE,Habillement,366297.0,-22.22555895284955,72,72.0,0
SN-4515,Ouakam,Restauration,1249162.0,16.817266963368585,146,2.0,0
SN-4516,PIKINE,Électronique,758679.0,-18.93090007764148,78,52.0,0
SN-4517,Marché Sandaga,Électronique,1112223.0,-7.649332471765585,54,90.0,0
SN-4518, Pikine ,Restauration,1271191.0,28.637795952676942,46,88.0,0
SN-4519,Pikine,Électronique,1455056.0,5.38538352876504,135,97.0,0
SN-4520,Yoff,nan,243098.0,1.8926619900231887,60,25.0,1
SN-4521,Yoff,Alimentation,359909.0,-19.00817754321295,18,93.0,1
SN-4522,Guediawaye,Habillement,1163509.0,-13.820866466207,13,12.0,0
SN-4523, Pikine ,nan,239568.0,-3.437838187557229,142,67.0,0
SN-4524, Pikine ,Restauration,57366.0,-20.841778433823166,31,30.0,1
SN-4525,Guediawaye,Habillement,1800045.0,13.364954683399588,199,54.0,0
SN-4526,Yoff,Habillement,1683884.0,-33.510863283024385,49,66.0,0
SN-4527,PIKINE,Restauration,203421.0,2.842834902819082,194,113.0,0
SN-4528,PIKINE,Restauration,1226898.0,-47.87369161976528,28,103.0,0
SN-4529,Parcelles Assainies,Restauration,1514272.0,-1.3577434473064138,114,1.0,0
SN-4530,Medina,Habillement,1767110.0,-9.219967120817689,44,91.0,0
SN-4531,Marche Sandaga,Habillement,846780.0,-1.6933643934602685,15,100.0,0
SN-4532,Guediawaye,Habillement,1923751.0,-8.344588722489343,72,58.0,0
SN-4533,Parcelles Assainies,Électronique,1166906.0,6.390754831312985,141,83.0,0
SN-4534,Ouakam,Alimentation,113126.0,-5.559215657898334,26,103.0,1
SN-4535,Pikine,Alimentation,1817551.0,-33.355605117114365,61,55.0,0
SN-4536,Guediawaye,Alimentation,354195.0,13.732033473549706,30,34.0,1
SN-4537,Ouakam,Habillement,35972.0,6.011337007142822,93,92.0,0
SN-4538, Pikine ,Services,1538994.0,26.868291246389457,131,117.0,0
SN-4539,PIKINE,Services,330657.0,7.100388730669508,10,24.0,1
SN-4540,Marche Sandaga,Restauration,1454280.0,0.11748807133513504,91,43.0,0
SN-4541,Guediawaye,Restauration,1093503.0,-35.5050457266197,88,11.0,1
SN-4542,Yoff,Restauration,1929875.0,-31.79401881022236,135,78.0,0
SN-4543,Marche Sandaga,Restauration,541446.0,51.7623945858378,169,26.0,1
SN-4544,Medina,Alimentation,1895993.0,-17.518124620782885,86,23.0,0
SN-4545,Medina,Alimentation,262640.0,24.113866659576196,108,93.0,0
SN-4546,Guediawaye,Habillement,884596.0,-12.253978119940914,57,118.0,0
SN-4547,Ouakam,Services,1176950.0,-12.130891499494291,148,23.0,0
SN-4548,Parcelles Assainies,Restauration,1416207.0,27.979944247145824,162,1.0,0
SN-4549,Guediawaye,Restauration,1117630.0,-6.30286316554516,169,34.0,1
SN-4550,Medina,Électronique,685133.0,-18.19934239400187,100,96.0,0
SN-4551,Parcelles Assainies,Alimentation,1635048.0,,93,27.0,0
SN-4552,Marche Sandaga,Électronique,304145.0,23.865193297072093,180,82.0,0
SN-4553,Ouakam,Restauration,1991054.0,-13.251135913960532,107,81.0,0
SN-4554,Yoff,Restauration,329170.0,,116,19.0,0
SN-4555,Pikine,Restauration,1492005.0,-22.920933526375364,174,93.0,0
SN-4556, Pikine ,Alimentation,650471.0,-2.8807387029763154,55,44.0,0
SN-4557, Pikine ,Alimentation,343463.0,44.54384884770563,34,40.0,0
SN-4558,Pikine,Alimentation,1013742.0,6.327029567335405,154,49.0,0
SN-4559,Medina,Électronique,438834.0,-17.892583609272677,118,21.0,0
SN-4560,Marche Sandaga,Services,1391837.0,,49,45.0,0
SN-4561,Marche Sandaga,Habillement,1695755.0,-0.7805753367603685,180,43.0,0
SN-4562,Pikine,Alimentation,1013975.0,0.46351892252298144,19,10.0,0
SN-4563,PIKINE,Habillement,998412.0,-2.0691910704373635,97,87.0,0
SN-4564,Medina,Restauration,272668.0,-13.33865106604485,166,98.0,1
SN-4565,Marche Sandaga,Alimentation,1301209.0,,109,92.0,0
SN-4566,Parcelles Assainies,Restauration,527269.0,27.729476722155425,98,55.0,0
SN-4567,Yoff,Habillement,1597549.0,-11.67661148800794,157,21.0,0
SN-4568,Guediawaye,Alimentation,138097.0,24.784647175330804,68,117.0,0
SN-4569,Marche Sandaga,Habillement,1066800.0,46.546611684838275,75,82.0,0
SN-4570,Medina,Électronique,1706076.0,-27.638367288058912,97,15.0,0
SN-4571,Marché Sandaga,Restauration,1007440.0,-20.978005555870702,143,58.0,0
SN-4572, Pikine ,Restauration,1560465.0,14.443801976606515,123,109.0,0
SN-4573,Guediawaye,Services,468866.0,-16.09938925450448,58,108.0,0
SN-4574,Yoff,nan,977074.0,-8.104501332782254,19,106.0,0
SN-4575, Pikine ,Restauration,1546850.0,8.35476188699564,98,2.0,0
SN-4576, Pikine ,Services,1678237.0,7.122283807739392,153,101.0,0
SN-4577,PIKINE,nan,1426024.0,15.924186081186685,58,78.0,0
SN-4578,Ouakam,Restauration,317587.0,-33.20588741970927,11,113.0,0
SN-4579,Marché Sandaga,Électronique,1526959.0,-24.595069767138092,112,95.0,0
SN-4580,Parcelles Assainies,Alimentation,1890797.0,18.194887080531444,89,43.0,0
SN-4581,Yoff,Services,722348.0,37.72245782229457,38,59.0,0
SN-4582,Marche Sandaga,Habillement,617146.0,10.974259322662936,96,77.0,0
SN-4583, Pikine ,Services,1098731.0,-37.39178960940528,125,-1.0,0
SN-4584,Marché Sandaga,Restauration,983937.0,32.745451403164374,10,17.0,0
SN-4585, Pikine ,Alimentation,1455564.0,-15.001329736775812,185,19.0,0
SN-4586,Pikine,Alimentation,678312.0,1.1451740451205352,167,88.0,0
SN-4587,Guediawaye,Restauration,781728.0,-51.20396316726112,173,61.0,1
SN-4588,PIKINE,Services,617193.0,-21.718362527578286,29,100.0,1
SN-4589,Yoff,Alimentation,1884243.0,-37.63556064598612,112,71.0,0
SN-4590,Marché Sandaga,Alimentation,1353187.0,-2.8472359914717815,18,73.0,0
SN-4591,Guediawaye,Restauration,1551632.0,19.446262163509065,82,109.0,0
SN-4592,Parcelles Assainies,Alimentation,640668.0,12.850642171904823,130,34.0,1
SN-4593,Marché Sandaga,Restauration,917399.0,-2.5801946533000377,105,116.0,0
SN-4594,Marche Sandaga,Restauration,1548311.0,-27.97761994948153,60,71.0,0
SN-4595,Marché Sandaga,Services,1192840.0,5.824929242909668,158,96.0,0
SN-4596,Pikine,Restauration,292388.0,-18.81164578242434,194,51.0,0
SN-4597,Marché Sandaga,Services,533905.0,-25.809764327070116,166,53.0,0
SN-4598,Marche Sandaga,Alimentation,850367.0,7.379979796725802,191,79.0,0
SN-4599,Parcelles Assainies,Habillement,173352.0,-4.516515347619596,157,70.0,1
SN-4600,Yoff,Restauration,818739.0,4.560822892321034,173,79.0,1
SN-4601,PIKINE,Électronique,1804511.0,-7.310841425233669,15,109.0,0
SN-4602,Medina,Alimentation,1178756.0,18.5898440303133,121,22.0,0
SN-4603,Ouakam,Services,414081.0,11.536603870512568,16,64.0,1
SN-4604,Ouakam,Habillement,1672092.0,-7.794924394155773,148,52.0,0
SN-4605,Pikine,Restauration,455755.0,3.9222870680171913,171,28.0,0
SN-4606,Ouakam,Restauration,799816.0,27.609184934844336,173,86.0,1
SN-4607,Medina,Alimentation,1800314.0,,98,61.0,0
SN-4608,PIKINE,Restauration,579596.0,,75,88.0,0
SN-4609,Marché Sandaga,Services,552248.0,10.411057209438843,89,35.0,1
SN-4610,Ouakam,Alimentation,144252.0,18.965914896218298,171,19.0,1
SN-4611,Yoff,Restauration,674292.0,,111,78.0,0
SN-4612,Pikine,Électronique,1661175.0,-49.74191256693523,99,119.0,0
SN-4613, Pikine ,Restauration,1896938.0,4.749359043319061,29,69.0,0
SN-4614,Parcelles Assainies,Alimentation,1948275.0,-18.5680911520896,164,6.0,0
SN-4615, Pikine ,Services,1150784.0,0.12592226306956622,78,76.0,0
SN-4616,Parcelles Assainies,Habillement,1530762.0,35.3172079748463,190,84.0,0
SN-4617,Marché Sandaga,Alimentation,1644778.0,-5.514700877154071,176,113.0,0
SN-4618,PIKINE,Services,302292.0,-4.841312250232412,11,7.0,0
SN-4619,PIKINE,Électronique,1331008.0,-4.191784051187915,40,28.0,0
SN-4620,Marché Sandaga,Habillement,137630.0,-32.85860165446812,120,53.0,0
SN-4621,Medina,Services,913991.0,-8.640032119152535,49,98.0,0
SN-4622, Pikine ,Alimentation,1703904.0,-2.067709883332349,65,110.0,0
SN-4623, Pikine ,Habillement,1372672.0,-13.522251354721107,61,7.0,0
SN-4624,Marche Sandaga,Restauration,1446834.0,-2.216008598723855,153,-2.0,0
SN-4625,Ouakam,Restauration,400996.0,-19.26118357121785,176,48.0,1
SN-4626,Yoff,Alimentation,1643820.0,18.315066317560703,72,28.0,0
SN-4627,Parcelles Assainies,Habillement,200722.0,20.39546795510947,74,43.0,0
SN-4628, Pikine ,Services,1467004.0,-4.595570109438342,37,43.0,0
SN-4629,Marché Sandaga,Restauration,1490440.0,-28.833629064561833,177,77.0,0
SN-4630,Ouakam,Électronique,1915053.0,22.143907758139036,120,27.0,0
SN-4631,Parcelles Assainies,Services,41498.0,15.612092609142284,24,42.0,1
SN-4632,Guediawaye,Électronique,993783.0,1.78392506677743,173,33.0,1
SN-4633,Marché Sandaga,Alimentation,49184.0,-5.907374177953008,55,100.0,1
SN-4634,PIKINE,Alimentation,1498493.0,8.308927510764258,47,66.0,0
SN-4635, Pikine ,Habillement,628472.0,,25,2.0,0
SN-4636,Guediawaye,Services,1598548.0,-3.735749747739389,74,8.0,0
SN-4637,Medina,Alimentation,533378.0,1.509540964507468,130,63.0,0
SN-4638, Pikine ,Électronique,574423.0,9.14825944156607,147,55.0,1
SN-4639,Medina,Électronique,1872344.0,13.655797206742871,129,100.0,0
SN-4640,Guediawaye,Alimentation,989234.0,28.392063597037644,46,25.0,0
SN-4641,Marche Sandaga,Alimentation,1735017.0,50.155908216817195,73,96.0,0
SN-4642,Ouakam,Habillement,96293.0,20.48799723943393,143,102.0,0
SN-4643,Pikine,Alimentation,1406874.0,-5.681352590220734,191,91.0,0
SN-4644,Parcelles Assainies,Restauration,1870897.0,-21.177858491211353,133,73.0,0
SN-4645,Guediawaye,Restauration,1248175.0,,173,43.0,0
SN-4646,Ouakam,Services,638826.0,,86,-3.0,1
SN-4647,Marché Sandaga,Habillement,1087127.0,12.645427112577925,172,-1.0,1
SN-4648,Guediawaye,Restauration,985486.0,,180,15.0,0
SN-4649,Marche Sandaga,Habillement,618784.0,0.5603774311923658,56,16.0,1
SN-4650,Medina,Services,894714.0,3.228768147937393,44,113.0,0
SN-4651,PIKINE,Habillement,735367.0,0.9047891294548351,92,117.0,0
SN-4652,PIKINE,Services,781521.0,8.312786293821704,96,16.0,1
SN-4653,Guediawaye,Électronique,903515.0,-7.529849962062247,75,39.0,0
SN-4654,Pikine,Restauration,1129652.0,23.471497281822483,82,109.0,0
SN-4655,Ouakam,Électronique,1494070.0,-16.802139987458936,152,77.0,0
SN-4656,Parcelles Assainies,Habillement,731110.0,-0.23385981761255076,67,-2.0,0
SN-4657,Ouakam,Habillement,1081863.0,35.78525779411229,95,12.0,0
SN-4658,Marche Sandaga,Restauration,1195558.0,12.194547021661615,47,21.0,0
SN-4659,Marche Sandaga,Habillement,1194348.0,10.41140474048647,108,110.0,0
SN-4660,Yoff,Électronique,830250.0,11.225343726797893,195,8.0,0
SN-4661,Pikine,Services,1281476.0,12.5337883826708,187,13.0,0
SN-4662,Marché Sandaga,Alimentation,1765393.0,-5.5476040860536,192,83.0,0
SN-4663,Marché Sandaga,Alimentation,1823724.0,-45.24251962749608,31,23.0,0
SN-4664,Medina,Alimentation,262177.0,30.36356272867897,174,63.0,0
SN-4665,Medina,Alimentation,1529046.0,11.987315004068327,128,119.0,0
SN-4666, Pikine ,Habillement,1537458.0,-4.553320308632181,104,70.0,0
SN-4667,Yoff,Services,1701987.0,-3.6010433841954512,70,79.0,0
SN-4668,Ouakam,Services,1208785.0,-28.83810495656006,24,95.0,0
SN-4669,Pikine,Habillement,477907.0,,139,12.0,1
SN-4670,Marche Sandaga,Alimentation,1155705.0,0.5051932939429362,9,33.0,0
SN-4671,Ouakam,Électronique,289976.0,53.75967435243555,70,112.0,1
SN-4672,Medina,Restauration,1833931.0,-42.37449207762527,196,21.0,0
SN-4673,Marche Sandaga,Électronique,1359287.0,-43.62904637939748,80,88.0,0
SN-4674,PIKINE,Habillement,1944334.0,7.68994087399726,28,52.0,0
SN-4675,Parcelles Assainies,Habillement,1505261.0,19.640407335093382,183,59.0,0
SN-4676,Yoff,Habillement,587698.0,-4.849221961603486,182,55.0,1
SN-4677,Medina,Restauration,1684515.0,-30.414071138435737,110,11.0,0
SN-4678,Medina,Habillement,1932968.0,1.2543921552108703,38,76.0,0
SN-4679,Marche Sandaga,Restauration,1757194.0,-13.035254306529477,152,103.0,0
SN-4680,Guediawaye,Restauration,886724.0,-0.7155810571432465,21,104.0,0
SN-4681,Parcelles Assainies,Restauration,864754.0,-21.21362618587589,74,57.0,0
SN-4682,Pikine,Électronique,594837.0,6.057583823425529,14,44.0,0
SN-4683,Pikine,Restauration,1075308.0,9.878801151184701,183,86.0,0
SN-4684,Guediawaye,Habillement,1583534.0,-16.111680472156138,198,58.0,0
SN-4685,Medina,Alimentation,653881.0,11.249803565224276,124,46.0,0
SN-4686,Parcelles Assainies,Électronique,721492.0,19.31933407659155,112,24.0,0
SN-4687,Marché Sandaga,Services,1780310.0,-28.005221980242744,143,41.0,0
SN-4688,Pikine,Électronique,1779424.0,-18.29588018910002,104,0.0,1
SN-4689,Pikine,Alimentation,1868234.0,11.905041505317502,117,42.0,0
SN-4690,Pikine,Restauration,9607.0,18.986949669578244,111,57.0,1
SN-4691,Guediawaye,Services,1864557.0,10.652158666689964,47,61.0,0
SN-4692,Marche Sandaga,Restauration,1843790.0,3.448616072049517,157,115.0,0
SN-4693,Yoff,Électronique,907552.0,,123,80.0,0
SN-4694,PIKINE,Habillement,431468.0,-4.519139891038621,19,51.0,0
SN-4695,PIKINE,Restauration,203453.0,7.795308532392077,147,49.0,0
SN-4696,Marché Sandaga,Électronique,1680787.0,35.35596760463022,14,109.0,0
SN-4697,PIKINE,Alimentation,660994.0,33.314620433559774,119,94.0,0
SN-4698,Yoff,Alimentation,668779.0,5.513921557450323,168,66.0,0
SN-4699,Yoff,Restauration,1707585.0,33.491707486241964,86,5.0,0
SN-4700,Medina,Électronique,770345.0,23.93778126654915,76,7.0,1
SN-4701,Pikine,Habillement,327173.0,-6.195412481948566,177,60.0,0
SN-4702,Parcelles Assainies,Alimentation,1166878.0,16.62698642040541,123,77.0,0
SN-4703,Ouakam,Électronique,1086937.0,-24.366805009848687,188,34.0,0
SN-4704, Pikine ,Restauration,31641.0,12.297029516703116,18,22.0,1
SN-4705,Medina,Services,1360362.0,-33.913331438803425,66,17.0,0
SN-4706, Pikine ,Alimentation,573843.0,-2.451034344839404,174,22.0,0
SN-4707, Pikine ,Électronique,395003.0,0.3956069718056598,33,43.0,0
SN-4708,Marche Sandaga,Services,122082.0,-14.016514978862473,48,51.0,0
SN-4709,Guediawaye,Services,1740981.0,,68,91.0,0
SN-4710, Pikine ,Électronique,1715211.0,,150,89.0,0
SN-4711,Ouakam,Restauration,38303.0,17.063853626874174,31,108.0,1
SN-4712,Yoff,Habillement,606491.0,-11.005631513899733,93,95.0,0
SN-4713,Yoff,Services,980854.0,22.135216183146905,116,2.0,0
SN-4714,Marche Sandaga,Habillement,1483567.0,37.711304301554726,95,20.0,0
SN-4715,Marche Sandaga,Habillement,695336.0,-4.618819085641183,167,65.0,0
SN-4716,Medina,Habillement,556668.0,-1.2983027555308397,89,62.0,1
SN-4717,Parcelles Assainies,Restauration,626735.0,10.505781046710602,0,52.0,1
SN-4718,Medina,Électronique,535730.0,35.31397700706794,125,33.0,0
SN-4719,Parcelles Assainies,Électronique,38405.0,2.244290259381516,152,63.0,0
SN-4720,Yoff,Services,646121.0,-0.17019830494436158,95,4.0,0
SN-4721,Yoff,Habillement,1217971.0,-8.974420503415802,64,73.0,0
SN-4722,Yoff,Habillement,1584349.0,11.335366332547395,131,43.0,0
SN-4723,Ouakam,Habillement,1630028.0,6.6827704948853555,12,-5.0,0
SN-4724,Pikine,Habillement,1845570.0,-12.222892134078972,151,72.0,0
SN-4725,Ouakam,Alimentation,971288.0,-24.66292900503231,130,45.0,0
SN-4726, Pikine ,Alimentation,165407.0,14.021318117571406,121,32.0,0
SN-4727, Pikine ,Restauration,424583.0,,191,58.0,1
SN-4728,PIKINE,Électronique,1528687.0,5.202922287761145,53,83.0,0
SN-4729,Medina,Restauration,227753.0,9.645683342791312,193,76.0,0
SN-4730,Ouakam,Habillement,1346941.0,1.6731656208258563,159,99.0,0
SN-4731,Marché Sandaga,Services,354322.0,22.050441385370867,150,5.0,1
SN-4732,PIKINE,Restauration,1598243.0,-5.661074238081402,22,20.0,0
SN-4733,Yoff,Électronique,617268.0,-5.062365313131601,16,24.0,0
SN-4734,Parcelles Assainies,Services,1288856.0,-0.811871738878859,18,52.0,0
SN-4735,Medina,Électronique,25659.0,4.702608645162637,178,15.0,0
SN-4736,Yoff,Services,1984975.0,-3.902228882763273,131,46.0,0
SN-4737,Parcelles Assainies,Restauration,900079.0,-22.31209926146287,45,112.0,0
SN-4738,Yoff,Habillement,684139.0,-26.260115079220995,98,77.0,1
SN-4739,Yoff,Électronique,1837113.0,-45.331066414351575,70,6.0,0
SN-4740,Parcelles Assainies,Électronique,635915.0,-30.800154177504847,184,56.0,0
SN-4741,Guediawaye,Restauration,1345744.0,-7.723887729263847,111,55.0,0
SN-4742, Pikine ,Restauration,1014569.0,,54,19.0,0
SN-4743,PIKINE,Alimentation,1966946.0,,156,31.0,0
SN-4744,Medina,Alimentation,172158.0,9.043158673502532,71,106.0,0
SN-4745,Guediawaye,Alimentation,550011.0,-18.60860046785096,62,60.0,0
SN-4746,Guediawaye,Habillement,1851944.0,-5.950364263523481,70,49.0,0
SN-4747,Marché Sandaga,Alimentation,1541630.0,-9.866086566415868,82,29.0,0
SN-4748,Guediawaye,nan,747874.0,10.813549506957257,95,25.0,0
SN-4749,Pikine,Électronique,1038049.0,-34.45427562800009,39,92.0,1
SN-4750,Yoff,Alimentation,1703100.0,27.81845097560263,55,35.0,0
SN-4751,Ouakam,Habillement,668849.0,-7.05040479893059,25,45.0,0
SN-4752,Marché Sandaga,Électronique,819301.0,-32.431563910180664,126,60.0,0
SN-4753,Yoff,Alimentation,1990321.0,8.051279243465284,111,29.0,0
SN-4754,Parcelles Assainies,nan,660631.0,26.99010144078479,126,32.0,0
SN-4755, Pikine ,Électronique,1137508.0,-8.18996407915681,172,59.0,0
SN-4756,PIKINE,Services,614127.0,17.084212059971037,69,68.0,1
SN-4757,Ouakam,Services,1927002.0,34.553247746702226,88,26.0,0
SN-4758,PIKINE,Services,852264.0,-19.999923221650334,184,22.0,0
SN-4759,Parcelles Assainies,Habillement,1277164.0,-36.7489330586304,8,1.0,0
SN-4760,Pikine,Alimentation,1385631.0,-0.8641785527074908,185,50.0,0
SN-4761,Yoff,Services,1502495.0,6.528898065696912,102,70.0,0
SN-4762,Pikine,Alimentation,883196.0,,183,71.0,0
SN-4763,Ouakam,Habillement,1988131.0,12.399619370742784,66,92.0,0
SN-4764,Parcelles Assainies,Électronique,57876.0,62.67452883700006,140,58.0,0
SN-4765,PIKINE,Habillement,1624255.0,16.569485867260827,126,3.0,0
SN-4766,Pikine,Services,497935.0,15.294508953519994,22,5.0,0
SN-4767,Medina,Électronique,412132.0,16.777592618306457,148,20.0,1
SN-4768,Pikine,Électronique,1843013.0,-24.966603873786685,148,60.0,0
SN-4769,Yoff,Alimentation,1524203.0,5.367888810215171,80,96.0,0
SN-4770,Guediawaye,Restauration,307472.0,-22.048904214837208,87,31.0,0
SN-4771,Ouakam,nan,789315.0,-25.27862681221663,197,91.0,0
SN-4772,Guediawaye,Habillement,352073.0,-0.8673191519429748,189,35.0,0
SN-4773,Parcelles Assainies,Habillement,728312.0,-20.53634473882431,113,-4.0,0
SN-4774, Pikine ,Habillement,132769.0,19.23758450861946,153,109.0,0
SN-4775,Marché Sandaga,Alimentation,168543.0,,11,89.0,0
SN-4776,Marche Sandaga,Habillement,624602.0,24.828741648733587,55,26.0,0
SN-4777,Medina,Habillement,1150844.0,-11.315836335747811,165,87.0,1
SN-4778,Parcelles Assainies,Habillement,1955592.0,0.9177093833212112,125,110.0,0
SN-4779,Guediawaye,Habillement,336423.0,-6.28558993278856,165,93.0,0
SN-4780,Marche Sandaga,Restauration,1977427.0,-23.573945543678285,16,23.0,0
SN-4781,Parcelles Assainies,Services,152620.0,11.135106574461982,158,6.0,1
SN-4782,Medina,Électronique,1813977.0,-2.611307188030725,57,52.0,0
SN-4783,Parcelles Assainies,Alimentation,580769.0,-0.4583881019855446,83,4.0,1
SN-4784,Parcelles Assainies,Électronique,542876.0,-9.995681416272191,141,53.0,1
SN-4785,PIKINE,Services,798276.0,-0.4815168791097016,169,48.0,1
SN-4786,Marche Sandaga,Services,1999740.0,-35.869816212742066,172,35.0,0
SN-4787,Ouakam,Restauration,901845.0,5.9726730737958675,148,48.0,0
SN-4788,Guediawaye,Alimentation,1719302.0,0.6289264911460773,120,-2.0,0
SN-4789,Marché Sandaga,Alimentation,771695.0,-6.461801399117793,147,69.0,1
SN-4790,Yoff,Électronique,1902266.0,-6.277055349986428,187,19.0,0
SN-4791,Pikine,Alimentation,831462.0,-40.61253425534595,127,7.0,0
SN-4792,Parcelles Assainies,Habillement,1986568.0,-10.093644226470238,116,24.0,0
SN-4793,Yoff,Restauration,1660476.0,-17.008819605279662,194,12.0,1
SN-4794,PIKINE,Alimentation,1208135.0,12.708130814692083,19,31.0,1
SN-4795,Pikine,Électronique,1690475.0,32.96853011757552,172,46.0,0
SN-4796,Pikine,Électronique,1752373.0,26.094006771857146,48,107.0,0
SN-4797, Pikine ,Électronique,716811.0,-3.092449668017121,135,118.0,0
SN-4798,Ouakam,Alimentation,1248326.0,2.738864604023848,14,106.0,0
SN-4799,Marche Sandaga,Habillement,611177.0,-1.6689733069715154,0,115.0,0
SN-4800,Marche Sandaga,Services,1954625.0,-1.8241035175207974,39,41.0,0
SN-4801,Parcelles Assainies,Électronique,558230.0,23.26638460805119,107,88.0,1
SN-4802, Pikine ,Habillement,543956.0,-16.40672334178358,199,60.0,0
SN-4803,Pikine,Électronique,1351208.0,-26.335877401956076,89,13.0,0
SN-4804,PIKINE,Services,772156.0,8.853658290601222,22,117.0,0
SN-4805, Pikine ,Restauration,1089066.0,-13.373695378146376,135,100.0,1
SN-4806,Pikine,Électronique,1653750.0,-7.44445629088251,93,89.0,0
SN-4807,Yoff,Habillement,1156805.0,,114,96.0,0
SN-4808,Ouakam,Électronique,195350.0,-17.148971366659048,140,91.0,0
SN-4809,Guediawaye,Services,896172.0,19.481030916443007,107,15.0,0
SN-4810,Marche Sandaga,Alimentation,187472.0,18.89091493966123,131,43.0,1
SN-4811,Yoff,Habillement,1448869.0,-23.885012252810082,145,9.0,0
SN-4812,Parcelles Assainies,Restauration,890775.0,2.568545326079078,163,117.0,0
SN-4813,Marche Sandaga,Électronique,1584635.0,9.516598204737148,73,-4.0,0
SN-4814,Guediawaye,nan,1338155.0,-12.502899777413486,4,58.0,0
SN-4815,PIKINE,Alimentation,346939.0,-5.321935816134524,93,90.0,0
SN-4816,Marche Sandaga,nan,593251.0,-24.66238334211589,69,109.0,0
SN-4817,Marche Sandaga,Électronique,299987.0,1.0572170761567214,88,16.0,0
SN-4818,Marche Sandaga,Habillement,1680952.0,12.37111037796346,96,86.0,0
SN-4819,Pikine,Électronique,242454.0,3.7522733133683364,107,36.0,0
SN-4820,Yoff,Habillement,483186.0,64.34329697250843,43,80.0,0
SN-4821,Medina,Restauration,1565728.0,-8.956846044968975,177,-2.0,0
SN-4822,Guediawaye,Habillement,1484295.0,11.365074898355456,183,55.0,0
SN-4823,Medina,Services,765768.0,6.975812134318977,195,32.0,0
SN-4824,Guediawaye,Restauration,1848762.0,13.816220734226725,151,-1.0,0
SN-4825,Medina,Restauration,1343339.0,-9.766148811398828,136,34.0,0
SN-4826,Marche Sandaga,Restauration,576650.0,-26.0326459270415,168,60.0,0
SN-4827,Marché Sandaga,Habillement,1893818.0,30.963211949276257,86,83.0,0
SN-4828,Guediawaye,Alimentation,403981.0,-27.112484540566722,149,19.0,0
SN-4829,Parcelles Assainies,Habillement,154130.0,24.49479994981292,63,54.0,0
SN-4830,Marche Sandaga,Restauration,1981208.0,-25.89530627938029,149,73.0,0
SN-4831,PIKINE,Restauration,1460790.0,-9.293019773324623,194,32.0,1
SN-4832,Parcelles Assainies,Électronique,1257470.0,,41,88.0,0
SN-4833,Marché Sandaga,Restauration,900233.0,11.452344910749193,196,116.0,0
SN-4834,Guediawaye,Alimentation,792273.0,10.63256247627858,62,89.0,0
SN-4835,Marché Sandaga,Habillement,287599.0,16.930570898320628,85,5.0,1
SN-4836,Marche Sandaga,Habillement,416487.0,37.48109814112166,55,12.0,0
SN-4837,Pikine,Restauration,1302366.0,,53,23.0,0
SN-4838,Parcelles Assainies,Services,722952.0,-5.155817822834821,95,24.0,1
SN-4839,PIKINE,nan,1861373.0,-4.449922943369533,180,118.0,0
SN-4840,Pikine,Habillement,994663.0,-8.119855189300079,143,40.0,0
SN-4841,Parcelles Assainies,Alimentation,29277.0,-0.8078735162931915,53,15.0,1
SN-4842,Parcelles Assainies,Services,723325.0,17.89750857530407,77,106.0,0
SN-4843,PIKINE,Électronique,896571.0,13.55814438192436,40,72.0,0
SN-4844,Marché Sandaga,Électronique,297228.0,40.30411287794035,171,86.0,0
SN-4845, Pikine ,Alimentation,1176595.0,47.90883173993375,61,86.0,0
SN-4846,PIKINE,Restauration,403543.0,-4.511393670774635,183,38.0,0
SN-4847, Pikine ,Restauration,804361.0,23.538093273934216,171,49.0,1
SN-4848,Pikine,Alimentation,163973.0,7.327303646059611,151,68.0,0
SN-4849,Medina,Services,1747905.0,19.282259338585526,81,-4.0,1
SN-4850,Marche Sandaga,Restauration,42470.0,-22.30117080855539,157,92.0,0
SN-4851,Ouakam,Alimentation,1647730.0,-31.4548286770123,49,119.0,0
SN-4852,Pikine,Services,1659035.0,10.358167118022255,192,66.0,0
SN-4853, Pikine ,Habillement,1572977.0,-29.086662544878553,109,45.0,0
SN-4854, Pikine ,Habillement,252904.0,-13.055356299980804,8,70.0,1
SN-4855, Pikine ,Habillement,411540.0,10.546597232616087,27,51.0,1
SN-4856,Marché Sandaga,Restauration,1099373.0,38.215992685969496,156,49.0,0
SN-4857,Ouakam,Alimentation,1200253.0,41.46967643751477,124,-1.0,0
SN-4858, Pikine ,Électronique,917514.0,31.267669570183585,164,114.0,0
SN-4859,Guediawaye,Services,446990.0,47.63737487812298,25,17.0,0
SN-4860,Parcelles Assainies,Alimentation,1648590.0,-19.490999312709164,18,16.0,0
SN-4861,Marche Sandaga,Électronique,150683.0,-18.88717517294912,77,63.0,0
SN-4862,PIKINE,Habillement,1410848.0,25.21431650320143,3,23.0,0
SN-4863,Yoff,Alimentation,104598.0,-17.484248985233442,170,101.0,0
SN-4864, Pikine ,Restauration,1249598.0,,127,12.0,1
SN-4865,Ouakam,Alimentation,1986752.0,-34.2224225303259,8,100.0,0
SN-4866,Guediawaye,Habillement,565838.0,,8,17.0,1
SN-4867,Yoff,Électronique,223508.0,-1.0123049577732028,160,97.0,0
SN-4868,Ouakam,Habillement,1109540.0,14.491584158474115,194,11.0,0
SN-4869,Marche Sandaga,Électronique,21748.0,32.85191437140124,126,28.0,1
SN-4870,Marché Sandaga,Alimentation,1492588.0,-41.840157538606505,20,69.0,0
SN-4871,Medina,Électronique,1234486.0,2.3168548438536702,156,75.0,0
SN-4872,Marche Sandaga,Alimentation,682654.0,24.164519906495798,131,25.0,0
SN-4873, Pikine ,Restauration,918276.0,-14.392271395337373,91,65.0,0
SN-4874,Yoff,Habillement,1898396.0,-30.022580588598768,22,115.0,0
SN-4875,Ouakam,Restauration,1312780.0,-6.792135587490538,134,35.0,1
SN-4876,Marché Sandaga,Restauration,103128.0,27.77053993426097,97,118.0,1
SN-4877,Guediawaye,Électronique,105999.0,-10.558284416608242,38,87.0,0
SN-4878, Pikine ,Restauration,1401224.0,14.966837710520158,147,96.0,0
SN-4879,Marché Sandaga,Électronique,924660.0,12.19895386958597,34,52.0,0
SN-4880,Parcelles Assainies,Habillement,77651.0,4.8575296411582,53,45.0,1
SN-4881,Guediawaye,Électronique,217751.0,-18.946940731967807,64,30.0,1
SN-4882,Marché Sandaga,Habillement,214133.0,-13.860331599921501,181,14.0,0
SN-4883,Pikine,Alimentation,1866965.0,,186,0.0,0
SN-4884,Guediawaye,Services,1235415.0,-31.52120904894042,149,101.0,0
SN-4885,Ouakam,Électronique,31495.0,5.363757350692505,159,12.0,0
SN-4886,Yoff,Électronique,1209147.0,,126,53.0,0
SN-4887, Pikine ,Habillement,1207544.0,-8.900087469074181,55,86.0,0
SN-4888,Medina,Électronique,577162.0,-7.870873910849234,135,89.0,1
SN-4889,Marche Sandaga,Habillement,134672.0,-31.190349836763723,149,48.0,1
SN-4890,Parcelles Assainies,nan,175606.0,-9.986253002280161,60,106.0,0
SN-4891,Ouakam,Habillement,365721.0,-30.666601664606734,141,-5.0,0
SN-4892,Marché Sandaga,Habillement,238614.0,-5.686374491600191,177,40.0,0
SN-4893,Guediawaye,Restauration,362185.0,-3.1085237222336093,56,66.0,0
SN-4894,Ouakam,nan,308764.0,15.77376132386963,113,79.0,0
SN-4895, Pikine ,Électronique,1637546.0,-22.47696066081908,6,84.0,0
SN-4896,Pikine,Alimentation,1842476.0,-7.509958184259801,125,34.0,0
SN-4897,Yoff,nan,894290.0,,93,59.0,0
SN-4898,Guediawaye,Restauration,243370.0,,145,53.0,0
SN-4899,Ouakam,Alimentation,399630.0,-21.945469841465055,107,55.0,1
SN-4900,Parcelles Assainies,Alimentation,212362.0,9.454152672881257,168,6.0,1
SN-4901,PIKINE,Électronique,1459101.0,53.02798622995408,182,23.0,0
SN-4902,Marché Sandaga,Électronique,1231502.0,13.130862256286068,12,24.0,1
SN-4903,Ouakam,Électronique,97579.0,-6.1992879322753875,77,72.0,0
SN-4904,Marche Sandaga,Restauration,1798144.0,12.213132789937253,158,-2.0,0
SN-4905,Parcelles Assainies,Alimentation,1199212.0,6.778661964204444,98,111.0,1
SN-4906,Marché Sandaga,Services,1647340.0,3.7360686210201393,47,73.0,0
SN-4907,Parcelles Assainies,Électronique,173179.0,-20.423829037136237,109,75.0,1
SN-4908, Pikine ,Habillement,299005.0,,69,23.0,1
SN-4909,Medina,Alimentation,1442964.0,28.3385282447202,2,80.0,0
SN-4910,Parcelles Assainies,Restauration,1901460.0,-1.7799483529184372,33,48.0,0
SN-4911, Pikine ,Habillement,1461021.0,15.085759891296881,127,7.0,0
SN-4912,Guediawaye,Restauration,1905197.0,-13.988192882799893,26,116.0,0
SN-4913,Ouakam,Services,406348.0,-9.148847197112053,167,109.0,0
SN-4914,Medina,Électronique,393717.0,-3.1526422345099876,132,113.0,0
SN-4915,Marché Sandaga,Habillement,1788358.0,-35.659441109196784,124,29.0,0
SN-4916,Medina,Restauration,129103.0,-8.714340923701217,117,70.0,0
SN-4917,Ouakam,Alimentation,1425743.0,-1.2866806758050875,101,117.0,0
SN-4918,Medina,Services,258150.0,22.87905536026972,82,107.0,0
SN-4919,Ouakam,Restauration,733014.0,-12.656675177856403,158,106.0,0
SN-4920,Medina,Restauration,191085.0,8.212174466457952,160,1.0,0
SN-4921,PIKINE,Services,436335.0,42.741203070128584,148,83.0,0
SN-4922,Ouakam,Restauration,205557.0,-14.969170587734805,125,29.0,1
SN-4923,Parcelles Assainies,Services,401971.0,-9.580833638778536,195,9.0,1
SN-4924,PIKINE,Électronique,1461871.0,-13.896454693269,4,63.0,0
SN-4925,PIKINE,Habillement,1360883.0,-33.3093225378106,12,96.0,0
SN-4926,Guediawaye,Services,1075128.0,-19.006351866909338,42,53.0,0
SN-4927, Pikine ,Services,389952.0,-54.150261680610555,85,88.0,0
SN-4928,Ouakam,nan,168473.0,9.588654407552943,144,81.0,1
SN-4929,Yoff,nan,246063.0,14.323010560582697,179,4.0,1
SN-4930,Pikine,Services,147512.0,-0.9250632164641964,4,45.0,1
SN-4931,Pikine,Alimentation,111247.0,2.2117638687227275,165,77.0,0
SN-4932,Marché Sandaga,Restauration,1067619.0,14.883809577034544,192,52.0,0
SN-4933,PIKINE,Électronique,895788.0,36.62948873213247,112,14.0,0
SN-4934,Pikine,Alimentation,511883.0,9.067433719174723,101,24.0,0
SN-4935,Marché Sandaga,Services,1510808.0,-13.02614801144392,91,53.0,0
SN-4936,Yoff,Électronique,1998271.0,,3,25.0,0
SN-4937,Guediawaye,Services,716695.0,30.991448815046226,25,67.0,0
SN-4938, Pikine ,Services,264936.0,,189,86.0,0
SN-4939,Medina,Services,1547184.0,-46.44011743045191,10,59.0,0
SN-4940, Pikine ,Habillement,1272502.0,53.81980865103643,91,25.0,0
SN-4941,Yoff,Habillement,1881375.0,21.722783255629544,47,117.0,0
SN-4942,Ouakam,Restauration,1517580.0,-37.398513821242766,149,110.0,0
SN-4943,Medina,Alimentation,83232.0,-24.321241541844046,98,88.0,1
SN-4944,Marche Sandaga,nan,680746.0,-0.388228482518825,58,10.0,0
SN-4945,Ouakam,Alimentation,1056807.0,-14.84435131193694,58,48.0,0
SN-4946,Ouakam,Électronique,338019.0,5.85756334512056,112,109.0,1
SN-4947,Parcelles Assainies,Restauration,1005512.0,-51.99324341303488,163,89.0,0
SN-4948,Guediawaye,Restauration,364406.0,1.4036622668204801,92,49.0,1
SN-4949,Ouakam,Restauration,1595867.0,3.05986404586101,83,31.0,0
SN-4950,Marché Sandaga,Services,1931853.0,-1.8272223786511652,183,0.0,0
SN-4951,Parcelles Assainies,Électronique,875623.0,23.230026325654446,147,-3.0,0
SN-4952,Ouakam,Électronique,181222.0,14.698002956173628,24,10.0,1
SN-4953, Pikine ,Habillement,1711797.0,,104,52.0,0
SN-4954, Pikine ,Alimentation,43322.0,20.793460593262783,16,19.0,0
SN-4955,Parcelles Assainies,Restauration,1989757.0,23.11669529741925,193,104.0,0
SN-4956,Ouakam,Habillement,1690750.0,-12.577565142688243,139,29.0,1
SN-4957,Parcelles Assainies,Électronique,1457138.0,2.224176813716142,138,21.0,0
SN-4958,Marche Sandaga,Électronique,419284.0,-29.363361729655487,134,96.0,0
SN-4959, Pikine ,Habillement,123376.0,-29.793180064583836,82,116.0,0
SN-4960,Marché Sandaga,nan,1080823.0,6.590561870065866,191,98.0,0
SN-4961,PIKINE,Services,1328174.0,3.213827053675681,70,117.0,0
SN-4962,PIKINE,Restauration,680030.0,17.489285390630364,154,29.0,0
SN-4963,Pikine,Restauration,1711907.0,,118,86.0,0
SN-4964,Marche Sandaga,Alimentation,1273206.0,-11.118735720903544,149,20.0,0
SN-4965,Medina,Services,492482.0,-8.216135250131252,136,-5.0,1
SN-4966,Ouakam,Services,972979.0,-3.9237939759934166,101,104.0,0
SN-4967,Guediawaye,Électronique,1159535.0,-16.21519502895525,70,27.0,0
SN-4968,PIKINE,Électronique,1392386.0,-21.61701051013481,148,84.0,0
SN-4969,Pikine,Alimentation,1864666.0,-37.18066680881064,66,53.0,0
SN-4970,Pikine,Habillement,1290248.0,,103,81.0,0
SN-4971,Guediawaye,Habillement,482039.0,45.01536087288297,183,87.0,0
SN-4972,Guediawaye,Restauration,667797.0,-6.858864575587268,11,15.0,1
SN-4973,Yoff,Habillement,889102.0,7.277727687273528,198,15.0,0
SN-4974,Yoff,Habillement,1151311.0,-26.20641247559711,154,40.0,0
SN-4975,Yoff,Services,870125.0,5.290951608743723,37,70.0,0
SN-4976,Pikine,Services,1238435.0,-29.567116617321876,162,79.0,0
SN-4977, Pikine ,Alimentation,486876.0,-0.958432961889124,93,10.0,0
SN-4978, Pikine ,Électronique,862050.0,4.829300414956788,39,80.0,0
SN-4979,Yoff,Habillement,782165.0,,189,9.0,0
SN-4980,Medina,nan,960100.0,35.27390960840907,133,106.0,0
SN-4981,Guediawaye,Habillement,688844.0,-35.511609409758655,31,52.0,0
SN-4982,Ouakam,Alimentation,140214.0,-3.088810482581921,140,21.0,0
SN-4983,Medina,Restauration,326131.0,-12.870683905238778,83,98.0,0
SN-4984,Marché Sandaga,Alimentation,162111.0,7.8534546254459245,3,41.0,0
SN-4985,Parcelles Assainies,Restauration,1915780.0,23.607246474684178,55,-2.0,0
SN-4986,PIKINE,Électronique,1360535.0,-23.510011184105185,182,45.0,0
SN-4987,Ouakam,Habillement,1006343.0,14.826938241474739,37,-5.0,0
SN-4988,Medina,Alimentation,1991906.0,-49.546540524701314,181,92.0,0
SN-4989,Medina,Alimentation,77963.0,25.91531733542858,72,23.0,1
SN-4990,Parcelles Assainies,Services,1472317.0,-23.43229782324924,196,1.0,1
SN-4991,Ouakam,Habillement,1153886.0,1.0891233405018057,68,41.0,0
SN-4992, Pikine ,Habillement,1947374.0,18.98354691500572,112,99.0,0
SN-4993,Marché Sandaga,Alimentation,1943391.0,1.002650325093448,12,17.0,0
SN-4994,PIKINE,Habillement,561810.0,,172,101.0,0
SN-4995,PIKINE,Habillement,1415626.0,-10.167532610351182,58,69.0,0
SN-4996,Ouakam,Alimentation,590365.0,-0.17803656841187068,181,7.0,1
SN-4997,Marche Sandaga,Électronique,487727.0,-8.131524051938309,89,77.0,0
SN-4998,Guediawaye,Services,359146.0,-1.449308327608496,164,83.0,0
SN-4999,Medina,Électronique,1406939.0,38.81884414229303,14,27.0,0
SN-5000,Yoff,Habillement,1671910.0,-11.690798791949057,56,96.0,0
SN-5001,PIKINE,nan,250452.0,-27.81397507536978,111,98.0,1
SN-5002,PIKINE,Alimentation,437774.0,24.712099768338824,138,4.0,1
SN-5003,Pikine,Services,1683160.0,4.029428543443155,133,67.0,0
SN-5004,Parcelles Assainies,Habillement,1977593.0,-7.1728006739579095,16,117.0,0
SN-5005,Yoff,Alimentation,1554474.0,-30.703897312055357,63,48.0,0
SN-5006,Pikine,Alimentation,57185.0,-30.969005076363118,31,22.0,0
SN-5007,Marche Sandaga,Restauration,1352062.0,18.232311432204575,75,71.0,0
SN-5008,Pikine,Alimentation,326992.0,-23.25670401838694,152,105.0,0
SN-5009, Pikine ,nan,1474237.0,-4.639108580241684,175,89.0,0
SN-5010,Yoff,Alimentation,1964471.0,28.047953096405948,2,69.0,0
SN-5011,Medina,Restauration,1434835.0,-9.618877376354835,185,21.0,0
SN-5012,Parcelles Assainies,Alimentation,1122228.0,9.35263542050648,93,85.0,0
SN-5013,Pikine,Restauration,1929935.0,11.011521512631111,101,106.0,0
SN-5014,Yoff,nan,275378.0,3.019233049475175,25,104.0,0
SN-5015,Ouakam,Restauration,949345.0,-9.265738439684268,147,13.0,1
SN-5016,Yoff,Services,12997.0,-20.118462282498946,157,104.0,0
SN-5017,Medina,Services,1750631.0,14.383312841622672,184,81.0,0
SN-5018,Yoff,Électronique,1925733.0,-7.28408371215788,29,71.0,0
SN-5019,Medina,Alimentation,352185.0,17.86397912276582,163,72.0,0
SN-5020,PIKINE,Restauration,232943.0,-6.178697363634356,149,104.0,0
SN-5021,Medina,Services,1564699.0,-18.44013508558415,36,14.0,1
SN-5022,Marche Sandaga,Habillement,374852.0,3.4200707518072844,166,9.0,1
SN-5023,Pikine,Électronique,1731077.0,7.161742570920619,195,84.0,0
SN-5024,Medina,Habillement,769140.0,-13.629373644858001,153,-1.0,0
SN-5025,PIKINE,Restauration,496741.0,-31.072314922702283,20,5.0,1
SN-5026,Pikine,Services,1445563.0,-23.497020777913,32,98.0,0
SN-5027, Pikine ,Alimentation,1165830.0,-23.897143683278482,52,54.0,0
SN-5028,Yoff,Habillement,83872.0,2.327746559438441,135,26.0,1
SN-5029,PIKINE,Services,1331315.0,-17.37017687336907,130,68.0,0
SN-5030,Marché Sandaga,Alimentation,1777443.0,16.76174066386942,105,60.0,0
SN-5031,PIKINE,Électronique,623271.0,43.355700795988355,14,3.0,1
SN-5032,Ouakam,Services,367480.0,7.086537809702263,98,67.0,1
SN-5033,Medina,nan,1520256.0,-39.179069102764544,96,70.0,0
SN-5034,Medina,Électronique,735925.0,4.748378573319903,184,103.0,0
SN-5035,Guediawaye,Alimentation,1528639.0,,17,82.0,0
SN-5036,Ouakam,Alimentation,1157538.0,4.196373513915513,166,100.0,0
SN-5037,Yoff,Alimentation,1989912.0,-21.765577655719955,194,92.0,0
SN-5038,Guediawaye,Alimentation,1867227.0,,75,102.0,0
SN-5039,Marche Sandaga,Électronique,261207.0,6.633208317586731,12,59.0,1
SN-5040,Marché Sandaga,Services,774361.0,-9.631741581689752,16,26.0,0
SN-5041,PIKINE,Habillement,961278.0,2.7042722246292317,127,117.0,0
SN-5042, Pikine ,Restauration,1574658.0,44.96947230273399,189,62.0,0
SN-5043,Yoff,Électronique,894722.0,9.634486694360767,10,32.0,0
SN-5044,Marche Sandaga,Habillement,1634806.0,-2.2192641113729557,94,26.0,0
SN-5045,Yoff,Restauration,174954.0,1.694012301938134,72,80.0,0
SN-5046,Medina,Alimentation,332097.0,13.811655116185765,156,97.0,0
SN-5047,Yoff,Restauration,1686043.0,14.782768004079951,30,52.0,0
SN-5048,Marché Sandaga,Habillement,357477.0,-27.40827726131129,173,10.0,0
SN-5049,Marché Sandaga,Habillement,1248802.0,-9.000200888239396,140,13.0,0
SN-5050,Ouakam,Restauration,84539.0,11.622916538866356,165,108.0,0
SN-5051,Marche Sandaga,Restauration,449217.0,-6.381829701939559,196,20.0,1
SN-5052,Parcelles Assainies,Restauration,1293143.0,8.083272001757113,82,44.0,0
SN-5053,Medina,Alimentation,439392.0,21.810490146062698,184,53.0,1
SN-5054,Guediawaye,Habillement,1632473.0,,18,29.0,1
SN-5055,Medina,Habillement,232348.0,7.006239999142418,102,115.0,0
SN-5056,Marché Sandaga,nan,1993532.0,-6.022134537833079,123,63.0,0
SN-5057,Marche Sandaga,Restauration,1554341.0,-2.8837950869356765,133,33.0,0
SN-5058,Medina,Électronique,168459.0,26.67726794383292,114,-3.0,1
SN-5059,Guediawaye,Restauration,135465.0,32.341780914521586,103,9.0,0
SN-5060,Guediawaye,Alimentation,1893342.0,-22.054738297002217,73,87.0,0
SN-5061,Parcelles Assainies,Alimentation,1068401.0,-11.54088284583022,40,91.0,0
SN-5062,Marche Sandaga,Électronique,1437986.0,10.926296761729725,175,82.0,0
SN-5063,Guediawaye,Restauration,1760853.0,13.543023487455109,35,20.0,0
SN-5064,PIKINE,Habillement,591056.0,23.87337133384964,87,61.0,1
SN-5065,Marché Sandaga,Habillement,974610.0,,110,0.0,1
SN-5066,Ouakam,Alimentation,453730.0,-14.508860601663374,33,110.0,0
SN-5067,Yoff,nan,1513279.0,12.831726856829572,62,37.0,1
SN-5068, Pikine ,Restauration,994684.0,-19.48662769300046,83,42.0,0
SN-5069,Guediawaye,Habillement,1318906.0,5.47590251615491,121,78.0,0
SN-5070,Medina,Habillement,689669.0,17.926053792228164,83,111.0,0
SN-5071,Medina,Électronique,1363683.0,-14.33857942877628,5,64.0,0
SN-5072,Medina,Habillement,491318.0,-10.161327725482842,186,14.0,1
SN-5073,Yoff,Restauration,609214.0,-15.074010475955555,71,13.0,1
SN-5074,Marche Sandaga,Habillement,1050763.0,-38.882022901288934,123,12.0,0
SN-5075, Pikine ,Restauration,358532.0,27.469874146716325,126,74.0,0
SN-5076,Medina,Restauration,729440.0,-32.344215103108084,54,74.0,0
SN-5077,Parcelles Assainies,Habillement,1777965.0,18.378463435294755,198,66.0,0
SN-5078, Pikine ,Services,1576966.0,18.943523738070088,144,-5.0,0
SN-5079,Marche Sandaga,Services,881399.0,-7.265481560818056,47,77.0,0
SN-5080,Marché Sandaga,Alimentation,718652.0,17.757314463965432,98,15.0,0
SN-5081,Medina,nan,134500.0,1.926013122616948,117,48.0,1
SN-5082,Marché Sandaga,Restauration,1665706.0,7.785245026752651,77,40.0,0
SN-5083,Parcelles Assainies,Électronique,40375.0,13.387310434928885,72,60.0,0
SN-5084, Pikine ,Restauration,249734.0,-20.809888226517288,181,9.0,0
SN-5085,Medina,Habillement,1038581.0,19.199814721009897,136,46.0,0
SN-5086,Marche Sandaga,Habillement,369907.0,19.230837287780144,49,16.0,0
SN-5087,Pikine,Services,188839.0,-23.506759775781433,16,49.0,0
SN-5088,Marche Sandaga,Restauration,1181012.0,-17.86664614715808,19,103.0,0
SN-5089,Marché Sandaga,Habillement,1376880.0,-34.80216506556462,22,34.0,0
SN-5090,PIKINE,Services,410487.0,8.83486510359903,186,13.0,1
SN-5091,Medina,Électronique,794915.0,29.01926788884542,38,113.0,0
SN-5092,Marche Sandaga,Services,428860.0,16.284337491605505,179,84.0,0
SN-5093,Parcelles Assainies,Électronique,603122.0,24.25236365889672,66,-2.0,0
SN-5094,Guediawaye,Alimentation,6421.0,,180,99.0,0
SN-5095,Marche Sandaga,nan,42194.0,17.971912417243818,153,117.0,1
SN-5096, Pikine ,Alimentation,1716758.0,-3.9314832196971903,36,16.0,0
SN-5097,Ouakam,Alimentation,565163.0,7.758437241816649,73,95.0,0
SN-5098,PIKINE,Alimentation,1727488.0,-13.420279965750579,125,-1.0,0
SN-5099,Guediawaye,Restauration,759253.0,-8.771817096632228,26,92.0,0
SN-5100,Medina,Électronique,385523.0,-8.96213083139363,28,59.0,0
SN-5101,Parcelles Assainies,Habillement,1641426.0,15.42759026641824,184,28.0,0
SN-5102,Marché Sandaga,Habillement,1458022.0,27.121963151000607,50,32.0,0
SN-5103,Guediawaye,Restauration,921742.0,4.0195166633859545,50,36.0,0
SN-5104,PIKINE,Électronique,1723500.0,18.43113826918467,137,28.0,0
SN-5105,Guediawaye,Services,416409.0,13.525835140481508,155,20.0,1
SN-5106,PIKINE,Alimentation,1830332.0,-8.045262119477773,60,45.0,0
SN-5107,Yoff,Services,1448646.0,-5.596464898712691,97,56.0,0
SN-5108,PIKINE,Électronique,1560703.0,-31.870520984575084,88,108.0,0
SN-5109,Marché Sandaga,Électronique,86027.0,-26.323090022772373,183,57.0,1
SN-5110,Ouakam,Alimentation,530496.0,-35.21857753775525,104,101.0,0
SN-5111,Ouakam,Services,797932.0,,88,34.0,1
SN-5112,Marche Sandaga,Restauration,594432.0,14.610244398238699,72,13.0,0
SN-5113,Pikine,Restauration,65391.0,-33.58650198426745,93,65.0,0
SN-5114,Pikine,Services,1561435.0,19.750842075439515,113,-4.0,0
SN-5115,Marché Sandaga,Électronique,1396406.0,-22.793839298528084,191,8.0,0
SN-5116,Medina,Restauration,360445.0,-13.716868752336497,38,107.0,0
SN-5117,Marché Sandaga,Électronique,754209.0,21.010442476347105,35,11.0,0
SN-5118,Medina,Services,1108423.0,,198,26.0,0
SN-5119, Pikine ,Électronique,63201.0,14.488127390555011,116,115.0,1
SN-5120,Marché Sandaga,Habillement,1526546.0,32.038483951379206,21,75.0,0
SN-5121, Pikine ,Alimentation,54432.0,-13.31843340861897,160,22.0,1
SN-5122,Marche Sandaga,Habillement,296957.0,11.924107251084857,15,99.0,0
SN-5123,Parcelles Assainies,Restauration,1172847.0,5.457591799021096,158,98.0,0
SN-5124, Pikine ,Restauration,450697.0,23.590573410888744,12,14.0,0
SN-5125,Pikine,Restauration,1731264.0,-2.9758516359445757,24,111.0,0
SN-5126,Parcelles Assainies,Services,1912098.0,,111,116.0,0
SN-5127,Yoff,Électronique,859885.0,19.85906019014982,79,19.0,0
SN-5128,Marche Sandaga,Électronique,1614833.0,0.4376968776127904,93,106.0,0
SN-5129,Parcelles Assainies,Services,1808109.0,38.51767020481339,54,119.0,0
SN-5130,Yoff,nan,148092.0,-5.350372786132777,97,73.0,1
SN-5131,Pikine,Habillement,179720.0,8.174172440139424,195,6.0,0
SN-5132,Guediawaye,Alimentation,1115432.0,-30.49052019076781,156,88.0,0
SN-5133,Marche Sandaga,Services,1167266.0,-12.25364361491615,122,2.0,0
SN-5134,PIKINE,Services,260697.0,-0.17293086216696746,25,40.0,0
SN-5135,Guediawaye,Habillement,384423.0,,118,119.0,0
SN-5136,Pikine,Services,1422779.0,5.397821300913307,196,92.0,0
SN-5137,Ouakam,Habillement,311258.0,-17.950764031087374,148,27.0,1
SN-5138,Parcelles Assainies,Alimentation,245978.0,5.4753862382443375,16,56.0,1
SN-5139, Pikine ,nan,1631728.0,2.945247703417058,151,89.0,0
SN-5140, Pikine ,Restauration,737499.0,-15.493910035527199,162,26.0,0
SN-5141,Marche Sandaga,Restauration,996906.0,22.19956874681433,128,95.0,0
SN-5142, Pikine ,Alimentation,1430190.0,-13.416878877568138,120,16.0,0
SN-5143,Medina,Alimentation,1929383.0,-39.32052406088134,39,30.0,0
SN-5144,Pikine,Électronique,173469.0,13.630995564621353,175,114.0,0
SN-5145,Marché Sandaga,Restauration,129563.0,,78,8.0,1
SN-5146, Pikine ,Habillement,583584.0,-6.158635846474356,148,59.0,1
SN-5147,Marche Sandaga,Habillement,612451.0,-15.852420613034255,183,37.0,0
SN-5148,Guediawaye,Électronique,616231.0,-17.68755064601558,55,74.0,0
SN-5149,PIKINE,Électronique,136668.0,-17.905627845076605,151,33.0,1
SN-5150,Marche Sandaga,Restauration,1333834.0,-16.204732951463285,127,37.0,0
SN-5151,Parcelles Assainies,Alimentation,1790565.0,-28.368121158653665,52,12.0,0
SN-5152,Pikine,Habillement,1404344.0,10.159785082071217,168,80.0,0
SN-5153,Yoff,Restauration,1673841.0,-22.827084443845706,160,88.0,0
SN-5154,PIKINE,Électronique,328665.0,-21.728272550525798,149,93.0,0
SN-5155,Marché Sandaga,Électronique,1893715.0,13.237528849865857,18,71.0,0
SN-5156,Marche Sandaga,Habillement,1747827.0,-18.168868796675287,23,77.0,0
SN-5157,Medina,nan,755239.0,-39.884061522639826,71,2.0,1
SN-5158,Medina,Restauration,1147976.0,-16.382180837172868,135,103.0,0
SN-5159,Marché Sandaga,Alimentation,903147.0,24.218932471230694,118,20.0,1
SN-5160,Medina,Habillement,420655.0,5.587963880306976,123,87.0,0
SN-5161,Ouakam,Habillement,444676.0,-6.810861560646577,137,47.0,0
SN-5162,Medina,Restauration,486054.0,-37.80443947898842,34,8.0,1
SN-5163,Pikine,Alimentation,366248.0,14.726219535059169,29,87.0,0
SN-5164,Parcelles Assainies,Alimentation,65473.0,2.753504787027659,72,59.0,0
SN-5165,Parcelles Assainies,Alimentation,1009015.0,47.007843080425864,23,89.0,1
SN-5166,Marche Sandaga,Habillement,34742.0,-18.319762765813397,101,67.0,0
SN-5167,Yoff,Électronique,246110.0,-9.90564082949124,161,2.0,1
SN-5168, Pikine ,Services,472841.0,-27.47227156904885,112,106.0,0
SN-5169,Medina,Électronique,693226.0,-6.311309693599084,166,52.0,0
SN-5170,Pikine,Restauration,1018451.0,-4.968789700128255,82,-2.0,1
SN-5171,Parcelles Assainies,Habillement,1939701.0,-3.0321684453071045,142,109.0,0
SN-5172,Yoff,Restauration,496843.0,27.597821331511337,107,1.0,1
SN-5173,Marché Sandaga,Habillement,1869095.0,16.81064723055476,4,44.0,0
SN-5174,Ouakam,Restauration,1135774.0,-8.56070306863104,112,42.0,0
SN-5175,Marché Sandaga,Restauration,1486153.0,-4.212028825575457,82,55.0,0
SN-5176,PIKINE,Restauration,611238.0,-2.789541335957227,35,92.0,0
SN-5177,Marche Sandaga,Électronique,172390.0,-29.299430920543983,24,23.0,0
SN-5178, Pikine ,Habillement,472429.0,-29.16918415456824,109,38.0,0
SN-5179, Pikine ,Électronique,1662826.0,-27.349008576117185,20,14.0,0
SN-5180,Guediawaye,Électronique,704863.0,-7.1265154743615735,140,60.0,0
SN-5181,Parcelles Assainies,Électronique,779128.0,6.017421562433995,50,79.0,0
SN-5182,Guediawaye,Restauration,1451662.0,,7,-2.0,0
SN-5183,Medina,nan,1244174.0,-11.041358851588276,190,62.0,0
SN-5184,Pikine,Alimentation,1495204.0,-18.359190960671533,23,113.0,0
SN-5185,Parcelles Assainies,Électronique,543057.0,7.079297681477829,24,69.0,0
SN-5186,Guediawaye,Alimentation,730963.0,,49,93.0,0
SN-5187,Medina,Électronique,896060.0,36.97056688142304,10,68.0,1
SN-5188,Marche Sandaga,Électronique,1372371.0,-6.558115777297223,66,111.0,0
SN-5189,Marche Sandaga,Alimentation,658740.0,-10.942176500744376,127,77.0,0
SN-5190,Marche Sandaga,Électronique,52451.0,16.154384922846702,63,119.0,0
SN-5191,Ouakam,Habillement,47525.0,42.34090061537196,181,74.0,1
SN-5192,Marche Sandaga,Habillement,1126136.0,5.142388381719276,58,42.0,0
SN-5193,Medina,Alimentation,335332.0,5.608209940158954,195,-4.0,1
SN-5194, Pikine ,Alimentation,1597846.0,31.7358509635499,81,70.0,0
SN-5195,Marché Sandaga,Restauration,1635103.0,-14.766530492256958,75,-4.0,0
SN-5196,Guediawaye,Habillement,1901075.0,17.44296067213051,178,30.0,0
SN-5197,Yoff,Restauration,1669727.0,-10.594453692288486,66,92.0,0
SN-5198,Marche Sandaga,Alimentation,788220.0,,73,24.0,1
SN-5199,Ouakam,Habillement,110716.0,-2.954565142186248,126,104.0,0
SN-5200,Marché Sandaga,Services,1471092.0,7.654510151992961,106,96.0,0
SN-5201,PIKINE,nan,1269523.0,-11.073853196065443,107,98.0,0
SN-5202,Yoff,Restauration,466308.0,-8.093839802204524,15,84.0,1
SN-5203,PIKINE,Habillement,1621110.0,22.665771888958425,167,47.0,0
SN-5204, Pikine ,Services,636441.0,-24.181541562419046,26,39.0,0
SN-5205,Medina,Restauration,912152.0,-22.68327235156569,121,9.0,0
SN-5206,Parcelles Assainies,Restauration,1335249.0,6.026760244400286,34,77.0,0
SN-5207,Marché Sandaga,Habillement,1697393.0,14.966289075434918,196,63.0,0
SN-5208,Yoff,Restauration,1285799.0,-41.019317462197016,153,65.0,0
SN-5209,Ouakam,Électronique,1433090.0,-15.208670763274652,25,70.0,0
SN-5210,PIKINE,Restauration,1161428.0,-27.394429688338935,182,93.0,0
SN-5211,PIKINE,nan,841504.0,6.1268796252233715,65,9.0,0
SN-5212,Pikine,Habillement,1051435.0,21.844781278162017,96,91.0,0
SN-5213,Parcelles Assainies,Services,1458810.0,-25.396996030615696,85,51.0,0
SN-5214,Yoff,Électronique,300683.0,2.448574744756984,98,38.0,0
SN-5215,Marche Sandaga,Habillement,1707860.0,48.95029033402706,4,119.0,0
SN-5216,Pikine,Électronique,622258.0,2.093472962639527,71,43.0,0
SN-5217, Pikine ,Alimentation,1494994.0,-6.856838721535333,101,30.0,0
SN-5218, Pikine ,Restauration,672777.0,6.243623803010543,49,119.0,0
SN-5219,Ouakam,Services,1077954.0,3.5811475043988357,186,2.0,0
SN-5220,Marché Sandaga,Restauration,1040230.0,-10.83618500162331,88,25.0,1
SN-5221,Marche Sandaga,nan,1210650.0,-11.26650176332327,84,102.0,0
SN-5222,PIKINE,Habillement,1741339.0,4.358507381551714,148,55.0,0
SN-5223,Ouakam,nan,1881160.0,24.575589237916663,196,17.0,0
SN-5224,Guediawaye,Habillement,797960.0,-24.38843083279427,53,99.0,0
SN-5225,PIKINE,Restauration,797683.0,,56,98.0,0
SN-5226,Medina,Alimentation,198984.0,-36.17867740623644,85,7.0,1
SN-5227,Yoff,Restauration,876831.0,-17.204498452025263,49,12.0,0
SN-5228,Marché Sandaga,Restauration,1611977.0,-17.430109258154065,183,93.0,0
SN-5229,Parcelles Assainies,Services,351761.0,-11.27200771139588,175,53.0,0
SN-5230,Marché Sandaga,Alimentation,1852044.0,-4.58593388371612,76,109.0,0
SN-5231,Marche Sandaga,Habillement,1876204.0,-10.513343692546718,108,-3.0,0
SN-5232,Medina,Alimentation,274388.0,18.227752508124194,26,114.0,0
SN-5233, Pikine ,Restauration,671582.0,-4.192628967853204,85,115.0,0
SN-5234,Parcelles Assainies,Électronique,1560170.0,-13.656453705571945,188,16.0,0
SN-5235,Medina,Services,652059.0,-13.081414619821672,105,2.0,1
SN-5236, Pikine ,Restauration,605312.0,-26.717609033928895,4,10.0,1
SN-5237,Marche Sandaga,Électronique,1994482.0,-3.924953086191609,145,106.0,0
SN-5238,Parcelles Assainies,Restauration,1514730.0,-8.011329642328684,143,19.0,0
SN-5239,Marché Sandaga,Électronique,361649.0,-34.10182414808657,79,104.0,0
SN-5240,Marche Sandaga,Services,1382751.0,17.462764529316612,123,6.0,0
SN-5241,Guediawaye,Habillement,1042081.0,2.3774840858408157,32,-4.0,0
SN-5242,Yoff,Électronique,1554816.0,4.78675024075988,16,75.0,0
SN-5243, Pikine ,Habillement,541646.0,-1.8957429537012593,171,47.0,0
SN-5244,Parcelles Assainies,Habillement,1535126.0,1.3379508665298308,64,23.0,0
SN-5245,PIKINE,Habillement,1023187.0,9.934407749129901,109,61.0,0
SN-5246,Ouakam,Électronique,527729.0,2.0614805647464842,195,24.0,0
SN-5247, Pikine ,Restauration,25356.0,12.878405237739585,95,101.0,1
SN-5248,Parcelles Assainies,Services,1270963.0,-21.435286534236102,187,22.0,0
SN-5249,Yoff,Habillement,182756.0,2.285600754066114,144,65.0,1
SN-5250,Marché Sandaga,Alimentation,1590855.0,24.33323887781426,44,63.0,0
SN-5251,Marché Sandaga,Habillement,1374217.0,-8.053739240288492,94,79.0,0
SN-5252,Medina,Électronique,716.0,-30.19313109717033,156,95.0,0
SN-5253,PIKINE,Électronique,1478047.0,-4.833618142931125,127,11.0,0
SN-5254,Pikine,Restauration,1744473.0,9.37091892287982,128,67.0,0
SN-5255,Pikine,Alimentation,1931185.0,19.015833455453542,145,17.0,0
SN-5256,Medina,Habillement,726518.0,13.602103582492065,176,57.0,0
SN-5257, Pikine ,Restauration,383373.0,-9.091929786753331,87,96.0,0
SN-5258,Medina,Restauration,856176.0,-8.512780923196138,43,63.0,0
SN-5259,Pikine,Services,1244369.0,18.383810476475688,147,-1.0,0
SN-5260,Guediawaye,Alimentation,1888669.0,-23.016369808978986,117,23.0,0
SN-5261,PIKINE,Électronique,1994963.0,25.94412318496414,181,116.0,0
SN-5262,Marché Sandaga,nan,1142084.0,-16.56834251480978,191,78.0,0
SN-5263,Ouakam,Alimentation,1482661.0,-2.5013790892318397,90,107.0,0
SN-5264,Pikine,Services,323765.0,14.787335531001995,28,53.0,0
SN-5265,Pikine,Électronique,1721123.0,20.79755734077225,67,42.0,0
SN-5266,Marche Sandaga,Alimentation,40028.0,7.324155768143838,70,0.0,0
SN-5267,Yoff,Restauration,813129.0,-16.96632300477872,5,8.0,1
SN-5268,PIKINE,Habillement,662468.0,-0.7488869323986738,122,85.0,0
SN-5269,Marché Sandaga,Habillement,1020393.0,26.11663391565842,40,3.0,1
SN-5270,Parcelles Assainies,Habillement,1450173.0,7.892611006230743,85,6.0,0
SN-5271,Yoff,Électronique,409726.0,3.7844157401960468,8,79.0,0
SN-5272,PIKINE,Électronique,336088.0,23.5861747800478,167,50.0,1
SN-5273,Ouakam,Services,1699894.0,22.332086646618656,120,83.0,0
SN-5274,Guediawaye,Électronique,103157.0,3.236377790054861,50,48.0,1
SN-5275,Parcelles Assainies,Alimentation,719989.0,-23.348836426198105,100,19.0,0
SN-5276,Guediawaye,Services,1120843.0,21.825812668164644,52,16.0,0
SN-5277,PIKINE,Alimentation,601268.0,21.38406007490804,183,63.0,0
SN-5278,Marché Sandaga,Restauration,165688.0,-49.22838930916397,146,85.0,0
SN-5279,Ouakam,Électronique,888718.0,17.49573273279988,127,28.0,0
SN-5280,Medina,Services,854399.0,,87,12.0,0
SN-5281,Yoff,Habillement,848675.0,-21.365899698383842,88,101.0,1
SN-5282,Marché Sandaga,Habillement,16100.0,19.832043469328486,99,54.0,0
SN-5283,Guediawaye,Habillement,1298964.0,-9.381088696318757,195,-4.0,0
SN-5284,Ouakam,Services,1301067.0,-34.838671455121506,24,81.0,0
SN-5285,PIKINE,Alimentation,930413.0,23.54754315431077,9,115.0,0
SN-5286,Ouakam,Habillement,1993576.0,-9.35458192958957,168,101.0,0
SN-5287,Parcelles Assainies,nan,1873400.0,-20.609901561881653,181,23.0,0
SN-5288,Yoff,Alimentation,679635.0,5.317538964711769,43,14.0,0
SN-5289,Medina,Restauration,252575.0,38.96816635910063,15,114.0,0
SN-5290,Guediawaye,Habillement,533043.0,-12.361540650201803,128,65.0,0
SN-5291,Guediawaye,Habillement,867859.0,16.844997508201587,116,38.0,0
SN-5292,Pikine,Alimentation,76278.0,8.18558139067245,66,116.0,0
SN-5293,Pikine,Habillement,1641654.0,13.599360056062809,5,-3.0,0
SN-5294,Yoff,Alimentation,794957.0,-13.004386997770974,180,59.0,1
SN-5295,PIKINE,Électronique,538613.0,28.025075472816493,87,3.0,0
SN-5296, Pikine ,Services,1642317.0,20.16299568754777,172,108.0,0
SN-5297,Marche Sandaga,Alimentation,1379141.0,-9.766369411248593,8,101.0,1
SN-5298,Marché Sandaga,Restauration,694881.0,-6.6993590168418375,132,113.0,0
SN-5299,Pikine,Électronique,853127.0,-20.90709803948609,75,-5.0,0
SN-5300,Marché Sandaga,Alimentation,1861161.0,-42.05078841606643,123,17.0,0
SN-5301, Pikine ,Alimentation,283242.0,-12.277393423524288,140,44.0,0
SN-5302,PIKINE,Restauration,586625.0,6.963725748811026,150,39.0,1
SN-5303,Pikine,Alimentation,1634008.0,23.600360997905266,197,90.0,0
SN-5304,Pikine,Habillement,656359.0,,98,4.0,0
SN-5305,Marche Sandaga,Alimentation,1672322.0,-10.305027805947356,119,13.0,0
SN-5306,Guediawaye,Alimentation,1348579.0,-10.94941030688139,168,1.0,1
SN-5307,Parcelles Assainies,Restauration,923593.0,28.63353944059865,50,79.0,0
SN-5308,Guediawaye,Services,214850.0,0.4336184270221835,121,91.0,0
SN-5309,PIKINE,Habillement,949534.0,-29.888985012838226,147,28.0,0
SN-5310,Marché Sandaga,Habillement,491062.0,9.5955504685868,54,69.0,0
SN-5311,Marché Sandaga,nan,868245.0,-29.284222926998137,9,113.0,0
SN-5312,Pikine,Restauration,1469795.0,-9.874456465760428,84,43.0,1
SN-5313,Ouakam,Électronique,130503.0,4.27294574511303,118,106.0,1
SN-5314,Ouakam,Restauration,1016241.0,-5.802312205935225,164,52.0,0
SN-5315,Parcelles Assainies,Habillement,1418662.0,-5.126148090862196,186,51.0,0
SN-5316,Marché Sandaga,Électronique,536003.0,4.695459108325374,82,76.0,0
SN-5317,Marché Sandaga,Restauration,1083546.0,21.47764703785694,156,115.0,0
SN-5318,Medina,Restauration,1820971.0,-23.514172226296346,115,83.0,0
SN-5319,Guediawaye,Électronique,932428.0,-1.9434587737622777,66,100.0,0
SN-5320,PIKINE,Restauration,383073.0,-9.207026232054984,108,62.0,1
SN-5321, Pikine ,Habillement,711494.0,3.5501604500994786,27,26.0,0
SN-5322,Ouakam,Électronique,642189.0,21.312606828848438,53,97.0,1
SN-5323,Yoff,Alimentation,830350.0,-16.374791856057893,18,50.0,0
SN-5324,Pikine,Alimentation,785399.0,18.451517531118665,195,-3.0,0
SN-5325,Medina,Habillement,721651.0,-9.994722181997352,162,109.0,0
SN-5326,Marché Sandaga,Alimentation,1464517.0,7.8652128860705774,157,9.0,0
SN-5327,Marche Sandaga,Habillement,629397.0,45.056579880912444,182,45.0,1
SN-5328,Marché Sandaga,Restauration,1456875.0,14.405281296068104,0,62.0,0
SN-5329,Marche Sandaga,Restauration,1109920.0,14.287748333841881,162,96.0,0
SN-5330,Medina,Restauration,1635698.0,-1.161164828633077,29,76.0,0
SN-5331,Ouakam,Restauration,1315466.0,-1.5681272367470067,69,45.0,0
SN-5332,Ouakam,Services,188177.0,-19.11975462798238,57,41.0,0
SN-5333,Marché Sandaga,Alimentation,1455269.0,-24.440596398911882,100,66.0,0
SN-5334,Marché Sandaga,Services,207467.0,16.148465178544154,57,67.0,0
SN-5335, Pikine ,Électronique,1869676.0,-10.570950057872526,78,98.0,0
SN-5336,Marche Sandaga,Services,156582.0,0.2922272616200322,175,5.0,1
SN-5337,Guediawaye,Électronique,721811.0,-40.72427547587762,181,113.0,0
SN-5338, Pikine ,Restauration,1986087.0,7.139266325646632,121,96.0,0
SN-5339, Pikine ,Habillement,1817671.0,17.107730623912587,134,0.0,0
SN-5340,Yoff,Services,856681.0,-8.099586796612533,91,2.0,0
SN-5341,Ouakam,Électronique,1817037.0,-7.862383442762454,153,78.0,0
SN-5342,Medina,Alimentation,519253.0,19.24972147887646,144,119.0,0
SN-5343,Pikine,Habillement,74989.0,27.506846416857883,40,62.0,0
SN-5344, Pikine ,Habillement,318965.0,-3.8831719504395235,170,6.0,0
SN-5345, Pikine ,Restauration,750136.0,-15.092887284596658,64,118.0,0
SN-5346,Marche Sandaga,Restauration,1665671.0,8.16752316063529,3,24.0,0
SN-5347,Pikine,Restauration,1065658.0,-10.9919426594834,165,84.0,0
SN-5348,Marche Sandaga,nan,478996.0,-43.531289363138946,113,24.0,1
SN-5349,PIKINE,Électronique,1095538.0,-4.8325165017109,154,-4.0,1
SN-5350,Marché Sandaga,nan,1107831.0,-8.210871317248463,80,49.0,1
SN-5351,Marche Sandaga,Restauration,1491121.0,11.704738099736367,126,21.0,0
SN-5352,PIKINE,Électronique,709101.0,,187,1.0,1
SN-5353, Pikine ,Habillement,1647164.0,11.355333437568355,73,76.0,0
SN-5354,Guediawaye,Alimentation,131064.0,21.794923652806023,116,68.0,0
SN-5355,Parcelles Assainies,Alimentation,1843732.0,-13.688709851246086,190,45.0,0
SN-5356,Yoff,Services,171418.0,-32.29945446679433,151,88.0,0
SN-5357,Marché Sandaga,Habillement,1776044.0,-15.145767382664317,109,31.0,0
SN-5358,PIKINE,Alimentation,914024.0,-13.751220274776285,21,102.0,0
SN-5359,Pikine,Alimentation,1217655.0,35.21955528760506,144,106.0,0
SN-5360,Guediawaye,Services,793878.0,,45,66.0,0
SN-5361,Ouakam,Habillement,1173054.0,-9.803711100962829,108,12.0,0
SN-5362,Pikine,Électronique,753037.0,36.87849010384345,146,66.0,0
SN-5363,Guediawaye,Alimentation,85212.0,17.989397305341576,102,65.0,1
SN-5364,Parcelles Assainies,Restauration,1371777.0,-9.672752967686169,27,-2.0,0
SN-5365, Pikine ,Alimentation,269532.0,,112,98.0,0
SN-5366,PIKINE,Services,818046.0,-20.177855833289307,22,35.0,1
SN-5367, Pikine ,Électronique,242955.0,,12,31.0,0
SN-5368,Marche Sandaga,nan,1288066.0,23.914804360638403,167,55.0,0
SN-5369,Guediawaye,Services,363843.0,2.814854874367489,71,64.0,0
SN-5370,Guediawaye,Électronique,1934609.0,-4.5508949156655785,54,14.0,0
SN-5371,Pikine,Restauration,1446588.0,0.9397191905316392,141,101.0,1
SN-5372, Pikine ,Alimentation,1481177.0,-1.2161982882270004,18,16.0,0
SN-5373,Pikine,Restauration,368771.0,,77,19.0,1
SN-5374,Marche Sandaga,Habillement,482528.0,-7.549029270543207,98,88.0,0
SN-5375,Pikine,Habillement,997059.0,14.109726096026323,78,59.0,0
SN-5376,PIKINE,Services,1600788.0,-30.0140548825363,106,116.0,0
SN-5377,Marché Sandaga,Habillement,1630516.0,-38.227303835671634,100,68.0,0
SN-5378,PIKINE,Services,1973831.0,-43.86126328440891,126,42.0,0
SN-5379,Parcelles Assainies,Alimentation,326061.0,,149,39.0,0
SN-5380,Guediawaye,Alimentation,1063205.0,-32.22426913031737,180,61.0,0
SN-5381,Pikine,Habillement,642775.0,6.021403456172002,147,36.0,0
SN-5382,PIKINE,nan,1117625.0,25.94278785545732,133,47.0,0
SN-5383,Ouakam,Alimentation,1488810.0,9.627076758283717,162,69.0,0
SN-5384,Pikine,Électronique,1873209.0,-16.05962549378249,177,26.0,0
SN-5385,Guediawaye,Services,1816845.0,24.668021988878262,175,8.0,0
SN-5386,Marche Sandaga,Électronique,1099370.0,30.278347996034597,41,1.0,0
SN-5387,Medina,Alimentation,908568.0,9.670118475039974,83,87.0,0
SN-5388,Marche Sandaga,Habillement,1137874.0,-10.0155974057465,167,77.0,0
SN-5389,Parcelles Assainies,Restauration,715667.0,-2.8005907678866993,40,55.0,1
SN-5390,Marche Sandaga,Électronique,1202869.0,21.575053556668287,141,35.0,1
SN-5391,Guediawaye,Services,1931822.0,-1.2520634342424664,196,49.0,0
SN-5392,Pikine,Habillement,1295477.0,22.762568927772758,67,5.0,0
SN-5393,Parcelles Assainies,Alimentation,500330.0,25.418366022390963,66,43.0,0
SN-5394,Medina,Habillement,1001733.0,-17.572114910741494,26,-1.0,0
SN-5395,Guediawaye,Électronique,1454331.0,-24.771100042463587,93,116.0,0
SN-5396, Pikine ,Restauration,725842.0,-6.770306823724397,69,83.0,0
SN-5397,Parcelles Assainies,Alimentation,638663.0,-2.481999689222409,135,38.0,1
SN-5398,Guediawaye,Services,1183499.0,,112,62.0,0
SN-5399,Marche Sandaga,Alimentation,837386.0,-30.895408191716683,113,107.0,0
SN-5400,Guediawaye,Restauration,623459.0,7.59269417432349,98,48.0,0
SN-5401,Medina,nan,1693477.0,5.265653101354851,191,112.0,0
SN-5402,Parcelles Assainies,Alimentation,1277459.0,-16.43957136804168,198,13.0,0
SN-5403,Medina,Alimentation,1353669.0,10.711121715495446,70,6.0,0
SN-5404,Yoff,Services,1128857.0,-10.418795274820422,137,5.0,1
SN-5405,Guediawaye,Alimentation,1603474.0,-22.464192514448467,111,70.0,0
SN-5406, Pikine ,Habillement,375706.0,17.443837102696758,126,110.0,0
SN-5407,Marché Sandaga,nan,1647458.0,27.767935890116448,119,84.0,0
SN-5408,Marche Sandaga,Électronique,1974723.0,38.391170884352555,155,90.0,0
SN-5409,Marche Sandaga,Électronique,955188.0,11.221563753024082,88,54.0,0
SN-5410,Ouakam,nan,69866.0,5.931324729862428,86,18.0,0
SN-5411,Parcelles Assainies,Habillement,899003.0,26.49452854328902,168,58.0,0
SN-5412,Marché Sandaga,Habillement,1643743.0,3.225850280167903,69,37.0,1
SN-5413,Medina,Services,1473017.0,-25.1710097969428,152,95.0,1
SN-5414,Guediawaye,Services,1312287.0,-21.08058114165336,156,18.0,0
SN-5415,Ouakam,Alimentation,1632963.0,17.94289311750262,64,30.0,0
SN-5416,Marché Sandaga,Restauration,100665.0,8.220610702427114,11,76.0,0
SN-5417,Guediawaye,Services,1821870.0,-32.136880271701216,24,91.0,0
SN-5418,Ouakam,Électronique,996906.0,-2.0086441868207556,23,66.0,0
SN-5419,Marche Sandaga,Alimentation,1666435.0,12.708997755126777,178,76.0,0
SN-5420, Pikine ,Alimentation,1568167.0,-17.68543034768074,75,78.0,0
SN-5421,Medina,Habillement,1694716.0,33.11045206495292,78,51.0,0
SN-5422, Pikine ,Habillement,1011318.0,21.00479555667708,7,33.0,0
SN-5423,Pikine,nan,537904.0,26.84331963967172,25,16.0,0
SN-5424,Medina,Habillement,1490143.0,60.4186973045437,161,68.0,0
SN-5425, Pikine ,Habillement,1193575.0,14.23808093497948,18,-2.0,0
SN-5426,Yoff,Services,1386672.0,-15.135453727263988,197,36.0,0
SN-5427,Guediawaye,Électronique,709806.0,0.029014175517165664,32,8.0,1
SN-5428,Ouakam,Électronique,115217.0,-9.725884126410678,4,18.0,1
SN-5429, Pikine ,Services,1869252.0,26.539460138172636,41,62.0,0
SN-5430,Medina,Alimentation,817129.0,-5.795970261176833,0,70.0,0
SN-5431,Marche Sandaga,Électronique,928328.0,-3.350684490159645,119,90.0,0
SN-5432, Pikine ,Restauration,1880489.0,-23.279095588591705,47,111.0,0
SN-5433,Marche Sandaga,Habillement,674686.0,-28.541762625338045,180,99.0,0
SN-5434,Marche Sandaga,Habillement,798589.0,35.38619302612299,73,107.0,1
SN-5435,Ouakam,Électronique,101588.0,41.186277294384475,46,51.0,1
SN-5436, Pikine ,Électronique,1501780.0,-29.45092804900348,117,55.0,0
SN-5437,Marché Sandaga,Alimentation,500438.0,-35.72401694482033,137,1.0,0
SN-5438, Pikine ,Électronique,752115.0,-2.9750215985334014,108,117.0,1
SN-5439,Yoff,Restauration,1244185.0,-16.772649269985628,176,51.0,0
SN-5440,Medina,Restauration,1191970.0,28.7558636279819,178,22.0,0
SN-5441, Pikine ,Électronique,1683916.0,-9.358913725032592,173,10.0,0
SN-5442,Medina,Habillement,975857.0,1.394358434841863,38,41.0,0
SN-5443,PIKINE,Alimentation,86276.0,-15.083387222289941,199,27.0,0
SN-5444,Guediawaye,Habillement,317085.0,-8.770037132948772,180,17.0,0
SN-5445,Marché Sandaga,Électronique,1829122.0,,25,-1.0,0
SN-5446,Guediawaye,Services,723609.0,-20.399653431963007,137,47.0,1
SN-5447, Pikine ,Services,1248365.0,-24.547654385529825,32,26.0,0
SN-5448,Ouakam,Électronique,452374.0,37.01106479974682,172,103.0,0
SN-5449,Ouakam,Restauration,1205693.0,-19.73279971061339,155,66.0,0
SN-5450,Pikine,Habillement,780508.0,-43.66777903558458,181,30.0,0
SN-5451,Marche Sandaga,Habillement,1695140.0,6.5358337298637625,109,3.0,0
SN-5452,Yoff,Électronique,465424.0,2.8602490713460718,198,15.0,0
SN-5453, Pikine ,Électronique,372348.0,25.401595053307794,141,36.0,0
SN-5454,Medina,Services,1636692.0,19.778223466937888,17,27.0,0
SN-5455,Pikine,Alimentation,964811.0,2.2735978900765823,156,70.0,0
SN-5456,Marché Sandaga,Services,151048.0,5.940281669486116,154,62.0,0
SN-5457,Medina,Restauration,529248.0,-22.87455046163171,17,-1.0,1
SN-5458,Parcelles Assainies,Électronique,804076.0,-2.589956469237275,98,24.0,0
SN-5459,Yoff,Habillement,1645908.0,-7.231119845114785,81,51.0,0
SN-5460, Pikine ,Habillement,1793974.0,16.516558692143978,1,32.0,0
SN-5461,Pikine,Habillement,1402776.0,-15.92376389618366,71,88.0,0
SN-5462,Marche Sandaga,Alimentation,1299413.0,-20.504465309608754,182,92.0,0
SN-5463,Parcelles Assainies,Alimentation,1291824.0,5.110285623231498,37,108.0,0
SN-5464,Guediawaye,Alimentation,1458287.0,-12.177304454518438,118,57.0,0
SN-5465,Marché Sandaga,Habillement,910642.0,-16.926441303500454,132,98.0,0
SN-5466,Parcelles Assainies,Habillement,1063772.0,23.322227489388027,149,64.0,0
SN-5467,Ouakam,Restauration,1216803.0,36.39087667487699,0,62.0,0
SN-5468,PIKINE,Alimentation,1269489.0,-23.372562120190633,23,113.0,1
SN-5469,Guediawaye,Habillement,5564.0,11.295942797237883,12,66.0,1
SN-5470,Marché Sandaga,Services,307473.0,-11.37563326354228,63,-4.0,0
SN-5471,Pikine,Restauration,133972.0,32.265458772382665,116,95.0,0
SN-5472,Yoff,Restauration,187504.0,13.299368027890907,190,73.0,0
SN-5473,Marché Sandaga,Alimentation,1993838.0,-18.105398196907668,99,90.0,0
SN-5474,Medina,Électronique,1423927.0,-10.31220771779832,42,31.0,0
SN-5475,Ouakam,Restauration,1608054.0,6.248125982245458,142,118.0,0
SN-5476,Marche Sandaga,nan,742829.0,-4.156255512734062,75,54.0,0
SN-5477,Medina,Restauration,1221860.0,,49,47.0,1
SN-5478,PIKINE,Électronique,133591.0,-16.84553319336898,191,48.0,1
SN-5479,Marche Sandaga,Habillement,305234.0,9.154807598626958,117,51.0,0
SN-5480, Pikine ,Restauration,600057.0,19.696143775012878,149,75.0,1
SN-5481,PIKINE,Restauration,689826.0,-30.964034544692495,92,8.0,0
SN-5482,Medina,Alimentation,324133.0,0.27113521830478954,106,68.0,0
SN-5483,Marché Sandaga,Restauration,270562.0,-7.959300721305112,34,80.0,1
SN-5484,Ouakam,Électronique,1026574.0,-23.26203259181531,118,76.0,0
SN-5485,Ouakam,Habillement,91378.0,4.546501752753842,3,29.0,0
SN-5486,PIKINE,Services,1523405.0,24.600196823496837,43,85.0,0
SN-5487,Parcelles Assainies,Services,1041985.0,7.7246041282891476,97,81.0,0
SN-5488,Medina,Services,1509039.0,-4.681538446855672,80,86.0,0
SN-5489,PIKINE,Électronique,1597186.0,-33.10391143014741,133,11.0,1
SN-5490,Marché Sandaga,Alimentation,1015820.0,1.136169575346106,120,67.0,0
SN-5491,Pikine,Habillement,1151691.0,4.897637735217819,39,43.0,0
SN-5492,Marche Sandaga,Services,1052131.0,2.9317160437536947,79,51.0,0
SN-5493,Pikine,nan,360541.0,8.624068912388465,41,110.0,0
SN-5494,Guediawaye,Alimentation,1299651.0,-12.184396076395146,9,10.0,1
SN-5495, Pikine ,Restauration,1749523.0,-32.15597481561845,23,30.0,0
SN-5496,Marche Sandaga,Électronique,1543976.0,2.5451704125666903,107,-1.0,0
SN-5497,Marché Sandaga,Habillement,1963517.0,-0.7964976010977249,123,13.0,0
SN-5498,Yoff,Habillement,1993601.0,4.185848054018541,163,73.0,0
SN-5499,Marche Sandaga,nan,711842.0,28.236696090332373,154,111.0,0
SN-5500,Medina,Alimentation,1954053.0,25.63435362035513,148,52.0,0
SN-5501, Pikine ,Restauration,4992.0,,162,42.0,1
SN-5502,Yoff,Électronique,861328.0,-9.864033710676756,176,97.0,0
SN-5503,Guediawaye,Électronique,1538765.0,18.318695181818285,176,103.0,0
SN-5504,PIKINE,nan,524097.0,-5.059334129995592,72,76.0,1
SN-5505,Marché Sandaga,Alimentation,5204.0,4.697703977883184,170,84.0,0
SN-5506,Yoff,Électronique,1746293.0,-20.394912168061854,197,8.0,0
SN-5507,Ouakam,Habillement,340086.0,-9.462661337578002,146,10.0,0
SN-5508,PIKINE,Électronique,384243.0,-5.940993629821421,176,25.0,0
SN-5509,Medina,Alimentation,1694229.0,-21.904297946807716,55,52.0,0
SN-5510,PIKINE,Électronique,698906.0,9.951609435780771,56,71.0,0
SN-5511,Marche Sandaga,Habillement,212144.0,-20.70358407654595,107,115.0,0
SN-5512,Pikine,Alimentation,350167.0,-18.049288074448853,175,85.0,0
SN-5513,Ouakam,Services,1235625.0,3.9101581119339675,93,73.0,0
SN-5514,Marche Sandaga,Habillement,444407.0,-8.379638667653301,143,97.0,0
SN-5515,Medina,Services,626692.0,-14.248623304908577,38,55.0,1
SN-5516,Ouakam,Électronique,1144536.0,4.864703641487409,143,61.0,0
SN-5517,PIKINE,Services,164150.0,-4.585556848726759,156,85.0,1
SN-5518,Ouakam,Alimentation,448136.0,-23.9311510854252,114,8.0,0
SN-5519,Guediawaye,Restauration,448456.0,-10.67403916142574,122,25.0,1
SN-5520,Marché Sandaga,Alimentation,1602442.0,,39,70.0,0
SN-5521,Parcelles Assainies,nan,1298363.0,38.292786620688,94,38.0,0
SN-5522,Ouakam,Habillement,747814.0,-32.80325024300209,86,9.0,0
SN-5523,Medina,Restauration,1059694.0,29.97901658862321,58,1.0,0
SN-5524,Guediawaye,Alimentation,1616452.0,21.310349170437178,4,42.0,0
SN-5525,Parcelles Assainies,Électronique,356693.0,2.868470356104745,106,46.0,0
SN-5526,Medina,Services,302456.0,-19.588128824443377,5,7.0,0
SN-5527,Ouakam,Alimentation,201798.0,-7.475168052714901,156,5.0,0
SN-5528,Parcelles Assainies,Alimentation,903729.0,3.748572069461935,163,106.0,0
SN-5529,Medina,Habillement,184308.0,55.52124348061548,55,10.0,1
SN-5530,Guediawaye,Restauration,1999818.0,3.3428139455025914,180,10.0,0
SN-5531,Yoff,Restauration,650234.0,-37.8330071685669,80,21.0,0
SN-5532,Marche Sandaga,Alimentation,163878.0,3.2518336358003177,183,-3.0,1
SN-5533,Marché Sandaga,nan,837266.0,7.2596312026415575,109,104.0,0
SN-5534, Pikine ,Habillement,846380.0,-7.866495700914515,153,5.0,0
SN-5535,Marché Sandaga,Électronique,936551.0,1.3434676571764024,13,106.0,0
SN-5536,Marche Sandaga,Alimentation,30233.0,18.066227437852813,156,73.0,1
SN-5537,Guediawaye,Électronique,816949.0,-54.964639581353595,11,48.0,0
SN-5538,Ouakam,Habillement,632121.0,-12.641831758058249,44,52.0,0
SN-5539,Yoff,Électronique,527478.0,,11,115.0,0
SN-5540,Pikine,Habillement,1057085.0,36.95142284311161,22,-1.0,1
SN-5541,Pikine,Services,131347.0,-1.879451807275852,162,81.0,0
SN-5542, Pikine ,Habillement,1701275.0,9.336476985919997,117,73.0,0
SN-5543,PIKINE,Alimentation,799561.0,3.3688140033043847,94,40.0,0
SN-5544,Ouakam,Habillement,983796.0,35.52412861090622,110,16.0,1
SN-5545,Marche Sandaga,Habillement,249089.0,30.17122138413532,44,57.0,0
SN-5546, Pikine ,Services,1893488.0,-5.083867542756728,83,102.0,0
SN-5547,Parcelles Assainies,Habillement,648075.0,-14.61632983851315,58,24.0,0
SN-5548,Medina,Restauration,1645314.0,2.2462603414379245,183,62.0,0
SN-5549, Pikine ,Restauration,878678.0,21.830597510839752,112,55.0,0
SN-5550,Parcelles Assainies,Alimentation,1967131.0,-40.362700592489446,128,116.0,0
SN-5551,PIKINE,Services,1480202.0,,177,96.0,0
SN-5552,Guediawaye,Habillement,84617.0,,88,93.0,1
SN-5553,Ouakam,Alimentation,1448817.0,-1.3053335571500186,0,92.0,0
SN-5554,Yoff,Restauration,909647.0,2.0955197774688825,180,81.0,0
SN-5555,Medina,Alimentation,695370.0,-0.05167097557618283,47,74.0,1
SN-5556,Guediawaye,Électronique,408779.0,1.000230966214776,113,35.0,1
SN-5557,Medina,Électronique,214041.0,29.50266000328567,151,14.0,0
SN-5558,Parcelles Assainies,Électronique,587108.0,1.4633078888720055,34,37.0,0
SN-5559,Guediawaye,Électronique,369375.0,11.832318645574718,164,0.0,0
SN-5560,Medina,Habillement,1396949.0,28.49662781700378,173,113.0,0
SN-5561,Parcelles Assainies,Alimentation,1461688.0,6.596167734475293,170,98.0,0
SN-5562,Ouakam,Restauration,1165371.0,-10.654635752669975,59,1.0,0
SN-5563,Guediawaye,Habillement,971173.0,-2.178009721168922,12,84.0,0
SN-5564,Medina,Habillement,1693915.0,,124,112.0,0
SN-5565,Pikine,Électronique,1885013.0,22.936375765586895,106,53.0,0
SN-5566, Pikine ,Restauration,1870487.0,29.827975830848004,21,90.0,0
SN-5567,Guediawaye,Électronique,222116.0,-25.339305170258037,107,23.0,1
SN-5568,Guediawaye,Alimentation,941815.0,23.153844855906243,160,8.0,0
SN-5569,PIKINE,Électronique,491027.0,26.918192969394635,10,77.0,0
SN-5570,Medina,Services,269571.0,-42.505211106827765,16,1.0,1
SN-5571,Parcelles Assainies,Alimentation,1047847.0,2.1317046680261305,102,90.0,0
SN-5572,Yoff,Alimentation,1777461.0,25.19193230674974,46,106.0,0
SN-5573,Marche Sandaga,Services,1819407.0,17.26358480923339,115,43.0,0
SN-5574,Medina,Habillement,625309.0,10.46397456004416,186,17.0,0
SN-5575,Marche Sandaga,nan,116878.0,-44.354827638115964,191,35.0,0
SN-5576,Parcelles Assainies,Services,1663865.0,-14.088024130700735,61,4.0,0
SN-5577,Ouakam,Restauration,275795.0,13.355962051715327,122,115.0,0
SN-5578,PIKINE,Électronique,1784536.0,-23.093068216512712,60,33.0,0
SN-5579, Pikine ,Habillement,894592.0,-20.363909830609185,125,44.0,0
SN-5580,Marché Sandaga,Services,466382.0,-1.3072876314745394,116,60.0,1
SN-5581,Ouakam,Services,1459921.0,22.83598716949499,97,64.0,0
SN-5582, Pikine ,Restauration,146600.0,-11.149129547099644,111,67.0,0
SN-5583,Marche Sandaga,Électronique,1246577.0,-10.855763224118178,72,32.0,0
SN-5584,Marché Sandaga,Électronique,1659853.0,-2.6148916121873453,82,8.0,0
SN-5585,Medina,Habillement,1466661.0,10.016210931781508,20,67.0,0
SN-5586,Medina,Services,1234800.0,30.203252985475075,171,70.0,0
SN-5587,Parcelles Assainies,Habillement,935928.0,15.204358666655995,33,33.0,0
SN-5588,Yoff,Services,708605.0,-1.6362570254211803,177,95.0,1
SN-5589,Guediawaye,Habillement,819305.0,16.51812790748576,167,46.0,1
SN-5590,Pikine,Électronique,100176.0,2.3533399529638808,44,104.0,0
SN-5591,Guediawaye,Habillement,1053953.0,10.47716517691729,28,22.0,0
SN-5592,Pikine,Services,1566030.0,-6.963501361563229,98,88.0,0
SN-5593, Pikine ,Services,920506.0,-36.029704210648646,198,59.0,0
SN-5594,Marché Sandaga,Services,688331.0,11.69106918931832,21,71.0,0
SN-5595,Ouakam,Services,979808.0,33.239527350817866,99,69.0,0
SN-5596,Marché Sandaga,Habillement,1600562.0,-24.43875209763409,107,66.0,0
SN-5597,PIKINE,Électronique,118217.0,53.8613033337074,59,41.0,1
SN-5598,Parcelles Assainies,Restauration,300778.0,,66,76.0,1
SN-5599,Parcelles Assainies,nan,248499.0,,17,47.0,0
SN-5600,Pikine,Restauration,1813786.0,-19.895265899884052,30,77.0,0
SN-5601,Marché Sandaga,Alimentation,319838.0,-6.309069128889121,158,72.0,1
SN-5602,Marche Sandaga,Services,462737.0,-8.807746580565661,185,68.0,0
SN-5603,Guediawaye,Électronique,706480.0,,72,0.0,1
SN-5604,Parcelles Assainies,Électronique,1730137.0,-22.136792996015814,135,-5.0,0
SN-5605,Parcelles Assainies,Habillement,844097.0,-17.284474757663865,3,50.0,0
SN-5606,Yoff,Alimentation,637838.0,-4.536946522671767,166,-2.0,0
SN-5607,Marché Sandaga,Électronique,1705653.0,-22.76635372465261,32,86.0,0
SN-5608,Parcelles Assainies,Habillement,1263602.0,23.658667009179005,174,85.0,0
SN-5609,Yoff,Services,1872613.0,0.6952894990052276,122,52.0,0
SN-5610,Pikine,Habillement,1789567.0,-19.6222936243846,194,8.0,0
SN-5611,Medina,Habillement,299862.0,-18.092895647331886,194,82.0,0
SN-5612,Marche Sandaga,Électronique,1210111.0,-41.49397903251579,112,11.0,1
SN-5613,Marché Sandaga,Électronique,249737.0,23.23773827815721,184,93.0,0
SN-5614,Pikine,Alimentation,641633.0,-14.900389953011665,44,37.0,0
SN-5615,Yoff,Restauration,677699.0,-12.246124086988516,185,-3.0,1
SN-5616,Medina,Alimentation,783203.0,24.380254974622332,198,57.0,0
SN-5617,Marche Sandaga,Restauration,1732034.0,-4.723135597610371,65,5.0,1
SN-5618,Guediawaye,Habillement,918739.0,15.184018088398606,199,118.0,0
SN-5619,Parcelles Assainies,Électronique,734631.0,-23.974608804249296,75,86.0,0
SN-5620,Yoff,Restauration,1183034.0,-4.1479746027764115,31,87.0,0
SN-5621,PIKINE,Électronique,1087016.0,-8.975636427926926,8,29.0,0
SN-5622,Medina,Habillement,1456180.0,-14.47808486927264,80,23.0,0
SN-5623,Yoff,Restauration,1403935.0,-30.83378210387935,3,84.0,0
SN-5624,Marche Sandaga,Électronique,242188.0,-11.76349033775949,139,68.0,0
SN-5625,PIKINE,Alimentation,1725952.0,-22.78735888362874,44,63.0,0
SN-5626,Marche Sandaga,Électronique,127329.0,,67,-4.0,0
SN-5627,Yoff,Restauration,1274960.0,15.378407246827464,105,93.0,0
SN-5628,Ouakam,Restauration,174799.0,-1.5022746391861472,12,36.0,1
SN-5629,Marche Sandaga,Services,1812977.0,-6.3212873341783125,62,87.0,0
SN-5630,Pikine,Électronique,800652.0,-11.253451384871996,42,43.0,0
SN-5631,Parcelles Assainies,Restauration,725919.0,2.7880145502189797,102,108.0,0
SN-5632,Parcelles Assainies,Habillement,1446481.0,-29.983020078101482,185,5.0,0
SN-5633,Pikine,Habillement,565728.0,-8.584094906173895,165,-4.0,0
SN-5634,Pikine,Restauration,194934.0,16.740579013437138,115,86.0,1
SN-5635,Yoff,Électronique,124528.0,-3.9173879177602657,83,69.0,0
SN-5636,Medina,Alimentation,1551559.0,-8.128817535848514,39,72.0,0
SN-5637,Pikine,Habillement,933229.0,1.9675746638127958,56,28.0,0
SN-5638,Yoff,Alimentation,417809.0,9.419380500603475,117,93.0,1
SN-5639,PIKINE,Restauration,569650.0,4.3600952156582595,7,78.0,0
SN-5640,Pikine,Habillement,860626.0,10.028267744513128,82,28.0,0
SN-5641,Marche Sandaga,Électronique,1325282.0,-18.465990671048594,151,29.0,0
SN-5642,PIKINE,Habillement,612051.0,8.369286094177538,139,83.0,0
SN-5643,Marché Sandaga,Habillement,1194647.0,34.01590770505502,162,72.0,0
SN-5644,Guediawaye,Restauration,555474.0,-10.938259614968631,150,111.0,0
SN-5645,Parcelles Assainies,Alimentation,860190.0,1.6436021038729831,70,62.0,0
SN-5646,Guediawaye,Services,64916.0,6.913347333876281,50,70.0,0
SN-5647,Medina,Alimentation,1422564.0,28.4360846256884,66,77.0,0
SN-5648,Marche Sandaga,Restauration,1080529.0,-5.657619371805928,64,62.0,0
SN-5649,Yoff,Habillement,886348.0,-1.73562579491331,27,48.0,0
SN-5650,Guediawaye,Services,706038.0,13.054528648550502,73,110.0,0
SN-5651,Marche Sandaga,Restauration,946105.0,21.017744860525465,156,51.0,0
SN-5652,PIKINE,Habillement,1543877.0,-6.853743531067429,169,12.0,0
SN-5653,PIKINE,Alimentation,1235647.0,17.951859509610003,185,84.0,0
SN-5654,Marché Sandaga,Habillement,1144711.0,11.301110684234388,8,41.0,1
SN-5655, Pikine ,nan,1642230.0,-3.3152639570467866,136,17.0,0
SN-5656,PIKINE,Restauration,1882174.0,-15.056026596515512,18,35.0,0
SN-5657,Ouakam,Électronique,1648306.0,3.113617668444914,82,82.0,0
SN-5658,Marche Sandaga,Restauration,907656.0,44.13594478404174,59,100.0,0
SN-5659,Pikine,Alimentation,35204.0,-8.056494151118924,144,26.0,1
SN-5660,Guediawaye,Électronique,294173.0,30.840863220477786,71,-1.0,1
SN-5661, Pikine ,Alimentation,1463621.0,,162,57.0,0
SN-5662,Medina,Habillement,135804.0,-7.044622976142271,66,-3.0,0
SN-5663,PIKINE,Habillement,1622696.0,-5.23680596709392,32,54.0,0
SN-5664,Ouakam,Habillement,1953419.0,5.243624093792505,115,37.0,0
SN-5665,Marché Sandaga,Services,1683672.0,-13.048438833366804,16,98.0,0
SN-5666,Pikine,Restauration,1168433.0,,199,53.0,0
SN-5667,Pikine,Alimentation,240647.0,-10.464373932755553,19,105.0,0
SN-5668,Marche Sandaga,Alimentation,200795.0,48.39698562376172,160,71.0,1
SN-5669,Marché Sandaga,Électronique,833437.0,-3.4007177654314695,25,36.0,0
SN-5670,Guediawaye,Restauration,917564.0,,59,32.0,0
SN-5671,Medina,Services,1639462.0,,131,118.0,0
SN-5672,Yoff,Électronique,1050757.0,7.773858214514457,170,5.0,0
SN-5673,PIKINE,Habillement,609611.0,7.226281437033056,6,86.0,0
SN-5674,Guediawaye,Habillement,1971688.0,2.141081501744318,30,46.0,0
SN-5675,Yoff,Restauration,41429.0,17.60148015591656,37,6.0,1
SN-5676,Marche Sandaga,Restauration,246413.0,9.68692191422866,175,24.0,1
SN-5677,Ouakam,Habillement,1826862.0,1.7071356573918437,29,14.0,0
SN-5678,Parcelles Assainies,Alimentation,1638218.0,,145,30.0,0
SN-5679,Marché Sandaga,Habillement,994320.0,24.760458311534357,103,63.0,0
SN-5680,Pikine,Services,298505.0,-6.620626876288329,180,82.0,0
SN-5681,PIKINE,Alimentation,895.0,-14.961461808997802,73,99.0,0
SN-5682,Ouakam,Services,552080.0,7.273871305266142,119,86.0,0
SN-5683,Parcelles Assainies,Restauration,639763.0,-5.834038399910045,119,70.0,1
SN-5684,Parcelles Assainies,Habillement,1179056.0,-15.498094818921803,184,90.0,0
SN-5685,Parcelles Assainies,Restauration,322669.0,-13.466236288182143,182,52.0,0
SN-5686,Marche Sandaga,Électronique,379210.0,-27.2967008155544,138,13.0,1
SN-5687,Parcelles Assainies,Alimentation,275400.0,-34.8953132843574,23,48.0,1
SN-5688,Marché Sandaga,Services,892542.0,3.100211678511094,191,0.0,1
SN-5689,PIKINE,Alimentation,1393952.0,-34.9016838250411,196,73.0,0
SN-5690,Ouakam,nan,1144728.0,13.905388118462179,100,5.0,0
SN-5691,Parcelles Assainies,Restauration,378117.0,51.3794871671647,126,69.0,0
SN-5692,Yoff,Alimentation,760064.0,1.2307781074160287,2,94.0,0
SN-5693, Pikine ,Alimentation,257042.0,-9.64651912756254,102,62.0,0
SN-5694,PIKINE,Services,1779555.0,-16.56643870560667,97,-2.0,0
SN-5695,PIKINE,Électronique,1013597.0,,22,52.0,0
SN-5696,Medina,Alimentation,1297921.0,-6.381764481179224,161,47.0,0
SN-5697,Yoff,Alimentation,1976450.0,-14.731917148038036,181,56.0,0
SN-5698,Yoff,nan,411752.0,22.210407808783884,181,8.0,1
SN-5699, Pikine ,Électronique,1304619.0,-2.1081323403763434,154,95.0,0
SN-5700,Marché Sandaga,Restauration,1360860.0,6.402220623385003,17,41.0,0
SN-5701,Marche Sandaga,Services,1559152.0,-9.372852136516855,181,56.0,0
SN-5702,Marche Sandaga,Habillement,325358.0,-13.581290327075353,18,19.0,0
SN-5703,Ouakam,Alimentation,1368115.0,18.621746014936203,81,107.0,0
SN-5704,Medina,Services,1116115.0,5.8462876543789495,183,4.0,0
SN-5705,Parcelles Assainies,Électronique,228494.0,-26.386167733847262,127,40.0,0
SN-5706,Marche Sandaga,nan,444027.0,-30.253800747304005,76,55.0,0
SN-5707,Marché Sandaga,Habillement,603307.0,-11.9642998821951,162,57.0,1
SN-5708,Guediawaye,Habillement,1689863.0,-21.241665953157906,16,43.0,0
SN-5709,Ouakam,Alimentation,614106.0,8.708389671256857,59,96.0,0
SN-5710, Pikine ,Habillement,1398968.0,-17.472345025683758,50,82.0,0
SN-5711,Medina,Habillement,1691451.0,15.334587024750405,153,27.0,0
SN-5712,Parcelles Assainies,Électronique,1473150.0,-10.611165150952225,14,44.0,0
SN-5713,Ouakam,Habillement,1112000.0,6.853628547946824,165,25.0,0
SN-5714,Pikine,Alimentation,1860980.0,-23.57608078632935,2,5.0,0
SN-5715,PIKINE,Habillement,358660.0,-16.74125435999731,42,65.0,0
SN-5716,Pikine,Électronique,178521.0,-10.161671554536415,175,109.0,1
SN-5717,Yoff,Habillement,922614.0,17.682598092987483,85,58.0,0
SN-5718,Pikine,Électronique,1572189.0,5.346970069618935,25,94.0,0
SN-5719,Guediawaye,Services,362057.0,-0.7503565453439793,166,17.0,0
SN-5720,Medina,Électronique,963146.0,13.469662391868699,105,93.0,0
SN-5721,Marche Sandaga,Électronique,1871478.0,12.610712550504704,52,60.0,0
SN-5722,Guediawaye,Électronique,1124841.0,-2.327347679946617,15,98.0,0
SN-5723,Ouakam,Alimentation,1449692.0,27.597679170994383,99,104.0,0
SN-5724,Marche Sandaga,Services,1306923.0,-1.1315938988949223,140,58.0,0
SN-5725,Medina,Restauration,1253940.0,-6.035732940442321,196,66.0,0
SN-5726,Ouakam,Alimentation,1811837.0,27.496434434169647,126,37.0,0
SN-5727,Ouakam,nan,1719481.0,-7.269501052999891,42,65.0,0
SN-5728,PIKINE,Services,800597.0,-6.472993104204445,85,9.0,0
SN-5729,Ouakam,nan,1190041.0,10.464708244803123,198,5.0,1
SN-5730,Pikine,Restauration,804714.0,-13.83457388966873,191,91.0,0
SN-5731, Pikine ,Habillement,169486.0,25.61730082027026,166,38.0,1
SN-5732, Pikine ,Alimentation,966636.0,2.043088487852361,135,81.0,0
SN-5733,Marche Sandaga,Restauration,1526228.0,12.504210180880639,76,55.0,0
SN-5734,Medina,Électronique,1273318.0,2.626970279144415,148,13.0,0
SN-5735,Yoff,Habillement,1248296.0,-0.6407646576649729,162,61.0,0
SN-5736,Medina,Services,1259112.0,8.464502311143484,140,94.0,0
SN-5737,Parcelles Assainies,Électronique,1279542.0,-7.529642692814482,89,23.0,1
SN-5738, Pikine ,Habillement,1880227.0,42.65983792064979,160,3.0,0
SN-5739,Parcelles Assainies,Alimentation,1284757.0,8.365416072307246,121,96.0,0
SN-5740,Parcelles Assainies,Alimentation,963299.0,18.202105444802783,62,25.0,1
SN-5741,Parcelles Assainies,Services,1679310.0,34.993542200846775,78,34.0,0
SN-5742,Parcelles Assainies,Restauration,1477967.0,-14.751967525319813,49,71.0,0
SN-5743,Marche Sandaga,Restauration,867852.0,-16.484949455042667,161,1.0,0
SN-5744,Guediawaye,Restauration,1333860.0,-10.782520084955484,109,7.0,0
SN-5745,PIKINE,Services,1283050.0,-9.201915821695547,26,113.0,0
SN-5746,Yoff,Habillement,1955640.0,2.405304293813695,144,48.0,0
SN-5747,Marché Sandaga,Alimentation,886074.0,9.36963358254523,45,113.0,0
SN-5748,Yoff,Restauration,1410402.0,-44.03172148141167,104,45.0,0
SN-5749,Marché Sandaga,nan,588647.0,3.737102293374659,191,26.0,0
SN-5750,Yoff,Électronique,859563.0,-4.7055415528655455,72,106.0,0
SN-5751,Pikine,Électronique,1273545.0,-5.845526036505365,60,67.0,0
SN-5752,Guediawaye,Habillement,968271.0,0.4951298334165597,146,13.0,0
SN-5753,Marche Sandaga,Alimentation,536007.0,-2.166925544374569,51,38.0,1
SN-5754,Marché Sandaga,Restauration,56426.0,-13.237190163541804,57,118.0,1
SN-5755,Guediawaye,Habillement,1176043.0,11.224663878085742,37,68.0,0
SN-5756, Pikine ,Services,1879288.0,-39.822329064513866,166,111.0,0
SN-5757, Pikine ,Habillement,343841.0,-10.287848578676373,80,8.0,1
SN-5758,Pikine,Restauration,1189243.0,12.092122916843051,73,0.0,0
SN-5759,Yoff,Alimentation,804189.0,21.154113279400836,190,80.0,0
SN-5760,Guediawaye,Services,1891882.0,-30.698468535047173,27,10.0,0
SN-5761,Marché Sandaga,Restauration,1365295.0,17.045762025505066,120,112.0,0
SN-5762, Pikine ,Services,1499964.0,-32.753969041947364,179,38.0,0
SN-5763,Pikine,Habillement,1367419.0,27.785661338625598,95,83.0,0
SN-5764,Yoff,Alimentation,712693.0,6.65200554564141,109,86.0,1
SN-5765,Yoff,Services,1584861.0,-4.083149683525807,99,36.0,0
SN-5766,Yoff,Habillement,1700744.0,14.029937275187375,89,45.0,0
SN-5767,Parcelles Assainies,Électronique,1728815.0,-0.4990779096412997,51,9.0,0
SN-5768,PIKINE,Services,277567.0,-18.7104273995835,162,45.0,1
SN-5769,Marché Sandaga,Électronique,154081.0,-19.565632174217207,18,5.0,1
SN-5770,Medina,Habillement,1450819.0,4.106653457924343,131,49.0,0
SN-5771,Ouakam,Services,429348.0,52.94795022950632,92,115.0,0
SN-5772,Medina,Restauration,471542.0,30.748412205018024,59,98.0,0
SN-5773,PIKINE,Restauration,524930.0,-20.17898117698146,79,16.0,1
SN-5774,Marche Sandaga,Alimentation,382532.0,-13.117140060894467,78,31.0,1
SN-5775,Marché Sandaga,Alimentation,801408.0,-36.6615692567019,192,55.0,0
SN-5776,Pikine,nan,1724868.0,-29.621090548683284,80,5.0,1
SN-5777,Ouakam,Habillement,1732010.0,-2.222832218396701,91,107.0,0
SN-5778,Marche Sandaga,Électronique,246869.0,-22.231907290688625,153,4.0,0
SN-5779,Guediawaye,Alimentation,76609.0,-2.086102346134235,181,90.0,0
SN-5780,Pikine,Restauration,1622750.0,-14.342395407932123,122,119.0,0
SN-5781,Pikine,Services,50561.0,-29.72110638452358,159,113.0,0
SN-5782,Pikine,Électronique,695341.0,-44.87167031915894,15,14.0,0
SN-5783, Pikine ,nan,1822200.0,31.476959226380366,143,15.0,0
SN-5784,Marche Sandaga,Restauration,1971639.0,22.1735668533257,198,118.0,0
SN-5785,Parcelles Assainies,Électronique,979371.0,55.84385822686098,73,36.0,0
SN-5786,Marché Sandaga,Services,546222.0,-7.81416773373647,115,34.0,0
SN-5787,Marche Sandaga,Alimentation,1421289.0,36.59400177860364,157,13.0,1
SN-5788,Guediawaye,Électronique,1801186.0,-13.034481068474404,4,2.0,0
SN-5789,PIKINE,Électronique,1201347.0,29.706554388370957,0,117.0,0
SN-5790,Ouakam,nan,982134.0,,11,48.0,0
SN-5791,Marché Sandaga,Restauration,598567.0,7.915241932049103,126,50.0,1
SN-5792,PIKINE,nan,276580.0,1.5228572605773265,92,6.0,0
SN-5793,Yoff,Habillement,719905.0,-24.383257329285716,41,20.0,1
SN-5794,PIKINE,Services,786233.0,26.05384723880617,130,3.0,1
SN-5795,Pikine,Services,111352.0,-4.916667856943792,15,92.0,1
SN-5796,Medina,Électronique,270198.0,2.117950238928016,16,108.0,0
SN-5797,Ouakam,Alimentation,1257584.0,45.74566951088913,154,9.0,0
SN-5798,Marche Sandaga,Habillement,976610.0,10.07653600101077,43,112.0,0
SN-5799,PIKINE,Électronique,115807.0,-1.9288357038381485,192,116.0,1
SN-5800,PIKINE,Services,1409884.0,4.732144841700933,140,-1.0,0
SN-5801,Pikine,Alimentation,1909962.0,-3.9619224680219167,33,70.0,0
SN-5802,Parcelles Assainies,Habillement,1891365.0,30.11379737086399,181,19.0,0
SN-5803,Marche Sandaga,Restauration,276628.0,16.298985618059625,16,39.0,0
SN-5804, Pikine ,Services,216741.0,15.65193232399526,107,17.0,0
SN-5805,PIKINE,Alimentation,1941798.0,35.68518704276845,8,14.0,0
SN-5806,Ouakam,Restauration,1388289.0,-17.11549394345375,143,24.0,0
SN-5807,Marché Sandaga,Restauration,1806081.0,3.601224027485932,66,108.0,0
SN-5808,Marche Sandaga,Habillement,715680.0,-19.22451805147481,157,111.0,0
SN-5809,Marché Sandaga,Électronique,1293446.0,,82,115.0,0
SN-5810,Pikine,Habillement,830872.0,-59.329834042233344,129,-1.0,1
SN-5811,PIKINE,Électronique,295763.0,5.067605525821151,88,41.0,0
SN-5812,Guediawaye,Électronique,1653748.0,27.840249799831554,176,14.0,0
SN-5813,Ouakam,Restauration,1161473.0,2.1255023675300913,118,74.0,0
SN-5814,PIKINE,Restauration,1573170.0,3.716781681379007,10,86.0,0
SN-5815,Parcelles Assainies,Électronique,845672.0,-3.507756415353821,184,76.0,0
SN-5816,PIKINE,Électronique,156582.0,20.31917358480395,36,71.0,0
SN-5817,Ouakam,Électronique,1736445.0,-27.270096933258028,147,3.0,0
SN-5818,Pikine,Alimentation,910024.0,-12.827447798681481,177,113.0,0
SN-5819,Ouakam,Alimentation,575880.0,30.70343392344593,1,116.0,0
SN-5820,Marche Sandaga,nan,284205.0,-11.825398951809271,148,56.0,1
SN-5821,Pikine,Restauration,967450.0,18.821669980876884,45,30.0,0
SN-5822, Pikine ,nan,1324475.0,-10.160161879252396,149,16.0,0
SN-5823, Pikine ,Électronique,1759512.0,40.66793057671568,66,33.0,0
SN-5824,Marché Sandaga,Alimentation,1317277.0,-47.69303211519487,169,34.0,0
SN-5825,Ouakam,Restauration,237846.0,13.407259824508436,19,93.0,0
SN-5826,Guediawaye,Alimentation,1375640.0,-25.76138334101166,192,113.0,0
SN-5827,Ouakam,Habillement,1087892.0,-18.158143927132173,169,56.0,0
SN-5828,Pikine,Restauration,1092125.0,-1.6391996974181686,113,40.0,0
SN-5829,Marché Sandaga,Services,181810.0,7.582819598730657,169,86.0,0
SN-5830,Ouakam,Restauration,1304496.0,3.0175527462878726,58,105.0,0
SN-5831,Guediawaye,Services,1759225.0,-22.815287529387472,165,106.0,0
SN-5832,Ouakam,nan,274648.0,-11.107190541785354,134,94.0,0
SN-5833,Pikine,Électronique,449674.0,-11.962139878838752,121,55.0,1
SN-5834,Medina,Services,1028763.0,-36.54526561927485,8,49.0,0
SN-5835,Ouakam,Électronique,1830059.0,3.9363940130656525,133,72.0,0
SN-5836,Yoff,Services,1404027.0,-28.494100464852163,195,21.0,0
SN-5837,Parcelles Assainies,Électronique,1915150.0,9.023031116294227,25,77.0,0
SN-5838,Yoff,Habillement,594160.0,-9.00709159697212,199,97.0,0
SN-5839,Ouakam,Alimentation,1509150.0,-37.9206801307256,126,77.0,0
SN-5840,Marché Sandaga,Services,2658.0,30.63557063308015,195,102.0,0
SN-5841, Pikine ,Habillement,1925086.0,-21.53788106055391,45,45.0,0
SN-5842,Parcelles Assainies,Restauration,1511119.0,,151,36.0,0
SN-5843,Guediawaye,Alimentation,1646356.0,-28.615117821965192,80,19.0,0
SN-5844,Yoff,Habillement,827166.0,6.781601985203362,139,12.0,0
SN-5845,Marché Sandaga,Habillement,1039358.0,-21.53378184147185,74,95.0,0
SN-5846,Guediawaye,Services,831331.0,16.67605301873792,56,76.0,0
SN-5847,Ouakam,Restauration,1902124.0,29.452245058699038,24,71.0,0
SN-5848,PIKINE,Électronique,1880214.0,-26.707560249454374,171,50.0,0
SN-5849,Ouakam,Services,604126.0,-26.543211637022893,165,6.0,0
SN-5850, Pikine ,Habillement,1110942.0,21.92196830496727,92,11.0,0
SN-5851,Parcelles Assainies,Électronique,522297.0,,40,69.0,0
SN-5852,Marche Sandaga,Électronique,1560323.0,-33.087298753739624,17,13.0,1
SN-5853,PIKINE,Habillement,666917.0,-10.631171626650689,63,65.0,1
SN-5854, Pikine ,Électronique,1378297.0,20.15501552640268,198,-4.0,0
SN-5855,Medina,Restauration,1170393.0,55.14336896346017,51,91.0,0
SN-5856,Ouakam,Alimentation,1658670.0,,97,88.0,0
SN-5857,Marche Sandaga,Restauration,1065479.0,-16.575875741803653,73,38.0,1
SN-5858,Yoff,Habillement,195828.0,3.7001148389786294,150,115.0,1
SN-5859,Pikine,Alimentation,1334334.0,-5.6819112043424855,36,113.0,0
SN-5860,Ouakam,Restauration,1217072.0,-25.54827872693915,111,-3.0,1
SN-5861,Yoff,Restauration,1262355.0,8.409269667301594,13,76.0,0
SN-5862,PIKINE,Électronique,1390003.0,,15,79.0,0
SN-5863, Pikine ,Restauration,547894.0,34.477730169565646,32,29.0,1
SN-5864, Pikine ,Services,1540229.0,32.621559555930226,72,48.0,0
SN-5865,Parcelles Assainies,nan,1280869.0,3.1909482463380128,96,37.0,1
SN-5866, Pikine ,Alimentation,557287.0,22.845922399265902,107,115.0,1
SN-5867,Yoff,Services,516282.0,-14.475701302961694,90,36.0,0
SN-5868, Pikine ,Restauration,681377.0,-36.692197580420974,167,62.0,0
SN-5869,Pikine,Électronique,1763426.0,13.514719324971484,43,45.0,0
SN-5870,Parcelles Assainies,Habillement,1721796.0,19.457360516153706,136,36.0,0
SN-5871,Marché Sandaga,Électronique,656872.0,56.22298731578495,12,20.0,1
SN-5872,Ouakam,Habillement,1894426.0,-46.52937783019051,106,75.0,0
SN-5873,Parcelles Assainies,Habillement,1281069.0,2.86385233779834,196,31.0,1
SN-5874,Parcelles Assainies,Électronique,1525052.0,45.53584862895405,162,27.0,0
SN-5875,Yoff,Habillement,156931.0,-28.153365851385455,188,40.0,1
SN-5876,Parcelles Assainies,Électronique,1970212.0,11.723641592464611,103,103.0,0
SN-5877,Medina,Alimentation,909209.0,-6.371092978353914,175,70.0,0
SN-5878,Guediawaye,Restauration,1547879.0,-16.361698312815566,33,39.0,0
SN-5879,Marche Sandaga,nan,270957.0,-5.462447110539945,141,-4.0,1
SN-5880,Yoff,Électronique,1756117.0,9.89611846834868,156,96.0,0
SN-5881,Guediawaye,Habillement,1921058.0,34.517880073593076,155,28.0,0
SN-5882,Guediawaye,Électronique,543652.0,-15.662474339302861,96,46.0,1
SN-5883, Pikine ,Restauration,1564114.0,33.233044601498285,177,45.0,0
SN-5884,PIKINE,Alimentation,773859.0,-0.2719093401446557,147,95.0,0
SN-5885,Marché Sandaga,Habillement,408932.0,8.215206458102497,127,8.0,1
SN-5886,Guediawaye,Habillement,828369.0,-4.928444067594377,20,45.0,0
SN-5887,Ouakam,Services,475189.0,-0.06865742583540234,163,32.0,0
SN-5888, Pikine ,Restauration,818830.0,-24.882695627346322,72,82.0,0
SN-5889,PIKINE,Services,1799317.0,41.00702174631608,68,39.0,0
SN-5890,Yoff,Habillement,835547.0,9.236640450935996,81,98.0,0
SN-5891,PIKINE,Restauration,1284038.0,3.908655910071894,20,94.0,0
SN-5892,Guediawaye,Habillement,1637199.0,-3.8768073443299595,30,74.0,0
SN-5893,Parcelles Assainies,Restauration,1970130.0,-12.682881992346566,100,70.0,0
SN-5894,Pikine,Habillement,58586.0,40.73220523966576,117,90.0,0
SN-5895,Pikine,Électronique,737119.0,20.644331696189457,98,71.0,1
SN-5896,Guediawaye,Habillement,543268.0,-5.02840794438339,29,62.0,1
SN-5897,Parcelles Assainies,Habillement,505317.0,3.615868614489467,28,106.0,0
SN-5898, Pikine ,Alimentation,1171947.0,-4.967877565703163,187,104.0,0
SN-5899,Medina,Électronique,296547.0,18.096826637104314,85,102.0,0
SN-5900,Guediawaye,Alimentation,1209828.0,38.54311342547667,125,58.0,0
SN-5901,Guediawaye,Restauration,489517.0,18.911565219180364,135,115.0,0
SN-5902,Parcelles Assainies,Restauration,95595.0,16.042508971091443,171,105.0,1
SN-5903, Pikine ,Habillement,1159765.0,26.640616268260985,96,32.0,0
SN-5904,Guediawaye,Alimentation,755121.0,22.958630155122478,42,74.0,0
SN-5905,Guediawaye,Habillement,1607089.0,-5.138713695684702,74,66.0,0
SN-5906,Marche Sandaga,nan,1047009.0,-3.1437496388512187,142,88.0,0
SN-5907,Medina,Électronique,83035.0,-9.20429092527184,173,37.0,0
SN-5908,Yoff,Restauration,1234333.0,-16.481817278499257,97,80.0,0
SN-5909,Marche Sandaga,Services,1915047.0,1.6531389874519817,170,100.0,0
SN-5910, Pikine ,Habillement,1077035.0,-24.67052650012405,63,116.0,0
SN-5911,PIKINE,Habillement,560006.0,-0.9088590652281602,63,-4.0,1
SN-5912,Medina,Électronique,496713.0,49.86406297241849,26,23.0,0
SN-5913,Pikine,nan,1146285.0,-1.325694273860363,196,99.0,0
SN-5914,Medina,Alimentation,406475.0,-1.8572380459810789,119,103.0,0
SN-5915,Yoff,Alimentation,568161.0,-25.739633759457394,128,55.0,0
SN-5916,Medina,Alimentation,1438178.0,2.925801874296247,39,59.0,0
SN-5917,Parcelles Assainies,Électronique,922111.0,0.17413049565376607,120,51.0,0
SN-5918,Pikine,Alimentation,1816955.0,43.26516720753766,53,115.0,0
SN-5919,Marche Sandaga,Électronique,1643425.0,8.022297401751345,21,58.0,0
SN-5920,Guediawaye,Alimentation,1591729.0,-26.856198354180464,19,8.0,0
SN-5921, Pikine ,Restauration,1699007.0,-18.637773806622878,149,43.0,0
SN-5922,Marche Sandaga,Électronique,1301188.0,-7.3582355123364,126,61.0,0
SN-5923,Marche Sandaga,Électronique,865313.0,-5.530048515810249,27,85.0,0
SN-5924,PIKINE,Alimentation,633953.0,33.213524771652345,136,43.0,0
SN-5925,Marche Sandaga,Électronique,30721.0,19.404192198701708,74,108.0,0
SN-5926,PIKINE,Restauration,243839.0,-10.363965804615924,27,-3.0,1
SN-5927,Pikine,Restauration,564304.0,-21.91305187577302,6,91.0,0
SN-5928,Parcelles Assainies,Restauration,637537.0,-17.304161608562303,167,76.0,0
SN-5929,Marche Sandaga,Restauration,1568321.0,-37.83315590149038,32,45.0,0
SN-5930,Marche Sandaga,Habillement,1973978.0,-7.2945900960730095,143,30.0,0
SN-5931,PIKINE,Habillement,351002.0,,48,114.0,0
SN-5932,Pikine,Électronique,1740856.0,-22.13199683452251,155,46.0,0
SN-5933,Pikine,Habillement,89506.0,34.12631649363619,155,18.0,1
SN-5934, Pikine ,Restauration,10080.0,-10.854582280994418,80,68.0,1
SN-5935,Yoff,Restauration,159659.0,-23.324093840910823,126,110.0,0
SN-5936,Pikine,Restauration,1083007.0,-6.618938339100611,198,35.0,0
SN-5937,Medina,Alimentation,846279.0,-9.95050869041409,9,88.0,0
SN-5938,PIKINE,nan,1663773.0,-28.885459709492764,162,81.0,0
SN-5939,PIKINE,Habillement,179868.0,-1.6321254348287904,164,79.0,0
SN-5940,Marché Sandaga,Alimentation,1326308.0,-10.368998528132467,96,16.0,0
SN-5941,Parcelles Assainies,Restauration,425530.0,29.10426346899594,90,89.0,1
SN-5942,Yoff,Électronique,594844.0,4.013179589124077,93,97.0,0
SN-5943,Guediawaye,Alimentation,939482.0,-30.141705526701177,97,61.0,0
SN-5944,Medina,Services,106892.0,2.4739935066804235,58,1.0,1
SN-5945,Ouakam,Alimentation,264694.0,5.285588902003653,33,24.0,1
SN-5946, Pikine ,Restauration,1948037.0,-27.347147211613905,94,9.0,0
SN-5947,Ouakam,Électronique,1520265.0,43.31227023616133,184,47.0,1
SN-5948,Medina,Habillement,598407.0,15.136475610374024,39,90.0,0
SN-5949, Pikine ,Alimentation,854136.0,5.535244823360465,43,74.0,1
SN-5950,Yoff,Habillement,1324074.0,10.863814470112391,52,66.0,0
SN-5951,Parcelles Assainies,Restauration,1241706.0,-16.397620427599346,117,85.0,0
SN-5952, Pikine ,Services,308028.0,4.866034063848492,111,40.0,0
SN-5953,PIKINE,Restauration,935117.0,3.2384562102267056,181,112.0,0
SN-5954,PIKINE,Alimentation,866297.0,19.494021767021014,184,34.0,0
SN-5955,Pikine,Électronique,868719.0,-1.9524788533244586,102,101.0,0
SN-5956,Ouakam,Restauration,1125312.0,-0.54710472585404,74,3.0,0
SN-5957,Parcelles Assainies,Services,1299625.0,-16.27241763642921,146,63.0,1
SN-5958,Marche Sandaga,Alimentation,272642.0,-1.281403389333449,199,14.0,1
SN-5959,Marché Sandaga,Alimentation,1953263.0,-19.39733160481459,11,3.0,0
SN-5960,PIKINE,Services,250270.0,-13.703341211147908,113,117.0,0
SN-5961,Pikine,nan,171504.0,15.468125040638816,118,16.0,0
SN-5962,Parcelles Assainies,Électronique,1170379.0,-17.12249126240524,33,80.0,0
SN-5963,Marché Sandaga,Habillement,112688.0,-1.9632309419575726,159,110.0,0
SN-5964,Yoff,Alimentation,1620156.0,4.157154944292062,138,116.0,0
SN-5965,Parcelles Assainies,Électronique,620341.0,-5.6509209093985895,141,56.0,1
SN-5966,PIKINE,Restauration,521807.0,-21.76055179311993,91,112.0,0
SN-5967,Pikine,Restauration,434599.0,-8.764696046067852,70,11.0,1
SN-5968, Pikine ,Services,236774.0,25.928532771699647,95,42.0,1
SN-5969,Pikine,Restauration,1375087.0,22.274883091580584,166,35.0,1
SN-5970,Yoff,Électronique,1721498.0,-7.080875018279143,137,73.0,1
SN-5971,Yoff,Services,1351064.0,-19.816025687493102,169,3.0,0
SN-5972,Marché Sandaga,Restauration,1107165.0,-33.29419773654854,196,31.0,0
SN-5973,Medina,Électronique,1241897.0,-1.1666584189066127,61,82.0,0
SN-5974,Guediawaye,Alimentation,1503719.0,-6.259321048805217,178,84.0,0
SN-5975,Pikine,Habillement,662599.0,-3.166647183694526,67,51.0,1
SN-5976,Ouakam,nan,1050353.0,-8.214683773994055,93,51.0,0
SN-5977,Yoff,Restauration,197239.0,29.305414699574797,91,39.0,1
SN-5978,Guediawaye,Habillement,1051471.0,17.37579159937956,55,50.0,1
SN-5979,Yoff,Habillement,1130198.0,15.593656231772586,149,92.0,0
SN-5980,PIKINE,Alimentation,831311.0,34.34508307390982,88,109.0,0
SN-5981,Parcelles Assainies,Services,276784.0,-3.98904331241051,84,111.0,1
SN-5982, Pikine ,Restauration,613357.0,-25.320381367248213,127,66.0,0
SN-5983,Pikine,Électronique,571783.0,-3.924007385533896,134,66.0,0
SN-5984,Yoff,Habillement,1400682.0,-18.58202538340315,110,86.0,0
SN-5985, Pikine ,nan,283640.0,-12.154953962571163,37,13.0,0
SN-5986,Ouakam,Alimentation,1812633.0,8.432694751915182,130,8.0,0
SN-5987,Marché Sandaga,Habillement,1370709.0,16.016315298500995,91,43.0,0
SN-5988,PIKINE,Habillement,811878.0,2.9134236614218487,194,89.0,0
SN-5989,Yoff,Habillement,553188.0,-20.014934605668163,154,116.0,0
SN-5990,PIKINE,Restauration,1810725.0,8.926450214630353,192,18.0,0
SN-5991,Pikine,Électronique,926173.0,-63.1577580243989,153,90.0,0
SN-5992,Guediawaye,Alimentation,411668.0,22.366732370503023,101,112.0,0
SN-5993,PIKINE,Habillement,979832.0,29.437494888069956,86,112.0,0
SN-5994,Guediawaye,Alimentation,797800.0,4.463474875403806,81,-4.0,0
SN-5995,Medina,Restauration,570846.0,3.900214391282243,57,5.0,1
SN-5996,Medina,Services,1623181.0,-1.0874072571216153,21,41.0,0
SN-5997,Guediawaye,Services,349245.0,-10.7722703602702,91,71.0,0
SN-5998,Guediawaye,Restauration,1807365.0,14.282922516633318,3,34.0,0
SN-5999,Parcelles Assainies,Habillement,975276.0,-12.650820677056945,99,32.0,0
SN-6000,Ouakam,Électronique,388564.0,-50.48454543526658,102,59.0,1
SN-6001,Pikine,Habillement,1290345.0,1.5591488693279187,86,48.0,1
SN-6002,Marche Sandaga,Électronique,1522140.0,35.13292495476969,43,67.0,0
SN-6003,PIKINE,Alimentation,1476503.0,11.815672410366338,178,95.0,0
SN-6004,Yoff,Électronique,295493.0,-4.425494532667949,79,39.0,0
SN-6005,Pikine,Électronique,33726.0,18.262041829316374,10,90.0,1
SN-6006,Ouakam,Alimentation,223676.0,-16.360562633630728,1,66.0,0
SN-6007,Marché Sandaga,Habillement,1263983.0,-2.0859597740017617,68,-1.0,0
SN-6008,Medina,Services,1740174.0,8.398684842024945,12,107.0,0
SN-6009,Pikine,Restauration,311467.0,11.795704113153413,74,90.0,1
SN-6010,Medina,Électronique,1647862.0,-31.559381658938463,116,88.0,0
SN-6011,PIKINE,Alimentation,1892207.0,24.85310432292909,177,19.0,1
SN-6012,Marché Sandaga,Restauration,1367065.0,-17.364089237749685,29,113.0,0
SN-6013, Pikine ,Services,1417221.0,-1.8673568481118972,90,91.0,0
SN-6014,Medina,Restauration,184284.0,13.720561562953336,184,85.0,1
SN-6015,Medina,Alimentation,939598.0,3.6164144175570394,55,67.0,0
SN-6016,Yoff,Électronique,1601574.0,-25.287608498765827,176,79.0,0
SN-6017,Pikine,Habillement,269526.0,-2.37442124960135,84,94.0,0
SN-6018,Medina,Restauration,736477.0,-34.56912638181727,186,23.0,0
SN-6019, Pikine ,nan,1876908.0,-15.842215352415225,128,50.0,0
SN-6020,Guediawaye,Alimentation,1587873.0,0.1839689259638131,5,17.0,0
SN-6021,Marché Sandaga,Habillement,910776.0,-36.668390753128705,136,56.0,1
SN-6022,Medina,Alimentation,614856.0,0.7045784150929513,27,15.0,0
SN-6023,Parcelles Assainies,Alimentation,1888234.0,-7.1327871105590335,178,7.0,0
SN-6024,Marche Sandaga,Services,1583277.0,-5.808977983798219,28,-5.0,0
SN-6025, Pikine ,Restauration,1235871.0,5.414934686743182,150,44.0,1
SN-6026,Medina,Habillement,1850980.0,33.34255717663456,96,97.0,0
SN-6027,Ouakam,Restauration,1350669.0,-11.09140014424149,16,64.0,0
SN-6028,PIKINE,Restauration,1467800.0,10.539894755977237,11,62.0,0
SN-6029,Marché Sandaga,Habillement,504498.0,-10.087880849742648,24,17.0,1
SN-6030,Pikine,Restauration,682309.0,24.83948939862676,7,44.0,0
SN-6031,Guediawaye,Électronique,1711462.0,16.42888699886957,192,23.0,0
SN-6032,Parcelles Assainies,Services,1418554.0,9.665656681321282,48,38.0,0
SN-6033,Marche Sandaga,Habillement,1052840.0,-27.639060109811517,174,-5.0,0
SN-6034,Medina,Habillement,58135.0,-34.58535847167749,34,27.0,1
SN-6035,Marche Sandaga,Électronique,1017578.0,8.437544227351585,162,53.0,0
SN-6036,Marché Sandaga,Restauration,382186.0,-14.104652288141807,198,66.0,0
SN-6037,Guediawaye,Habillement,1481250.0,-5.98941132802894,36,0.0,0
SN-6038,Yoff,Habillement,1071251.0,-2.2840724892413196,164,65.0,0
SN-6039,PIKINE,Habillement,660873.0,-2.9416640294421477,16,36.0,0
SN-6040,Marche Sandaga,Restauration,1876218.0,-12.570452508709078,20,113.0,0
SN-6041,Marche Sandaga,Habillement,13065.0,17.36988356691564,54,59.0,1
SN-6042,PIKINE,Restauration,877880.0,-34.15050823366905,159,22.0,0
SN-6043, Pikine ,Habillement,1015398.0,-29.461095659523195,87,19.0,0
SN-6044,Medina,Électronique,1203447.0,15.277798637249589,74,93.0,0
SN-6045,Marché Sandaga,Restauration,1521090.0,5.377249628717361,42,67.0,0
SN-6046, Pikine ,Habillement,1067130.0,23.67691445296181,160,68.0,0
SN-6047,Marché Sandaga,Alimentation,535173.0,-5.152182166597072,147,111.0,1
SN-6048,PIKINE,Restauration,344178.0,-9.567978605707717,116,23.0,0
SN-6049,Guediawaye,Alimentation,860224.0,18.98567085910948,179,101.0,0
SN-6050,Parcelles Assainies,Restauration,1490587.0,-15.789396761154267,83,-4.0,1
SN-6051,Ouakam,Services,258110.0,42.343530824931506,153,102.0,0
SN-6052,Parcelles Assainies,Services,1496201.0,-15.898751527329226,25,-2.0,0
SN-6053,Pikine,Électronique,1696980.0,-1.3086748230878953,13,21.0,0
SN-6054,Guediawaye,nan,505343.0,-24.2377327648529,38,11.0,1
SN-6055,Guediawaye,Alimentation,65838.0,-5.40272272141641,57,19.0,1
SN-6056, Pikine ,Alimentation,539872.0,-16.028500615910303,26,40.0,0
SN-6057,Parcelles Assainies,Restauration,1511060.0,9.373789938830244,140,16.0,0
SN-6058,Guediawaye,Habillement,1265293.0,-0.4882936620884891,133,30.0,0
SN-6059,Yoff,Alimentation,1114762.0,-40.091633698917526,16,4.0,0
SN-6060,Pikine,Électronique,166258.0,-36.98051457482376,7,7.0,1
SN-6061,Marche Sandaga,Alimentation,1070257.0,-13.080402536305737,101,116.0,0
SN-6062,Yoff,Électronique,229322.0,-43.07412430155534,38,19.0,0
SN-6063,Pikine,Habillement,655673.0,-24.924840701706543,185,15.0,0
SN-6064, Pikine ,nan,1294602.0,-11.063604421063502,173,78.0,0
SN-6065,Ouakam,Restauration,61715.0,11.60781806777345,22,79.0,1
SN-6066, Pikine ,Alimentation,938971.0,-15.77665688535981,168,38.0,0
SN-6067,Guediawaye,Alimentation,380395.0,-5.308914594880494,71,97.0,0
SN-6068,PIKINE,Habillement,230772.0,-23.743674896936163,43,16.0,0
SN-6069,Medina,Services,422163.0,,92,49.0,1
SN-6070,Marche Sandaga,Électronique,1982067.0,-8.33750938938276,104,89.0,0
SN-6071,PIKINE,Habillement,97118.0,29.732936356697426,76,43.0,0
SN-6072,Marché Sandaga,nan,1803104.0,14.683296243581388,126,-5.0,0
SN-6073,Yoff,Habillement,61601.0,-9.55258432364259,145,7.0,1
SN-6074,Parcelles Assainies,Habillement,1746546.0,9.390093319226441,124,3.0,0
SN-6075,Ouakam,Électronique,485653.0,7.990582900098592,62,67.0,0
SN-6076,Pikine,Restauration,286934.0,-1.0534309757702889,80,31.0,0
SN-6077,Medina,Habillement,1784915.0,29.55160053494964,72,119.0,0
SN-6078,Guediawaye,Habillement,480127.0,-2.885122298704164,136,-5.0,1
SN-6079,Marché Sandaga,Habillement,1894022.0,60.33917549832541,2,13.0,0
SN-6080,Marche Sandaga,Restauration,1143952.0,28.019481044660665,42,90.0,0
SN-6081,Pikine,Restauration,1765151.0,-7.1644495810035425,74,12.0,0
SN-6082,Pikine,Électronique,1076158.0,-45.346437058401506,192,70.0,0
SN-6083,Parcelles Assainies,Alimentation,109315.0,-7.908559528175099,42,113.0,0
SN-6084,Marche Sandaga,Habillement,635026.0,-16.032970910651958,97,42.0,1
SN-6085,Pikine,Services,1272277.0,-14.877912035509848,68,67.0,0
SN-6086, Pikine ,Restauration,176434.0,10.694396740130696,55,26.0,0
SN-6087,PIKINE,Alimentation,77693.0,13.26968009528754,58,20.0,1
SN-6088,Parcelles Assainies,Alimentation,1654704.0,-14.542069430279374,149,11.0,0
SN-6089,Guediawaye,Services,97041.0,6.407572767739885,114,94.0,1
SN-6090,Marché Sandaga,Alimentation,460354.0,3.890531632788716,191,104.0,0
SN-6091,Yoff,Habillement,276601.0,14.359533479168697,176,73.0,1
SN-6092,Marché Sandaga,Habillement,441786.0,2.069926818774734,71,92.0,0
SN-6093,Marche Sandaga,Restauration,462530.0,,75,80.0,1
SN-6094,Pikine,Restauration,650547.0,-6.880085891698267,139,35.0,1
SN-6095,Marche Sandaga,Alimentation,1103405.0,-19.18019192875706,3,99.0,0
SN-6096,Pikine,Services,1320763.0,-25.60460718502221,197,60.0,0
SN-6097,PIKINE,Services,1396936.0,-3.681771246204067,122,13.0,0
SN-6098,Parcelles Assainies,Restauration,1083369.0,,32,37.0,0
SN-6099, Pikine ,Restauration,1110553.0,17.00469594877124,130,71.0,0
SN-6100,Marché Sandaga,nan,569179.0,1.8606225721436442,193,81.0,0
SN-6101,Ouakam,Électronique,1430861.0,3.5016970571745327,59,13.0,0
SN-6102,PIKINE,Habillement,1469731.0,-1.3197307022569418,86,8.0,0
SN-6103,Pikine,Alimentation,392247.0,14.145184413102076,81,38.0,0
SN-6104,Guediawaye,nan,695323.0,7.817438417957042,4,81.0,0
SN-6105,Marché Sandaga,Électronique,945761.0,7.708131478249808,149,28.0,0
SN-6106,PIKINE,Restauration,1483753.0,16.40572644451986,165,72.0,0
SN-6107,Marche Sandaga,Alimentation,434510.0,14.704604476048855,114,28.0,0
SN-6108, Pikine ,Électronique,522547.0,14.032916623256178,89,44.0,1
SN-6109,Pikine,Services,126604.0,7.276785604379597,11,66.0,1
SN-6110, Pikine ,Électronique,1369996.0,,41,62.0,0
SN-6111,PIKINE,Habillement,1173023.0,27.00895624636379,159,46.0,0
SN-6112,Marché Sandaga,Restauration,1309540.0,-10.732348488094402,158,62.0,0
SN-6113,Marché Sandaga,Alimentation,153032.0,-26.059501812868913,155,30.0,1
SN-6114,Marche Sandaga,Habillement,645018.0,8.416270332323627,63,33.0,1
SN-6115, Pikine ,Habillement,539481.0,-21.46395755044533,60,71.0,1
SN-6116,PIKINE,Services,1976081.0,13.17334051215109,91,65.0,1
SN-6117,Ouakam,Électronique,300321.0,-4.360594348781092,193,101.0,0
SN-6118,Pikine,Habillement,781228.0,,74,67.0,0
SN-6119,PIKINE,Services,1243782.0,15.219700324163938,53,102.0,0
SN-6120,PIKINE,Habillement,1124430.0,-12.612698024036552,63,57.0,0
SN-6121,PIKINE,Alimentation,1858027.0,5.147244453886769,101,29.0,0
SN-6122,Parcelles Assainies,Habillement,1542790.0,-3.4734290341863376,5,39.0,0
SN-6123,Guediawaye,nan,1230698.0,7.955457409495845,175,58.0,0
SN-6124,Medina,Restauration,1686119.0,12.1246912000084,87,37.0,0
SN-6125,Marché Sandaga,Habillement,543271.0,-21.975114219428452,47,1.0,1
SN-6126,Guediawaye,Alimentation,532939.0,,191,109.0,0
SN-6127,Yoff,Restauration,1062844.0,-5.8542814965286105,109,88.0,0
SN-6128,PIKINE,Restauration,977634.0,-44.36370643978322,95,24.0,0
SN-6129,Parcelles Assainies,Services,1364606.0,-6.305855442588456,40,87.0,0
SN-6130,Parcelles Assainies,nan,1733433.0,24.917887157457564,125,60.0,0
SN-6131,Marché Sandaga,Alimentation,603058.0,-36.878065201185464,17,76.0,0
SN-6132,Marché Sandaga,Services,1340016.0,-2.331644462311885,42,32.0,0
SN-6133,Pikine,Électronique,146672.0,19.43900332488151,57,42.0,0
SN-6134,Marché Sandaga,nan,985238.0,,59,52.0,0
SN-6135, Pikine ,Électronique,1820089.0,7.39851843596319,60,47.0,0
SN-6136,Parcelles Assainies,Alimentation,1820266.0,-1.4469347859490234,37,0.0,0
SN-6137,Guediawaye,Services,59244.0,26.124991266327704,117,84.0,0
SN-6138,Marché Sandaga,Électronique,1277923.0,6.387808770390523,119,91.0,0
SN-6139,Pikine,nan,1910322.0,15.58910227807461,198,4.0,0
SN-6140,Guediawaye,Habillement,1275491.0,-4.149736497771336,154,82.0,0
SN-6141,Ouakam,Restauration,948986.0,6.954942778591656,198,4.0,0
SN-6142,Ouakam,nan,540632.0,-35.62958862779874,92,75.0,1
SN-6143,Pikine,Électronique,270617.0,5.5360649739313335,111,93.0,1
SN-6144,Guediawaye,Électronique,1947750.0,16.27721038313708,48,99.0,0
SN-6145,Marche Sandaga,Alimentation,1926344.0,-14.412117391140566,187,87.0,0
SN-6146,PIKINE,Restauration,1738276.0,,154,-5.0,0
SN-6147,Guediawaye,Électronique,1626664.0,-5.462258110092829,147,66.0,0
SN-6148,Yoff,Électronique,1531607.0,1.3335625155432846,102,15.0,0
SN-6149,Marché Sandaga,Services,1076608.0,-26.298525834635864,199,72.0,0
SN-6150,Medina,Restauration,735413.0,-4.934274672574372,86,31.0,0
SN-6151,Yoff,Habillement,91360.0,,76,24.0,0
SN-6152,Yoff,Alimentation,332154.0,,136,98.0,0
SN-6153,PIKINE,Services,1819049.0,,81,112.0,0
SN-6154,Ouakam,Électronique,1100046.0,-35.67322607487044,177,112.0,0
SN-6155,PIKINE,Électronique,1692053.0,4.969024056375002,79,87.0,0
SN-6156,Parcelles Assainies,Alimentation,603288.0,-7.801531959907743,198,17.0,0
SN-6157,Medina,Services,1184125.0,29.080630940916656,88,34.0,0
SN-6158, Pikine ,Alimentation,539128.0,23.87543290929844,136,50.0,1
SN-6159,Pikine,Alimentation,1948637.0,-25.481510879050195,135,104.0,0
SN-6160,Marche Sandaga,Services,1124548.0,19.44856151834953,46,67.0,0
SN-6161,PIKINE,Alimentation,703707.0,15.852616648382776,139,13.0,0
SN-6162,Parcelles Assainies,Électronique,718992.0,15.009466021117268,197,17.0,1
SN-6163,Marché Sandaga,Habillement,195899.0,1.7642699971938889,39,-4.0,1
SN-6164,Marché Sandaga,Électronique,696507.0,-24.14098937251513,169,52.0,1
SN-6165,Ouakam,Habillement,803672.0,-20.461686877287313,44,51.0,0
SN-6166,Parcelles Assainies,Habillement,264063.0,-27.214872685503742,160,33.0,0
SN-6167,Parcelles Assainies,Restauration,613649.0,-22.38601871066293,193,47.0,0
SN-6168,Marche Sandaga,Électronique,785275.0,,119,5.0,1
SN-6169, Pikine ,Électronique,71271.0,-0.294075834515947,18,47.0,1
SN-6170,Parcelles Assainies,Restauration,98804.0,38.48262842278314,61,2.0,1
SN-6171,Guediawaye,Services,23684.0,-7.624033775686526,176,97.0,0
SN-6172,Marché Sandaga,Services,1169995.0,-14.062286252566912,29,50.0,1
SN-6173,Marché Sandaga,Électronique,762525.0,-14.507518884009391,103,10.0,1
SN-6174,Pikine,Électronique,275159.0,27.433870000028776,6,71.0,1
SN-6175,Marché Sandaga,Restauration,1820856.0,2.3594403276835028,83,71.0,1
SN-6176,Marche Sandaga,Électronique,1996679.0,6.1324275550748535,80,50.0,0
SN-6177,Pikine,Habillement,987963.0,-4.975694886083326,36,39.0,0
SN-6178,Marché Sandaga,Habillement,1145810.0,-25.365203426743083,138,-1.0,0
SN-6179,Parcelles Assainies,Habillement,907543.0,5.90866910088288,45,58.0,1
SN-6180,Medina,Habillement,1539249.0,-36.021540056528345,151,35.0,0
SN-6181,Parcelles Assainies,Habillement,1055280.0,3.824685753813558,79,27.0,1
SN-6182,Medina,Restauration,61027.0,21.50565328595405,15,80.0,1
SN-6183,Guediawaye,Services,1921593.0,9.19846562881426,106,88.0,0
SN-6184,Guediawaye,Habillement,1369078.0,-1.291186557776449,49,-2.0,1
SN-6185,PIKINE,Habillement,978307.0,-5.114341868264411,163,110.0,0
SN-6186,Parcelles Assainies,Alimentation,1645793.0,27.665659785743486,130,26.0,0
SN-6187, Pikine ,Alimentation,314094.0,6.251765649893573,100,29.0,1
SN-6188, Pikine ,Alimentation,764842.0,34.076316011502065,98,44.0,0
SN-6189,Marché Sandaga,Alimentation,815960.0,0.012819071702697044,78,31.0,1
SN-6190,Ouakam,Alimentation,1438905.0,18.434568111616375,168,117.0,0
SN-6191,Marche Sandaga,Habillement,577844.0,2.222502730945715,54,4.0,1
SN-6192,Marché Sandaga,Alimentation,985532.0,42.41849421019889,49,85.0,0
SN-6193,Marché Sandaga,Services,815710.0,6.503545104939905,72,103.0,0
SN-6194,Medina,Électronique,860636.0,34.42059204606976,160,104.0,0
SN-6195,Parcelles Assainies,Habillement,1109237.0,-20.670543453359898,111,79.0,0
SN-6196,Guediawaye,Électronique,854666.0,-11.126416928646181,5,94.0,0
SN-6197,Guediawaye,Restauration,1358464.0,-18.75003005443744,12,84.0,0
SN-6198,Pikine,Électronique,360840.0,22.318445858416503,139,16.0,0
SN-6199, Pikine ,Électronique,1224224.0,-9.196873624122713,94,4.0,1
SN-6200,Yoff,Habillement,987443.0,9.756505669193682,46,37.0,0
SN-6201,Medina,Alimentation,1313991.0,12.784010427545489,15,41.0,1
SN-6202,Medina,Habillement,473781.0,25.299525670322538,183,33.0,0
SN-6203,Pikine,Restauration,1017339.0,,45,-2.0,0
SN-6204,Ouakam,Restauration,996092.0,3.881556644877107,160,42.0,0
SN-6205,Marche Sandaga,Restauration,805777.0,11.4451860298435,113,9.0,1
SN-6206,Medina,Alimentation,286700.0,-9.24748942089339,74,117.0,1
SN-6207,Guediawaye,Services,1283418.0,-39.64954833165647,148,102.0,0
SN-6208,Medina,Restauration,1065678.0,2.940198144278729,194,110.0,1
SN-6209,Guediawaye,Restauration,1277505.0,-6.040703038541859,165,58.0,0
SN-6210, Pikine ,Électronique,427711.0,-0.5177241862205889,21,107.0,1
SN-6211,PIKINE,Alimentation,886027.0,-32.06547981275697,100,10.0,1
SN-6212,Yoff,Alimentation,1635578.0,-49.210905061195575,59,98.0,0
SN-6213,Yoff,Services,70084.0,44.554630952947704,78,19.0,1
SN-6214,Ouakam,Restauration,1948042.0,-18.54322711534455,103,19.0,0
SN-6215,Marche Sandaga,Alimentation,840297.0,-4.582165774255854,68,40.0,0
SN-6216,Pikine,Habillement,1346985.0,22.760861462326393,144,48.0,0
SN-6217,Medina,Électronique,751961.0,-35.38389068758395,42,71.0,1
SN-6218,Marche Sandaga,Restauration,1459877.0,3.7655529840108004,80,92.0,0
SN-6219, Pikine ,Habillement,109391.0,-2.3638051135461797,148,59.0,0
SN-6220,Marché Sandaga,nan,45908.0,-1.9732669311061246,18,81.0,0
SN-6221,PIKINE,Alimentation,1281136.0,-11.495895745550055,58,79.0,0
SN-6222,Yoff,Services,186779.0,13.223418863347653,154,107.0,1
SN-6223,Pikine,Alimentation,704324.0,17.01279968095901,163,100.0,0
SN-6224,Guediawaye,Services,1629127.0,26.686492989164883,161,75.0,0
SN-6225,Guediawaye,Électronique,1721973.0,-3.723734584144138,52,30.0,0
SN-6226,Ouakam,Habillement,1674474.0,-48.5150403028004,29,106.0,0
SN-6227,Guediawaye,Électronique,1349143.0,-24.355679270791356,45,25.0,0
SN-6228,Marche Sandaga,Alimentation,1456370.0,-2.249354333186329,26,115.0,0
SN-6229,PIKINE,Services,1512471.0,-36.96081499236951,17,76.0,0
SN-6230,Marche Sandaga,Restauration,998905.0,15.682216837485136,96,19.0,0
SN-6231,Yoff,Électronique,1013900.0,-32.984434179731366,12,96.0,0
SN-6232,Ouakam,Alimentation,692885.0,1.1454643265861284,78,22.0,0
SN-6233,Ouakam,Alimentation,1266733.0,-20.927942146015578,48,118.0,0
SN-6234,Ouakam,Électronique,647664.0,-3.891858951590157,189,67.0,0
SN-6235,Parcelles Assainies,Restauration,1409063.0,34.774168623525604,123,41.0,1
SN-6236,Marche Sandaga,Habillement,1152555.0,17.168217142757598,148,62.0,0
SN-6237,PIKINE,Électronique,1029393.0,15.673473333801716,112,106.0,0
SN-6238, Pikine ,nan,1611788.0,-0.5331575510002425,139,38.0,0
SN-6239,Marche Sandaga,Électronique,1295796.0,13.599866740129773,122,73.0,0
SN-6240,Pikine,Électronique,1153444.0,-2.8102319011766634,57,18.0,1
SN-6241,Marché Sandaga,Électronique,777166.0,3.0497302738271554,24,54.0,0
SN-6242,Parcelles Assainies,Habillement,1519986.0,-10.665679690248805,187,41.0,0
SN-6243,Marché Sandaga,Habillement,795240.0,-24.308947811251635,10,58.0,1
SN-6244,Marche Sandaga,Services,1281853.0,,129,5.0,0
SN-6245,Pikine,Électronique,1863410.0,-1.118492233135575,5,-4.0,0
SN-6246,Yoff,Services,1573615.0,-5.947578653488276,186,35.0,0
SN-6247,Yoff,Alimentation,1208217.0,1.4223619336193474,75,91.0,0
SN-6248,Parcelles Assainies,Habillement,1904166.0,1.6611816492408655,166,53.0,0
SN-6249,Ouakam,Alimentation,1404482.0,12.36306653252506,83,82.0,0
SN-6250,Yoff,Alimentation,1938907.0,-30.499989115274715,151,88.0,0
SN-6251,Guediawaye,nan,417201.0,-6.486000216343248,108,65.0,1
SN-6252,Guediawaye,Services,1835727.0,-6.087419537193504,150,31.0,0
SN-6253, Pikine ,Alimentation,1375486.0,-2.716441160320893,174,53.0,0
SN-6254,Medina,Restauration,477619.0,-15.420682469930929,174,53.0,0
SN-6255,Pikine,Restauration,742559.0,-12.963100449578288,136,117.0,0
SN-6256,Marché Sandaga,Alimentation,2568.0,25.782568240042373,43,91.0,1
SN-6257,Medina,Alimentation,1508943.0,-17.976123261998367,115,112.0,0
SN-6258,PIKINE,Restauration,1192133.0,-2.0836924668800685,55,70.0,0
SN-6259,Pikine,Services,1555691.0,8.14790280262699,124,96.0,0
SN-6260,Marche Sandaga,Électronique,223971.0,-12.607847965634875,30,43.0,1
SN-6261,Marche Sandaga,Habillement,1716397.0,-33.87363563090495,162,109.0,0
SN-6262,Yoff,Alimentation,453018.0,11.096250808529009,189,101.0,0
SN-6263,Parcelles Assainies,Restauration,1360233.0,22.34434862844863,156,62.0,0
SN-6264,Yoff,Habillement,644584.0,14.204516536088793,145,42.0,0
SN-6265,Ouakam,Habillement,528449.0,7.3781463169666885,93,3.0,0
SN-6266,Yoff,Habillement,344004.0,-1.6745841575913363,168,64.0,1
SN-6267, Pikine ,Habillement,1748406.0,-6.646884596827997,54,70.0,0
SN-6268,Guediawaye,Alimentation,402168.0,-10.464966751057418,9,107.0,0
SN-6269,Ouakam,Alimentation,1994634.0,-7.412326894087382,116,47.0,0
SN-6270,Medina,Services,1611195.0,11.909112266309247,163,-5.0,0
SN-6271,Yoff,Services,588934.0,-14.311074734984768,76,42.0,1
SN-6272,Guediawaye,Services,1874348.0,20.594530396676426,162,28.0,0
SN-6273,Pikine,Restauration,1848829.0,7.8000063496033265,150,61.0,0
SN-6274,Pikine,Alimentation,376867.0,46.19257339713847,159,7.0,0
SN-6275,Parcelles Assainies,Habillement,1816882.0,,182,109.0,0
SN-6276,Guediawaye,Services,1458826.0,27.216827833868244,129,105.0,0
SN-6277,Marché Sandaga,Restauration,1907740.0,21.327295899551814,84,20.0,0
SN-6278,Ouakam,Alimentation,1872741.0,-2.334783896487067,165,73.0,0
SN-6279,Parcelles Assainies,Restauration,945199.0,-20.636035989995356,151,68.0,0
SN-6280,PIKINE,Alimentation,1320389.0,33.07111306875919,48,21.0,0
SN-6281,Guediawaye,Électronique,37036.0,9.157853794606881,158,31.0,1
SN-6282,Marché Sandaga,Habillement,454966.0,-10.342446079708825,16,-2.0,0
SN-6283,PIKINE,Habillement,653893.0,-22.74657773011755,163,106.0,0
SN-6284,Pikine,Électronique,748295.0,20.232484014369586,189,-4.0,0
SN-6285,Pikine,nan,144549.0,-15.156450198388058,108,46.0,1
SN-6286,Parcelles Assainies,Habillement,1098802.0,-28.545345373682068,57,84.0,0
SN-6287,PIKINE,Électronique,621303.0,3.277155596919206,97,94.0,0
SN-6288,Ouakam,Électronique,651243.0,-6.9920150837554065,140,14.0,0
SN-6289,Parcelles Assainies,Alimentation,1081032.0,-1.926497872934877,52,105.0,0
SN-6290,Yoff,Restauration,337138.0,-36.767464116957676,155,52.0,1
SN-6291,Marche Sandaga,Électronique,182524.0,13.521857227523268,80,21.0,1
SN-6292,Marche Sandaga,Alimentation,521345.0,4.49747581776336,139,107.0,0
SN-6293, Pikine ,Alimentation,170814.0,-13.908221036638452,135,32.0,1
SN-6294,PIKINE,Habillement,1736981.0,-41.65168930442687,126,16.0,0
SN-6295, Pikine ,Habillement,1107755.0,-7.46966595718569,150,20.0,0
SN-6296,Parcelles Assainies,Alimentation,818554.0,-18.049380687515338,115,55.0,1
SN-6297,Guediawaye,Restauration,1991285.0,-16.316177912637713,168,15.0,0
SN-6298,Ouakam,Alimentation,709783.0,-18.025679272036164,3,12.0,1
SN-6299,Marché Sandaga,Électronique,489181.0,13.695464501988457,148,63.0,0
SN-6300,Parcelles Assainies,Restauration,244932.0,,36,96.0,1
SN-6301,Parcelles Assainies,Habillement,697901.0,14.041541838656952,80,26.0,1
SN-6302, Pikine ,Électronique,1689971.0,8.035878121077978,55,42.0,0
SN-6303,Yoff,Alimentation,1600813.0,45.22765018940727,87,72.0,0
SN-6304,PIKINE,Services,1289413.0,9.041928923577094,63,5.0,1
SN-6305, Pikine ,Services,1823976.0,-6.748785018103298,165,60.0,0
SN-6306,Ouakam,Électronique,1257674.0,-2.8191066981758333,175,46.0,0
SN-6307,Parcelles Assainies,Alimentation,1733755.0,16.99313479028769,32,62.0,0
SN-6308,PIKINE,Habillement,243156.0,4.667446384146359,137,107.0,0
SN-6309,Guediawaye,Restauration,1762170.0,-23.774100781511443,97,105.0,0
SN-6310,Marché Sandaga,Services,501020.0,-1.3094944539369333,74,38.0,0
SN-6311,Medina,Alimentation,741371.0,17.207086018918453,103,58.0,1
SN-6312,PIKINE,Habillement,743271.0,10.29623496232762,141,-1.0,0
SN-6313,Medina,Habillement,1556202.0,5.008586782174415,142,105.0,0
SN-6314,Pikine,Habillement,763986.0,14.525189347315703,187,117.0,0
SN-6315,Ouakam,Alimentation,54697.0,,37,61.0,0
SN-6316,Guediawaye,Services,1776969.0,-15.58762015812679,1,53.0,0
SN-6317,Guediawaye,Alimentation,1477921.0,16.293147202751143,58,11.0,0
SN-6318,Pikine,Alimentation,715793.0,6.356313918201541,147,72.0,1
SN-6319, Pikine ,Électronique,278073.0,,68,118.0,0
SN-6320, Pikine ,Habillement,683792.0,2.494353899092178,75,43.0,0
SN-6321,Yoff,Services,937060.0,-13.115604950940103,167,81.0,0
SN-6322,Marché Sandaga,Alimentation,1663527.0,-0.8616751846984168,114,25.0,0
SN-6323,Pikine,Habillement,432073.0,11.71692999058444,162,5.0,0
SN-6324,Marché Sandaga,Alimentation,556048.0,44.63482425394592,17,35.0,0
SN-6325,Yoff,Restauration,266829.0,28.293139494223606,167,6.0,1
SN-6326,Parcelles Assainies,Électronique,866455.0,-18.944669345847633,152,107.0,0
SN-6327,Pikine,Électronique,1641248.0,-10.548633532828466,57,37.0,0
SN-6328,PIKINE,Électronique,975462.0,-10.73713678543945,101,68.0,0
SN-6329,Ouakam,Restauration,1502668.0,-18.737751986800887,76,111.0,0
SN-6330,Pikine,Services,377309.0,11.816986196627084,144,1.0,1
SN-6331,PIKINE,Services,1961847.0,15.444875815489066,72,30.0,0
SN-6332,Yoff,Électronique,1045658.0,-8.786419805395877,28,84.0,0
SN-6333,Ouakam,Électronique,30774.0,11.58059330891633,43,113.0,0
SN-6334,PIKINE,Restauration,680296.0,26.727403334577083,185,31.0,1
SN-6335,Parcelles Assainies,Alimentation,75623.0,33.14985100701747,193,61.0,1
SN-6336,Marche Sandaga,Restauration,1736437.0,20.086032391206125,64,17.0,1
SN-6337,Guediawaye,Alimentation,748968.0,-1.5095865404147626,133,78.0,0
SN-6338,Yoff,Restauration,1798403.0,-16.268291702724987,3,10.0,0
SN-6339,Marche Sandaga,Restauration,490500.0,1.374124437583697,176,3.0,1
SN-6340,Marché Sandaga,Électronique,1279175.0,13.187406493279024,119,78.0,0
SN-6341, Pikine ,Alimentation,890716.0,-4.921311661081249,163,103.0,0
SN-6342,Yoff,Électronique,497127.0,-16.52603498038157,94,59.0,1
SN-6343,Ouakam,Électronique,648390.0,16.16607946808496,5,106.0,0
SN-6344,Pikine,Électronique,1126162.0,27.85660417051804,12,66.0,0
SN-6345,Pikine,Restauration,170109.0,-1.9542552669929232,169,68.0,0
SN-6346, Pikine ,Alimentation,24741.0,-1.1060645025445308,135,63.0,1
SN-6347,Marché Sandaga,Alimentation,858492.0,-13.094864483631758,130,50.0,0
SN-6348,Parcelles Assainies,Électronique,493708.0,1.1544436163377232,160,21.0,0
SN-6349,Guediawaye,Services,1099009.0,2.19895399275516,118,11.0,1
SN-6350,Ouakam,Services,1309482.0,-11.504240828915526,14,117.0,0
SN-6351,Parcelles Assainies,Restauration,924173.0,-20.964360277628913,174,8.0,0
SN-6352,Marche Sandaga,Restauration,1304462.0,,198,75.0,0
SN-6353,Guediawaye,Habillement,1434970.0,-18.168242032909507,121,53.0,0
SN-6354, Pikine ,Restauration,1839680.0,1.85374262063699,120,6.0,0
SN-6355,Pikine,Restauration,177267.0,,107,54.0,1
SN-6356,Marche Sandaga,Électronique,1093291.0,8.400246128458242,57,63.0,0
SN-6357,Parcelles Assainies,Alimentation,1448599.0,-0.7996895078187544,49,111.0,0
SN-6358,Marché Sandaga,Alimentation,112613.0,-7.827720826859752,102,1.0,0
SN-6359,Yoff,Électronique,1642797.0,-42.44222413287635,25,-3.0,0
SN-6360,Ouakam,Habillement,1013433.0,15.30657029404017,118,116.0,0
SN-6361, Pikine ,Restauration,447320.0,-0.29004796557101165,142,118.0,0
SN-6362, Pikine ,Services,1720956.0,-3.0383678305715196,25,51.0,0
SN-6363,Marche Sandaga,Services,1443404.0,16.22005938772099,39,38.0,0
SN-6364,Parcelles Assainies,Habillement,481282.0,-28.185623018121934,53,78.0,0
SN-6365,Ouakam,Services,226620.0,-22.042723008141337,161,72.0,0
SN-6366,Parcelles Assainies,Restauration,1728033.0,20.852835574011735,189,77.0,0
SN-6367, Pikine ,Électronique,1524148.0,-10.946882630779616,10,2.0,1
SN-6368, Pikine ,Services,1796381.0,12.533407767089994,160,37.0,0
SN-6369,Marché Sandaga,Habillement,1077714.0,0.02982178448017571,190,114.0,0
SN-6370,Marché Sandaga,Habillement,1977149.0,0.6097874189414072,142,101.0,0
SN-6371,Marche Sandaga,Alimentation,944162.0,25.034831474070455,144,1.0,1
SN-6372,Medina,nan,356038.0,-4.122792996198901,153,110.0,0
SN-6373,Medina,Restauration,1827988.0,18.445017898056037,123,101.0,0
SN-6374,Pikine,Restauration,1934109.0,14.281084471385267,26,114.0,0
SN-6375,PIKINE,Électronique,1689038.0,-17.277069702977236,194,35.0,0
SN-6376,Marche Sandaga,Habillement,1778622.0,-18.534412776512738,89,96.0,0
SN-6377,Parcelles Assainies,Électronique,822975.0,-8.174801396235578,131,111.0,0
SN-6378,Medina,Habillement,794839.0,-13.092800906336207,55,115.0,0
SN-6379,Ouakam,Alimentation,1802108.0,-6.920652869958316,17,88.0,0
SN-6380,Pikine,Restauration,911385.0,28.80343156320905,80,102.0,0
SN-6381,Marché Sandaga,Restauration,947689.0,-3.3161915697390745,48,8.0,0
SN-6382,PIKINE,Services,1889998.0,9.054973419412352,86,88.0,0
SN-6383, Pikine ,Habillement,651611.0,13.380468201500438,14,11.0,0
SN-6384,Marche Sandaga,Habillement,1702512.0,-17.336742876602568,152,30.0,0
SN-6385,Marché Sandaga,Électronique,454942.0,-8.330894094227911,136,113.0,0
SN-6386,Parcelles Assainies,Alimentation,1283577.0,-22.72762406196575,39,63.0,0
SN-6387,Pikine,Alimentation,757961.0,26.54914163480822,8,103.0,0
SN-6388,Medina,Électronique,312693.0,,188,88.0,0
SN-6389,Marche Sandaga,nan,1592335.0,-11.540589874194886,195,17.0,0
SN-6390,Marché Sandaga,Électronique,1758092.0,2.303437238602627,39,51.0,0
SN-6391,Yoff,Alimentation,41122.0,-0.7183053582729364,155,82.0,0
SN-6392,Marché Sandaga,Restauration,111006.0,,72,65.0,0
SN-6393,Guediawaye,nan,938185.0,-8.654961782752634,31,58.0,0
SN-6394,Marché Sandaga,Habillement,1837751.0,-11.4631756866616,45,70.0,0
SN-6395,Pikine,Habillement,665922.0,7.076921220457485,82,41.0,0
SN-6396,Pikine,Alimentation,1239342.0,1.5665211744507013,75,119.0,0
SN-6397,Ouakam,nan,742203.0,-3.9463406212100587,143,27.0,0
SN-6398, Pikine ,Électronique,1523921.0,24.4192276595978,19,45.0,0
SN-6399,Parcelles Assainies,Services,1656982.0,-5.596467970128174,96,65.0,0
SN-6400,Medina,Services,122543.0,-9.462630733169586,93,37.0,1
SN-6401,Marche Sandaga,Électronique,1400161.0,2.340983265036617,19,-3.0,1
SN-6402,Parcelles Assainies,Habillement,1664272.0,5.631711651533161,163,111.0,0
SN-6403,Marche Sandaga,Habillement,579151.0,34.41011784445671,161,80.0,0
SN-6404, Pikine ,Alimentation,1592089.0,-6.087081691518818,29,80.0,0
SN-6405,Marche Sandaga,Restauration,864319.0,-24.481828250197953,46,56.0,0
SN-6406,Medina,Restauration,865635.0,,170,79.0,1
SN-6407,Ouakam,Alimentation,1056933.0,19.194151466586046,44,88.0,1
SN-6408,Medina,Restauration,449731.0,-27.10596480779218,85,36.0,1
SN-6409,Marché Sandaga,nan,1996335.0,15.651465170388521,192,52.0,0
SN-6410,Pikine,nan,588035.0,-6.260262608721806,72,75.0,1
SN-6411,Marche Sandaga,Alimentation,1290535.0,-14.319105930432599,140,35.0,0
SN-6412,Marche Sandaga,Restauration,1972992.0,-3.4776592402819078,198,115.0,0
SN-6413,Medina,Services,1465951.0,18.758259077624302,112,34.0,0
SN-6414,Yoff,Alimentation,1875210.0,,56,26.0,0
SN-6415,Ouakam,Alimentation,1808863.0,-9.741444695847203,197,4.0,0
SN-6416,Guediawaye,Habillement,1986619.0,14.64925933682117,195,66.0,0
SN-6417, Pikine ,Alimentation,789969.0,-19.962740795114623,29,0.0,1
SN-6418,Medina,Électronique,157057.0,18.51757900029358,138,80.0,1
SN-6419,Parcelles Assainies,Restauration,46979.0,11.606224705456658,36,-1.0,1
SN-6420,Guediawaye,Restauration,644833.0,30.975571409993414,96,71.0,1
SN-6421,Pikine,Services,352907.0,,127,42.0,1
SN-6422,Yoff,Restauration,1177232.0,-5.2681567855995395,3,61.0,0
SN-6423,Marche Sandaga,Habillement,1913487.0,-0.5102294146552366,80,107.0,0
SN-6424,Marché Sandaga,Alimentation,1664203.0,-5.1918094098334455,74,12.0,0
SN-6425,Pikine,Services,241190.0,14.644132946368526,36,116.0,0
SN-6426,Marche Sandaga,Restauration,300030.0,18.362361901706723,121,-2.0,0
SN-6427,Parcelles Assainies,Électronique,948462.0,1.6471932967951055,113,37.0,0
SN-6428,Guediawaye,Restauration,736833.0,-3.3764064085543763,72,-1.0,0
SN-6429,Marche Sandaga,Habillement,351643.0,9.045926291773455,140,66.0,0
SN-6430,Medina,Électronique,601942.0,12.884062629136825,18,105.0,0
SN-6431,Marché Sandaga,Alimentation,930823.0,-11.220638435133356,108,100.0,0
SN-6432,Guediawaye,Habillement,608927.0,9.798080388494398,67,64.0,0
SN-6433,Marche Sandaga,Électronique,1030411.0,7.247424566224571,9,-5.0,0
SN-6434,Pikine,nan,788413.0,23.731546656834656,101,0.0,0
SN-6435,Yoff,Services,800406.0,-4.958878777612166,157,28.0,1
SN-6436,Pikine,Électronique,310331.0,27.524035049486365,104,59.0,0
SN-6437,Guediawaye,Habillement,1419977.0,-26.506667609997237,38,29.0,0
SN-6438,PIKINE,Alimentation,432711.0,13.776628489051586,53,116.0,0
SN-6439,Marché Sandaga,nan,262773.0,43.5574531200065,157,80.0,0
SN-6440,PIKINE,Restauration,1976711.0,-11.745617332068141,56,111.0,0
SN-6441,Medina,Restauration,773716.0,-0.8978918024211268,11,93.0,0
SN-6442,Medina,Habillement,1621734.0,-38.72749846220031,111,81.0,0
SN-6443,Ouakam,Services,115308.0,-4.595058444796402,93,47.0,1
SN-6444,Marche Sandaga,Habillement,1647446.0,20.452722885712017,4,0.0,0
SN-6445,Marche Sandaga,Alimentation,936524.0,7.219988173551926,15,93.0,0
SN-6446,Ouakam,Alimentation,305673.0,7.297608720146992,12,49.0,0
SN-6447,Yoff,Services,1408927.0,-0.165069573479773,76,31.0,0
SN-6448,Yoff,Habillement,1633798.0,-14.430502853021498,63,97.0,0
SN-6449, Pikine ,Électronique,824060.0,7.720464064723037,35,62.0,0
SN-6450, Pikine ,Électronique,62891.0,20.39500663199242,131,60.0,0
SN-6451,Marché Sandaga,Habillement,1785512.0,7.407926872455275,157,21.0,0
SN-6452,Parcelles Assainies,nan,1312972.0,-27.181134772239368,68,105.0,0
SN-6453,Marche Sandaga,Services,1875779.0,24.29807038598627,101,3.0,0
SN-6454,Marche Sandaga,Services,149462.0,-15.65577704147666,153,68.0,1
SN-6455,Marché Sandaga,Habillement,1478319.0,8.541335993598796,199,56.0,0
SN-6456,Marche Sandaga,Électronique,634539.0,-16.76153653856541,99,88.0,0
SN-6457,Parcelles Assainies,Restauration,279920.0,-20.196095487248567,193,36.0,1
SN-6458,Marché Sandaga,Alimentation,1754289.0,-9.482012034432802,68,39.0,0
SN-6459, Pikine ,Restauration,437725.0,31.83135735728098,147,110.0,0
SN-6460,Ouakam,Habillement,5851.0,-41.365349118823936,157,78.0,0
SN-6461,Marché Sandaga,Électronique,550111.0,-1.0971276443133537,14,51.0,0
SN-6462,Guediawaye,Électronique,50556.0,0.8410651681152338,136,106.0,0
SN-6463,Ouakam,Habillement,1512029.0,18.00994804254108,155,25.0,0
SN-6464,Medina,Électronique,573663.0,5.750822796721083,101,91.0,1
SN-6465,Ouakam,Habillement,998701.0,,159,40.0,0
SN-6466,Marché Sandaga,Habillement,930749.0,29.995020678014733,158,50.0,0
SN-6467,Parcelles Assainies,Alimentation,1310571.0,3.125212358741458,124,45.0,0
SN-6468,Medina,Services,877476.0,-11.539775003314496,83,1.0,1
SN-6469, Pikine ,Restauration,1465933.0,-4.995162322207956,160,-1.0,1
SN-6470,Ouakam,Habillement,1652452.0,-2.4196762165497523,30,69.0,0
SN-6471,Marché Sandaga,Électronique,1725455.0,34.244785403355614,120,40.0,0
SN-6472,Marché Sandaga,Électronique,1768571.0,-3.050708476370901,38,73.0,0
SN-6473,Guediawaye,Électronique,1487648.0,-23.619220419106487,127,30.0,0
SN-6474,Guediawaye,Alimentation,1638973.0,27.885862412897055,12,99.0,0
SN-6475,Yoff,Habillement,1097785.0,0.13101228738569676,52,44.0,0
SN-6476,Yoff,Services,550451.0,37.44109996283531,6,81.0,0
SN-6477,Guediawaye,Alimentation,1353865.0,-22.906787113909,166,51.0,0
SN-6478,Ouakam,Services,693641.0,0.02595048549010329,183,66.0,0
SN-6479, Pikine ,Habillement,204539.0,-12.082670591661858,198,44.0,0
SN-6480,Ouakam,Électronique,176418.0,-19.844117483660515,145,43.0,0
SN-6481,PIKINE,Électronique,1650270.0,-12.580319441067761,60,86.0,0
SN-6482,Medina,Restauration,935499.0,25.992864594999215,39,95.0,0
SN-6483, Pikine ,Restauration,432499.0,4.148136760193818,60,1.0,0
SN-6484,Yoff,Habillement,527402.0,,165,16.0,1
SN-6485,Medina,Restauration,205215.0,-8.991142169299275,107,-2.0,1
SN-6486,Parcelles Assainies,nan,741538.0,28.608216644599533,176,95.0,0
SN-6487,Guediawaye,Habillement,1153340.0,-12.079783346993045,145,71.0,1
SN-6488,PIKINE,Habillement,1022616.0,16.053242792935688,35,55.0,1
SN-6489, Pikine ,Restauration,898148.0,-45.105652160100995,102,63.0,1
SN-6490,Guediawaye,Habillement,1355294.0,22.62782433030948,57,26.0,0
SN-6491,Guediawaye,Services,1769221.0,-39.5266248065794,28,1.0,1
SN-6492,Marché Sandaga,Restauration,1793511.0,13.179610995871931,19,73.0,0
SN-6493,Yoff,Restauration,535017.0,20.12625971539553,195,76.0,0
SN-6494,Ouakam,Services,1784339.0,-4.950085536334813,33,46.0,0
SN-6495,Marché Sandaga,Habillement,666168.0,6.685699046411461,46,91.0,0
SN-6496,Marché Sandaga,Restauration,389439.0,-7.377082275768277,53,76.0,0
SN-6497,Marche Sandaga,Services,1175178.0,,33,25.0,0
SN-6498,Guediawaye,Habillement,635211.0,-8.965511526620881,29,105.0,0
SN-6499,Marche Sandaga,Alimentation,1228684.0,21.536858756811625,17,7.0,0
SN-6500,Parcelles Assainies,Alimentation,1145302.0,10.626120333167972,18,68.0,0
SN-6501,Marché Sandaga,Électronique,505496.0,-25.519826656475786,12,116.0,0
SN-6502,Yoff,Alimentation,37767.0,8.570655171907276,156,41.0,1
SN-6503,Marché Sandaga,Alimentation,1833005.0,,180,9.0,0
SN-6504,Guediawaye,nan,1487807.0,33.52594961891792,45,111.0,0
SN-6505,Yoff,Services,778866.0,-21.9547188429012,73,64.0,0
SN-6506,PIKINE,Services,885039.0,-63.52530779849719,5,47.0,0
SN-6507,Medina,Services,1050311.0,6.285926392085571,114,110.0,0
SN-6508,Pikine,Restauration,193885.0,-7.4471372877762185,70,26.0,1
SN-6509,Yoff,Services,1825471.0,-3.665940456853715,23,86.0,0
SN-6510,Guediawaye,Habillement,1613826.0,-12.034044318716884,104,82.0,0
SN-6511,Pikine,nan,868961.0,-2.474188584684798,186,59.0,0
SN-6512,Yoff,Restauration,640944.0,-5.158482031629924,157,78.0,0
SN-6513,Marché Sandaga,Habillement,912339.0,-1.8551899235000322,19,15.0,0
SN-6514, Pikine ,Habillement,1255837.0,22.86728506424854,52,70.0,0
SN-6515, Pikine ,Alimentation,751032.0,-22.407367310699616,158,1.0,1
SN-6516,Marche Sandaga,Alimentation,970324.0,-46.55840694951236,29,106.0,0
SN-6517,Ouakam,Services,1936304.0,1.004811443203018,94,4.0,0
SN-6518,Guediawaye,Restauration,1741545.0,-15.443686412775657,102,56.0,0
SN-6519, Pikine ,nan,721628.0,22.436214524601755,21,51.0,0
SN-6520,Guediawaye,Services,1848510.0,-6.18207811996446,84,42.0,0
SN-6521,Marché Sandaga,Habillement,1496607.0,-28.271494700387517,58,82.0,0
SN-6522,Pikine,Habillement,746509.0,16.073284903742564,42,17.0,0
SN-6523,Ouakam,Habillement,532626.0,21.959206821237665,53,38.0,1
SN-6524, Pikine ,Électronique,80710.0,5.087992410295136,81,18.0,0
SN-6525,Marché Sandaga,Services,1920189.0,-6.238120150010527,63,63.0,0
SN-6526,Pikine,Restauration,464968.0,-7.447237433645513,107,93.0,0
SN-6527,Guediawaye,Restauration,1361678.0,,196,48.0,0
SN-6528,Marché Sandaga,Électronique,1609635.0,30.787775709733495,15,12.0,0
SN-6529,PIKINE,Alimentation,938024.0,17.60455317009332,61,61.0,0
SN-6530,Marché Sandaga,Restauration,482933.0,44.59932578685847,101,111.0,0
SN-6531,Marche Sandaga,nan,417797.0,35.87547182760651,31,68.0,0
SN-6532,Guediawaye,Électronique,621857.0,-40.48136347291957,68,-2.0,0
SN-6533,Pikine,Alimentation,1495268.0,-36.523273851800276,28,83.0,0
SN-6534,Guediawaye,Habillement,912542.0,20.12205121194214,19,103.0,0
SN-6535,Parcelles Assainies,Alimentation,1714126.0,18.003147352179816,109,14.0,0
SN-6536,Pikine,Restauration,983506.0,2.105137517329079,104,115.0,0
SN-6537,Medina,Restauration,728909.0,-0.7052796804978866,158,18.0,0
SN-6538,Medina,Services,1783357.0,-29.767679570298373,69,-1.0,0
SN-6539,Marche Sandaga,Alimentation,607854.0,4.200300956940058,119,7.0,1
SN-6540,Marché Sandaga,Alimentation,116272.0,-18.283665117323867,104,10.0,0
SN-6541,Pikine,Alimentation,992810.0,14.090182382168328,149,87.0,0
SN-6542,PIKINE,Habillement,866767.0,10.386354337767171,38,88.0,0
SN-6543,PIKINE,Services,210643.0,9.602166349627634,195,77.0,0
SN-6544,Yoff,Restauration,1968494.0,-8.520441148052525,161,50.0,0
SN-6545,Marche Sandaga,Services,1815854.0,,88,64.0,0
SN-6546,Ouakam,Services,1462706.0,,20,74.0,0
SN-6547,Yoff,Services,1295053.0,-11.11353996531101,183,55.0,0
SN-6548,Marché Sandaga,Services,1109671.0,35.71436649280016,194,47.0,0
SN-6549,Medina,Électronique,1247468.0,-31.471733055749777,77,7.0,0
SN-6550,Marché Sandaga,Restauration,222130.0,5.18620548520306,159,59.0,1
SN-6551,PIKINE,Services,504168.0,25.16274590314159,142,6.0,0
SN-6552,Parcelles Assainies,Services,1324036.0,-21.198296101406612,186,33.0,0
SN-6553,Guediawaye,Services,1089984.0,18.160749164015858,190,-4.0,0
SN-6554,Guediawaye,Habillement,360227.0,-2.8072828539388355,184,6.0,1
SN-6555,Medina,Restauration,1695309.0,,170,50.0,0
SN-6556, Pikine ,Services,1100709.0,-0.835660785731257,48,90.0,0
SN-6557, Pikine ,Électronique,34025.0,14.443690673251483,73,59.0,1
SN-6558,PIKINE,Électronique,1350645.0,13.433677620227877,7,18.0,0
SN-6559,Marche Sandaga,Alimentation,1124124.0,-21.75898674471511,57,-4.0,0
SN-6560,Guediawaye,Services,888077.0,30.11462563418766,42,105.0,0
SN-6561,Parcelles Assainies,Alimentation,403907.0,10.36905088564555,171,11.0,1
SN-6562,Ouakam,Habillement,736109.0,-22.52298197537778,55,108.0,0
SN-6563,Marche Sandaga,nan,1038681.0,-35.97855925911526,59,25.0,0
SN-6564, Pikine ,Services,284762.0,-18.043294209523356,141,84.0,0
SN-6565,Medina,Électronique,1280728.0,-23.246541131203166,36,-2.0,0
SN-6566,Medina,Habillement,587183.0,-14.130249845510397,138,33.0,0
SN-6567,Marché Sandaga,Services,1523856.0,-0.2740510105315714,172,56.0,0
SN-6568,Yoff,nan,299652.0,,182,80.0,0
SN-6569,Marche Sandaga,Habillement,1259241.0,-14.49382587654297,109,29.0,0
SN-6570,Yoff,Habillement,286446.0,-10.464379918174533,100,108.0,0
SN-6571,Ouakam,Électronique,880878.0,-3.8784324478842085,124,35.0,0
SN-6572,PIKINE,Électronique,853980.0,-0.20215885796649538,131,26.0,1
SN-6573,Ouakam,Restauration,1154899.0,-10.297911437799863,37,74.0,0
SN-6574,Yoff,Services,1761514.0,8.026403444634099,129,81.0,0
SN-6575,PIKINE,Restauration,1005213.0,-16.184495571642717,42,9.0,1
SN-6576,Parcelles Assainies,Électronique,169502.0,19.946449440855677,94,32.0,0
SN-6577,Yoff,Électronique,528944.0,,26,119.0,0
SN-6578,Pikine,Alimentation,1515701.0,28.662293835582165,113,52.0,0
SN-6579,Marché Sandaga,Électronique,1866466.0,-39.125520886224756,131,90.0,0
SN-6580,Ouakam,Alimentation,1023163.0,-35.42492904168634,83,44.0,0
SN-6581,Marché Sandaga,Restauration,1950014.0,28.648457995957706,12,84.0,0
SN-6582,Pikine,Alimentation,1002077.0,-24.98221748562287,151,22.0,1
SN-6583,Medina,Électronique,75352.0,-3.4853981217238394,11,9.0,1
SN-6584,Medina,Électronique,1833907.0,-2.8115382135284572,174,64.0,0
SN-6585,Marché Sandaga,Habillement,823399.0,-27.76873656888852,36,60.0,0
SN-6586,Pikine,Services,1399144.0,2.1157979922907213,53,111.0,0
SN-6587,Marche Sandaga,Restauration,794098.0,,131,62.0,0
SN-6588,Marche Sandaga,Électronique,1702674.0,0.2558124163594595,54,107.0,0
SN-6589,Marche Sandaga,Restauration,105052.0,6.459614131067928,182,102.0,0
SN-6590,Yoff,Électronique,540766.0,6.511305864659304,162,72.0,0
SN-6591,Yoff,Électronique,1026273.0,-22.002143440876925,76,103.0,0
SN-6592,Medina,Alimentation,483374.0,20.619708015872238,100,46.0,0
SN-6593,Medina,Services,1291961.0,14.229325478307723,165,31.0,0
SN-6594,Marche Sandaga,nan,1654306.0,-26.282643866723646,84,95.0,0
SN-6595,Parcelles Assainies,Services,1147156.0,-2.100167331288893,185,115.0,0
SN-6596,Medina,Électronique,852346.0,1.8634232983423569,46,18.0,0
SN-6597,Marché Sandaga,Alimentation,1164269.0,0.7273812441523761,96,58.0,0
SN-6598,Marché Sandaga,Habillement,91401.0,-20.95861450352516,145,99.0,0
SN-6599,Ouakam,nan,1177794.0,26.18987089965583,53,56.0,0
SN-6600,Medina,Alimentation,312899.0,6.843123398904128,77,-3.0,0
SN-6601, Pikine ,Alimentation,333511.0,0.6952982742364712,122,76.0,0
SN-6602,Ouakam,Restauration,1287394.0,-8.883187440883693,186,51.0,0
SN-6603,Ouakam,Alimentation,1035625.0,,178,37.0,0
SN-6604,Pikine,Électronique,1825918.0,-4.107370845682709,55,84.0,0
SN-6605,Pikine,Alimentation,492751.0,23.57370211558688,58,2.0,0
SN-6606,Pikine,Électronique,1473726.0,15.428492460437885,60,111.0,0
SN-6607,Parcelles Assainies,Électronique,743799.0,,139,76.0,0
SN-6608,Medina,Habillement,1921363.0,-24.321931335995966,22,-4.0,0
SN-6609,Medina,Restauration,607248.0,-23.635575394524473,38,59.0,0
SN-6610, Pikine ,Services,11878.0,-30.14213215538764,181,34.0,0
SN-6611,Yoff,Services,1614814.0,-7.849007353382933,131,43.0,0
SN-6612,PIKINE,Alimentation,723666.0,-16.568873538824683,184,48.0,0
SN-6613,PIKINE,Services,1417722.0,30.029203912603705,48,106.0,0
SN-6614,Guediawaye,Services,537526.0,9.881020315334734,187,63.0,0
SN-6615,Parcelles Assainies,Services,755470.0,14.28822572592999,16,-2.0,0
SN-6616, Pikine ,Électronique,1148847.0,,71,48.0,0
SN-6617,Marche Sandaga,Services,1177934.0,31.769931303994813,150,97.0,0
SN-6618,Marche Sandaga,Électronique,144237.0,-6.779662415167506,142,-1.0,0
SN-6619,Medina,Électronique,1847105.0,-31.185665523231663,104,11.0,0
SN-6620,Pikine,Alimentation,1148482.0,-25.326694555558234,27,34.0,0
SN-6621,PIKINE,Électronique,112814.0,-1.887527042707079,110,60.0,0
SN-6622,PIKINE,Restauration,845040.0,15.181307833136488,34,29.0,0
SN-6623,Yoff,Alimentation,967260.0,23.11000770122684,153,53.0,0
SN-6624,Marché Sandaga,Électronique,515900.0,50.26130040797584,171,39.0,1
SN-6625,Guediawaye,Habillement,882382.0,-8.731674858184599,180,113.0,0
SN-6626,Guediawaye,Habillement,1133480.0,34.98539823368797,87,109.0,0
SN-6627,PIKINE,Électronique,5047.0,,59,118.0,1
SN-6628, Pikine ,Habillement,1767826.0,-16.214898289803564,147,103.0,0
SN-6629,Marche Sandaga,Restauration,1728894.0,-43.93549090973197,104,114.0,0
SN-6630,Marché Sandaga,Services,1463532.0,20.97384226401489,81,68.0,0
SN-6631, Pikine ,Habillement,648288.0,-23.72462343966982,18,-2.0,0
SN-6632,Medina,Électronique,991347.0,-4.3019804013902405,74,6.0,1
SN-6633,Marche Sandaga,Restauration,895084.0,-32.26769719140624,147,-4.0,0
SN-6634,Marche Sandaga,Habillement,1152113.0,14.719403766880525,133,112.0,0
SN-6635,Marche Sandaga,Alimentation,1465063.0,-21.475545984413884,164,23.0,0
SN-6636,Medina,Alimentation,1274522.0,4.209990556235825,144,38.0,1
SN-6637,Marche Sandaga,Restauration,1586215.0,-25.089857930720633,11,43.0,0
SN-6638,Medina,nan,895594.0,-1.9198936962062718,88,70.0,0
SN-6639,Pikine,Restauration,990189.0,33.66432487423158,82,73.0,0
SN-6640,PIKINE,Restauration,804520.0,-13.085941504844314,98,66.0,0
SN-6641,Medina,Électronique,1452988.0,-22.91998054184006,7,2.0,1
SN-6642,Parcelles Assainies,Restauration,725895.0,-14.531379438305494,177,17.0,0
SN-6643,Parcelles Assainies,Restauration,621369.0,-26.406069076464945,196,67.0,0
SN-6644,Medina,Habillement,541485.0,-5.887991986815328,24,90.0,0
SN-6645,Medina,Électronique,667396.0,5.625976130361591,100,81.0,0
SN-6646, Pikine ,nan,208311.0,-6.304601934667309,10,18.0,0
SN-6647,Parcelles Assainies,Services,1598758.0,28.323043098193637,92,14.0,0
SN-6648,Marche Sandaga,Alimentation,1083575.0,,82,72.0,1
SN-6649,Medina,Restauration,1218318.0,12.666413661272614,52,56.0,0
SN-6650, Pikine ,Habillement,871723.0,61.621359972500606,57,24.0,0
SN-6651,Pikine,Restauration,1238603.0,-6.2662319922930365,195,97.0,0
SN-6652,Marché Sandaga,Restauration,1210047.0,,126,64.0,0
SN-6653,PIKINE,Restauration,1769040.0,-24.806156413516266,86,108.0,0
SN-6654,Parcelles Assainies,Électronique,1269274.0,-19.566721740663215,66,75.0,0
SN-6655,Medina,Alimentation,1635620.0,14.228755413587447,176,85.0,0
SN-6656, Pikine ,nan,1369936.0,20.74363676195009,139,10.0,1
SN-6657,Marche Sandaga,Restauration,1690933.0,-30.7900063025522,174,7.0,0
SN-6658,Pikine,Services,1319463.0,2.6516422490495097,59,119.0,0
SN-6659,Parcelles Assainies,Services,1293687.0,6.662237395504015,18,43.0,0
SN-6660,Guediawaye,nan,1126864.0,-17.074339680040918,153,18.0,1
SN-6661,PIKINE,Alimentation,600599.0,-1.5446155604504597,60,30.0,0
SN-6662,Marche Sandaga,Alimentation,419179.0,-18.706352688970803,181,16.0,0
SN-6663,Ouakam,Habillement,1742745.0,0.8416894216417292,99,97.0,0
SN-6664,Pikine,Électronique,185784.0,-11.511753120115022,9,45.0,0
SN-6665,Pikine,Alimentation,1455628.0,-6.1110375987631045,84,89.0,0
SN-6666,Parcelles Assainies,Électronique,187795.0,-11.119597255243745,52,69.0,1
SN-6667,Parcelles Assainies,Habillement,1061566.0,27.452192292962888,134,69.0,0
SN-6668,Parcelles Assainies,Électronique,1086730.0,-3.125183775389999,130,19.0,1
SN-6669,Parcelles Assainies,Restauration,816250.0,45.06395697251907,173,53.0,1
SN-6670,Guediawaye,Électronique,253255.0,-7.209236581789373,20,111.0,0
SN-6671, Pikine ,Habillement,1672182.0,9.516964303651147,178,69.0,0
SN-6672,PIKINE,Alimentation,1079524.0,13.84773832709758,132,74.0,0
SN-6673,Parcelles Assainies,nan,70278.0,4.980020010827826,61,-3.0,1
SN-6674,Medina,Électronique,1667572.0,45.813187820982655,60,20.0,0
SN-6675, Pikine ,Restauration,1697447.0,-0.3597709959326701,113,46.0,0
SN-6676,Marche Sandaga,Électronique,1523134.0,-12.295359736827322,175,85.0,0
SN-6677,Ouakam,nan,87411.0,-14.523570286678202,34,74.0,1
SN-6678,Parcelles Assainies,Restauration,1244775.0,-33.23038428553854,71,34.0,0
SN-6679,Parcelles Assainies,Électronique,40449.0,3.113422855108829,122,78.0,1
SN-6680,Marche Sandaga,Restauration,654995.0,13.81382070135691,186,73.0,0
SN-6681,Marche Sandaga,Habillement,689507.0,-0.9082645691172335,155,85.0,0
SN-6682,Marche Sandaga,Restauration,290887.0,-2.188527856072087,70,3.0,1
SN-6683,Ouakam,Électronique,1932851.0,-0.7758728714758333,94,115.0,1
SN-6684,Medina,Services,862908.0,,44,81.0,0
SN-6685,Yoff,Services,478879.0,20.90580507920357,5,93.0,0
SN-6686, Pikine ,Restauration,254405.0,-16.91537553796742,152,2.0,1
SN-6687,Ouakam,Électronique,1524849.0,23.561743368490458,155,19.0,0
SN-6688,Parcelles Assainies,Habillement,430355.0,-22.8175994883583,185,41.0,0
SN-6689,Yoff,Habillement,1478903.0,8.259049630278115,163,83.0,1
SN-6690,Yoff,Habillement,758015.0,4.219191113891606,102,95.0,0
SN-6691,Yoff,Habillement,1585901.0,-23.982305637877985,20,66.0,0
SN-6692,Guediawaye,Habillement,170265.0,-11.106650928803186,117,59.0,1
SN-6693,Medina,Habillement,878529.0,45.53467880208105,123,99.0,0
SN-6694,Marché Sandaga,nan,1806068.0,18.755616910077716,53,66.0,0
SN-6695,Marche Sandaga,Habillement,242192.0,19.479162054479595,76,65.0,0
SN-6696,Guediawaye,Restauration,648374.0,27.402578858480716,184,64.0,1
SN-6697,Medina,Alimentation,1621682.0,-22.94007734679283,67,84.0,0
SN-6698,Parcelles Assainies,Restauration,1365384.0,-8.11914809264254,166,-4.0,0
SN-6699,Medina,Électronique,1961772.0,10.294879314278047,76,91.0,0
SN-6700,Pikine,Électronique,1793087.0,15.390390670797656,2,81.0,0
SN-6701,Pikine,nan,1287472.0,-10.71526700466615,190,98.0,0
SN-6702, Pikine ,Services,1915315.0,-28.584840528799397,16,49.0,0
SN-6703,Yoff,Électronique,1234573.0,-16.42475343236528,165,16.0,0
SN-6704,Pikine,Alimentation,382158.0,-3.2516392403711136,172,55.0,0
SN-6705, Pikine ,Restauration,1443467.0,4.911643565370969,185,39.0,0
SN-6706,Marche Sandaga,Restauration,116156.0,0.6423540042754974,102,25.0,1
SN-6707, Pikine ,Services,548491.0,47.08423012266991,180,111.0,0
SN-6708,Ouakam,Électronique,937374.0,-15.62542658576588,141,57.0,0
SN-6709,Medina,Alimentation,213639.0,-5.321986224408267,33,94.0,0
SN-6710, Pikine ,Restauration,1377711.0,-18.728476217718814,18,89.0,1
SN-6711,Marché Sandaga,Restauration,1954916.0,6.471849381462894,132,96.0,0
SN-6712,Yoff,Restauration,1409256.0,,17,111.0,0
SN-6713,PIKINE,Habillement,980623.0,-14.13223152470357,27,111.0,0
SN-6714,Marche Sandaga,Services,1424271.0,-10.184622509237718,131,72.0,0
SN-6715,Marché Sandaga,Alimentation,1538013.0,19.659536881113013,89,5.0,0
SN-6716,Yoff,Électronique,339350.0,9.315580697758739,170,58.0,0
SN-6717,Medina,Alimentation,597133.0,-15.264908541212137,59,109.0,1
SN-6718,PIKINE,Habillement,1607192.0,-41.95645774470855,186,22.0,0
SN-6719,Parcelles Assainies,Services,1152493.0,12.134781143546295,150,47.0,0
SN-6720,Marché Sandaga,nan,1643059.0,,19,25.0,0
SN-6721,Medina,Services,858306.0,4.787707383711998,137,11.0,0
SN-6722, Pikine ,Électronique,1323611.0,25.76960177445345,93,1.0,0
SN-6723,Guediawaye,Services,659166.0,-12.640514660256235,116,107.0,0
SN-6724,Marche Sandaga,Habillement,545321.0,,147,87.0,0
SN-6725,Ouakam,Alimentation,1291331.0,9.412909252657448,37,102.0,0
SN-6726,Medina,Services,334065.0,-30.238610082302326,83,5.0,1
SN-6727,PIKINE,Restauration,195999.0,-12.465000319951463,142,29.0,0
SN-6728,Marche Sandaga,Habillement,1458637.0,22.059570902656244,76,48.0,0
SN-6729,Guediawaye,Habillement,193696.0,-22.023337488839253,139,36.0,0
SN-6730, Pikine ,Services,1186265.0,-13.996508783547835,128,43.0,0
SN-6731,Marche Sandaga,Habillement,311101.0,-33.89981474755778,101,-1.0,0
SN-6732,Marche Sandaga,Services,63039.0,3.8883047206696615,67,80.0,0
SN-6733,Marché Sandaga,Électronique,1327337.0,2.439785726490313,195,103.0,0
SN-6734,Yoff,Alimentation,27828.0,7.990723583786027,151,2.0,0
SN-6735,PIKINE,Électronique,523123.0,-10.15084426609723,114,52.0,1
SN-6736,Ouakam,Électronique,1710742.0,-1.4392362570499366,156,30.0,0
SN-6737,Marché Sandaga,Services,1446385.0,29.51532683292095,38,46.0,0
SN-6738,Ouakam,Alimentation,1336147.0,-4.329923534620248,136,77.0,0
SN-6739,Ouakam,Restauration,515042.0,38.81785125548407,95,106.0,0
SN-6740,Medina,Services,805166.0,15.673747776043731,149,29.0,0
SN-6741,Yoff,Alimentation,933585.0,-6.477523583124135,112,32.0,0
SN-6742,Guediawaye,Habillement,203359.0,-24.510355363411605,7,26.0,0
SN-6743,Ouakam,Alimentation,1151158.0,21.931880212680536,40,104.0,0
SN-6744,Yoff,Électronique,560274.0,-22.885464221118607,191,22.0,0
SN-6745,Pikine,Restauration,1462872.0,4.9561998842483455,168,37.0,0
SN-6746,Marché Sandaga,Alimentation,1881483.0,5.002109538418643,46,63.0,0
SN-6747,Guediawaye,Alimentation,760734.0,-1.5179765515595722,0,97.0,0
SN-6748,Parcelles Assainies,nan,1759548.0,-7.725043992898442,190,51.0,0
SN-6749,Yoff,Restauration,1153956.0,-4.421270964038526,58,21.0,0
SN-6750,Medina,Électronique,381277.0,-9.164356138613682,139,63.0,1
SN-6751,Yoff,Restauration,1549098.0,-43.7560622081475,48,115.0,0
SN-6752,Marché Sandaga,Restauration,645314.0,6.846124860300761,174,91.0,0
SN-6753,Yoff,Restauration,1312972.0,-21.805376301935038,140,79.0,0
SN-6754,Marché Sandaga,Électronique,169281.0,-24.986526807989303,188,105.0,1
SN-6755,Medina,Restauration,299309.0,12.947798126568667,167,73.0,0
SN-6756,Pikine,Services,1073811.0,9.919982050678968,162,119.0,0
SN-6757,Parcelles Assainies,Électronique,1302891.0,,88,27.0,0
SN-6758,Pikine,Services,324098.0,17.52327422697719,91,70.0,1
SN-6759,Marché Sandaga,Services,915047.0,-9.606827933291939,19,11.0,1
SN-6760,PIKINE,Restauration,1506158.0,4.721189292709826,161,83.0,0
SN-6761,Marché Sandaga,Services,1102578.0,24.612319915596913,41,43.0,1
SN-6762,Marche Sandaga,Alimentation,147803.0,-0.5960027648625489,48,74.0,0
SN-6763,Medina,Habillement,471843.0,3.7991625022772535,192,117.0,0
SN-6764,Yoff,Services,54511.0,7.096026295588013,22,61.0,0
SN-6765,Guediawaye,Restauration,834376.0,6.177369226951631,18,110.0,0
SN-6766,Ouakam,Services,1289592.0,-31.91824826375504,67,24.0,0
SN-6767,Yoff,Restauration,30522.0,33.49835568884572,82,71.0,0
SN-6768,Pikine,Électronique,1378486.0,12.478363923159472,193,72.0,0
SN-6769,Yoff,Électronique,231916.0,-15.718356051694851,172,103.0,0
SN-6770,Guediawaye,Services,1740550.0,6.249914158177177,103,26.0,0
SN-6771,Pikine,Alimentation,1946312.0,-26.03209210132569,108,88.0,0
SN-6772,Yoff,Alimentation,585141.0,-11.186500981388017,70,46.0,1
SN-6773,Medina,Services,604899.0,8.776075095381412,9,102.0,0
SN-6774,Yoff,Restauration,1587040.0,8.978420565806598,98,26.0,0
SN-6775,PIKINE,Alimentation,1312421.0,-24.29193784501804,145,41.0,0
SN-6776,Yoff,Services,1304169.0,40.895834249251706,77,37.0,0
SN-6777,Pikine,Alimentation,713250.0,-16.68708629411246,39,7.0,1
SN-6778,PIKINE,Services,1906254.0,,136,52.0,0
SN-6779,Guediawaye,Alimentation,453290.0,-30.36312603175732,176,69.0,0
SN-6780,Parcelles Assainies,Services,1030303.0,9.940460631259203,67,57.0,0
SN-6781,Yoff,Alimentation,1837752.0,,55,9.0,0
SN-6782,Pikine,nan,8975.0,-10.440088331181556,174,117.0,0
SN-6783,Ouakam,Alimentation,865828.0,32.416644696723786,108,2.0,0
SN-6784,Ouakam,nan,1640034.0,8.177413876459301,100,112.0,0
SN-6785,Pikine,Habillement,1861101.0,13.78170961549824,119,88.0,0
SN-6786,Ouakam,Électronique,1512888.0,-4.254124740494893,181,91.0,0
SN-6787,Parcelles Assainies,Services,747005.0,-5.93963303693318,151,25.0,0
SN-6788,Marché Sandaga,Alimentation,920470.0,-11.063092697974657,86,30.0,0
SN-6789,Marché Sandaga,Restauration,815355.0,22.618484959749484,23,111.0,0
SN-6790,PIKINE,Habillement,1343893.0,-19.274622247155992,126,74.0,0
SN-6791,Medina,Alimentation,228984.0,-29.514255127359018,167,13.0,0
SN-6792,Marche Sandaga,Habillement,1614823.0,-2.7874893233837206,169,105.0,0
SN-6793,Marché Sandaga,Restauration,1636112.0,6.062541296981371,48,69.0,0
SN-6794,Marché Sandaga,Électronique,1594454.0,-0.155748612770723,73,92.0,0
SN-6795,Pikine,Services,1488138.0,8.121434188690566,103,89.0,0
SN-6796,PIKINE,Restauration,693833.0,14.234909875281076,4,35.0,0
SN-6797,Ouakam,Habillement,678379.0,14.389501249729179,124,90.0,0
SN-6798,Marche Sandaga,Habillement,260927.0,12.317628553530216,130,9.0,0
SN-6799,Ouakam,Électronique,967561.0,12.521037785581628,194,107.0,0
SN-6800,Ouakam,Électronique,541415.0,34.58791077947084,8,29.0,0
SN-6801, Pikine ,Alimentation,1439836.0,-24.13543959196761,76,119.0,0
SN-6802,Pikine,Habillement,1622549.0,-53.0446592504523,142,20.0,1
SN-6803,Guediawaye,Électronique,915513.0,-11.250374357810802,45,83.0,1
SN-6804, Pikine ,Électronique,1688523.0,-7.991928412303,48,35.0,0
SN-6805,Marche Sandaga,Restauration,953233.0,-22.811431339499602,134,32.0,0
SN-6806,Parcelles Assainies,Électronique,757687.0,9.485720482780064,61,44.0,0
SN-6807,Marché Sandaga,Restauration,1044971.0,18.942930329447833,29,27.0,0
SN-6808,Medina,Services,1812938.0,-4.826377389188367,7,17.0,0
SN-6809,Yoff,Restauration,1809451.0,-27.00905438245391,129,106.0,0
SN-6810,Medina,Restauration,655220.0,11.689710968378112,179,41.0,0
SN-6811,Yoff,Habillement,1418367.0,-5.427724587747612,19,109.0,0
SN-6812,Pikine,Alimentation,1907652.0,-21.561277257534222,11,113.0,0
SN-6813,Marche Sandaga,Habillement,247541.0,-34.36551746947162,68,86.0,0
SN-6814,Pikine,Alimentation,507012.0,0.6151302937373053,12,81.0,0
SN-6815,Guediawaye,Alimentation,346788.0,,73,48.0,0
SN-6816,Medina,Alimentation,683691.0,-28.1448501562646,64,71.0,0
SN-6817,Guediawaye,Restauration,649155.0,-20.39204268738384,166,62.0,0
SN-6818,Medina,Habillement,873004.0,10.191285048111371,10,65.0,0
SN-6819,Pikine,Restauration,684967.0,-5.656792070584725,195,112.0,0
SN-6820,Pikine,Alimentation,1086695.0,-25.505945057555323,192,5.0,0
SN-6821,Marché Sandaga,Électronique,5728.0,-24.190537934590154,5,81.0,0
SN-6822,Marché Sandaga,Restauration,1305784.0,4.548289412375177,194,110.0,0
SN-6823,PIKINE,Électronique,1130749.0,,154,119.0,0
SN-6824,Guediawaye,Alimentation,1290927.0,-26.496797778323284,119,46.0,0
SN-6825,Medina,Alimentation,634015.0,9.914548076513846,170,108.0,0
SN-6826,Medina,Services,128914.0,11.970784864959203,91,46.0,1
SN-6827,PIKINE,Électronique,11476.0,29.865794218965405,130,117.0,0
SN-6828,Guediawaye,Restauration,74799.0,23.53795185721003,87,89.0,1
SN-6829,Parcelles Assainies,Habillement,694168.0,-11.511983292635149,47,41.0,0
SN-6830,PIKINE,Électronique,178340.0,7.304163864255191,119,26.0,1
SN-6831,Parcelles Assainies,Alimentation,978815.0,43.87657456260929,61,66.0,1
SN-6832,Parcelles Assainies,Services,638576.0,5.5614079241859695,121,38.0,0
SN-6833,Yoff,Services,1197486.0,-9.95043791127798,142,48.0,0
SN-6834,Marche Sandaga,Restauration,1086625.0,-45.18574176186442,41,89.0,0
SN-6835,Pikine,Services,1196014.0,-5.524705661901061,189,18.0,1
SN-6836,Marché Sandaga,Restauration,643207.0,14.11879437235106,125,11.0,0
SN-6837,PIKINE,Restauration,1423605.0,-10.685857477259722,190,105.0,0
SN-6838,Marche Sandaga,Services,1043340.0,16.96310849076796,8,108.0,1
SN-6839,Parcelles Assainies,Électronique,1795152.0,-3.2413352019301094,60,50.0,1
SN-6840, Pikine ,Services,664552.0,-34.66807007172358,110,53.0,0
SN-6841,Ouakam,Restauration,385163.0,5.664935049075934,76,91.0,0
SN-6842,Guediawaye,Habillement,189331.0,-52.99140351680939,144,42.0,1
SN-6843,Ouakam,Restauration,195613.0,,97,110.0,0
SN-6844,Marche Sandaga,Habillement,1619342.0,0.48142989830224703,14,79.0,0
SN-6845,Pikine,Services,390879.0,0.2384059453686641,96,74.0,0
SN-6846,Parcelles Assainies,Électronique,1245366.0,-5.573505910956546,16,117.0,0
SN-6847,Medina,nan,165730.0,-18.91570820046045,190,65.0,0
SN-6848, Pikine ,Électronique,1883974.0,1.141346533843286,166,29.0,0
SN-6849,Yoff,Restauration,74202.0,6.744438066845738,191,59.0,0
SN-6850,Pikine,Restauration,1609932.0,8.661803228424892,198,86.0,1
SN-6851,Yoff,Restauration,1515432.0,-14.210392404159782,89,31.0,0
SN-6852,Marche Sandaga,Services,1677650.0,19.01485568180079,56,2.0,0
SN-6853,Guediawaye,Habillement,1642841.0,-3.7438331844295885,9,114.0,0
SN-6854, Pikine ,Électronique,1026906.0,19.800833936354486,160,104.0,0
SN-6855,Guediawaye,Services,1159892.0,-8.889533239394433,191,23.0,0
SN-6856,Marche Sandaga,Habillement,1121597.0,-6.95929240875473,175,47.0,0
SN-6857,PIKINE,Habillement,837400.0,12.053465648870837,53,36.0,0
SN-6858,Medina,Électronique,922346.0,24.875580888368024,89,49.0,0
SN-6859,Ouakam,Restauration,1572875.0,-6.99164739757299,143,118.0,0
SN-6860,Medina,Alimentation,1113633.0,-17.03744701332149,183,104.0,0
SN-6861,Marché Sandaga,Habillement,1982660.0,-24.12909587758325,159,117.0,0
SN-6862,Guediawaye,Alimentation,938650.0,21.643441786080615,66,50.0,0
SN-6863,PIKINE,Électronique,1655711.0,-11.536599611506892,194,100.0,0
SN-6864,Marché Sandaga,Alimentation,646466.0,-22.300947517259413,173,39.0,0
SN-6865,Yoff,Alimentation,1487759.0,-12.953766846963674,67,19.0,0
SN-6866, Pikine ,Alimentation,813075.0,-21.218715258846284,28,11.0,0
SN-6867,Ouakam,Électronique,418368.0,17.50963738858318,148,20.0,1
SN-6868, Pikine ,Services,1745102.0,,109,62.0,0
SN-6869,Marché Sandaga,Services,1080079.0,-26.094202150767387,103,5.0,0
SN-6870,Guediawaye,Services,979256.0,-36.656843811391525,104,118.0,0
SN-6871,Ouakam,Habillement,1523205.0,36.71407237218813,16,21.0,0
SN-6872,Ouakam,Habillement,297369.0,-44.55859786802718,199,79.0,0
SN-6873,Parcelles Assainies,Restauration,1367753.0,30.721149420500957,42,6.0,0
SN-6874,Yoff,Alimentation,1830655.0,12.756414851187266,36,39.0,0
SN-6875,Medina,Habillement,36831.0,-23.344285420709365,27,9.0,1
SN-6876, Pikine ,Services,1146959.0,9.59574526182342,77,20.0,1
SN-6877,Medina,Électronique,1530871.0,-26.25110899063418,126,3.0,0
SN-6878,Parcelles Assainies,Restauration,1614782.0,-0.9590423659779572,148,76.0,0
SN-6879,PIKINE,Électronique,819489.0,-8.58348971858425,197,54.0,1
SN-6880,Yoff,Électronique,1925176.0,34.30438488525163,46,76.0,0
SN-6881,Guediawaye,Alimentation,1808075.0,-17.390672645429223,124,23.0,0
SN-6882,Medina,Alimentation,692385.0,-9.54869595162042,18,110.0,1
SN-6883,Marché Sandaga,Restauration,1546771.0,-21.191520540553547,88,92.0,0
SN-6884,PIKINE,Services,80943.0,-5.475406931358008,64,11.0,1
SN-6885, Pikine ,Électronique,1686208.0,-29.047368557492327,195,1.0,1
SN-6886,Medina,Restauration,1148220.0,6.440920745224515,148,29.0,0
SN-6887,Medina,Habillement,1163026.0,-12.698367529769612,59,45.0,0
SN-6888,Pikine,nan,82801.0,-11.9941090031734,133,81.0,1
SN-6889,Marche Sandaga,Alimentation,1270320.0,-16.90075374260587,180,52.0,0
SN-6890,PIKINE,Habillement,242041.0,1.5459779896974841,1,26.0,0
SN-6891,Pikine,Électronique,1479712.0,23.176579051039894,91,55.0,0
SN-6892,Marché Sandaga,Services,343222.0,-23.984183835518337,64,76.0,0
SN-6893,Pikine,Électronique,608741.0,-27.670137862536755,66,62.0,0
SN-6894,Medina,Électronique,37507.0,9.472053702472529,171,39.0,1
SN-6895,Marche Sandaga,Services,382410.0,8.417400112243932,169,43.0,0
SN-6896,Ouakam,Habillement,1076839.0,-51.752027349136036,41,71.0,0
SN-6897,PIKINE,Habillement,1454613.0,32.04817234843978,72,87.0,0
SN-6898,Pikine,Électronique,522231.0,-20.78466530935913,169,12.0,1
SN-6899,Parcelles Assainies,Restauration,1768359.0,2.2978906567584194,16,64.0,0
SN-6900,Pikine,Alimentation,1999439.0,11.080329012373603,164,23.0,0
SN-6901,Guediawaye,Restauration,207682.0,-33.23641533299471,72,31.0,0
SN-6902,Guediawaye,Alimentation,1292102.0,-22.618258000136372,31,14.0,0
SN-6903,Marché Sandaga,Restauration,950529.0,-26.831633809411564,98,70.0,0
SN-6904,Parcelles Assainies,Services,1669811.0,2.599295405427455,88,51.0,1
SN-6905,Marché Sandaga,Restauration,1483566.0,8.332505811421793,49,108.0,0
SN-6906,Yoff,Alimentation,1326889.0,-0.679645472474688,183,27.0,0
SN-6907,Marché Sandaga,Restauration,765449.0,21.225329380132557,97,78.0,0
SN-6908,Ouakam,Électronique,843534.0,14.498777342444804,105,14.0,1
SN-6909,Yoff,Habillement,1906069.0,-24.311136837544282,84,110.0,0
SN-6910, Pikine ,Restauration,634013.0,12.614058093156864,81,8.0,0
SN-6911, Pikine ,nan,1048155.0,-7.557034984661055,197,37.0,0
SN-6912,Yoff,Restauration,1901806.0,5.752881917375426,193,95.0,0
SN-6913,Medina,Habillement,344809.0,-6.204933216415936,6,51.0,0
SN-6914,Marché Sandaga,Habillement,1074661.0,-8.831978825036678,158,111.0,0
SN-6915,Pikine,Habillement,310720.0,8.376058792382073,39,65.0,0
SN-6916,Ouakam,Électronique,618425.0,-1.1218525898638891,180,6.0,1
SN-6917,Medina,Alimentation,204686.0,-22.134809411949234,199,116.0,0
SN-6918,Parcelles Assainies,Services,206916.0,-8.856331053489708,187,103.0,1
SN-6919, Pikine ,Alimentation,361231.0,-0.7823721659067867,74,11.0,1
SN-6920,Ouakam,Alimentation,453117.0,-11.468116782756637,17,16.0,0
SN-6921,PIKINE,Restauration,1367627.0,-5.969856004737567,56,83.0,0
SN-6922,Medina,Électronique,1964343.0,9.216133098058835,113,102.0,0
SN-6923,Marché Sandaga,Alimentation,1203874.0,7.173791020944948,63,1.0,0
SN-6924,Yoff,Électronique,1405017.0,14.158360045874392,164,95.0,0
SN-6925,Marché Sandaga,nan,564934.0,2.0131334611202645,102,46.0,0
SN-6926,Medina,Électronique,64995.0,-16.41143939571492,41,55.0,1
SN-6927,Ouakam,Habillement,146373.0,3.2802779742196457,33,51.0,1
SN-6928,Marché Sandaga,Électronique,1540329.0,-32.021239856899506,48,7.0,0
SN-6929,Medina,Alimentation,1890043.0,11.851574370971914,132,61.0,0
SN-6930,Marche Sandaga,Restauration,445055.0,-12.38431241992041,163,48.0,1
SN-6931,Yoff,Services,921965.0,-24.45020758106779,20,38.0,0
SN-6932,Medina,Restauration,716585.0,1.95833232930769,18,53.0,0
SN-6933, Pikine ,Restauration,1519948.0,-44.290200820947746,101,115.0,0
SN-6934, Pikine ,Habillement,1687966.0,-5.133627526577805,17,59.0,1
SN-6935,Ouakam,nan,1100143.0,17.287503842341906,52,84.0,0
SN-6936,Marche Sandaga,Restauration,746086.0,-5.477469711284479,7,101.0,0
SN-6937,PIKINE,Alimentation,1368066.0,24.604543867365862,139,99.0,0
SN-6938,Ouakam,Services,611190.0,-5.027146337227992,107,47.0,0
SN-6939,Ouakam,Habillement,58420.0,9.092487211115522,80,50.0,1
SN-6940,Guediawaye,Habillement,871907.0,31.447869700907148,111,109.0,0
SN-6941,Pikine,Électronique,869829.0,-1.144866418091865,141,83.0,0
SN-6942,Marche Sandaga,Restauration,230774.0,-26.799100143785928,178,40.0,0
SN-6943,Parcelles Assainies,Restauration,1978070.0,32.5241277057621,145,9.0,0
SN-6944,Yoff,Habillement,1026829.0,9.343899384070284,1,83.0,0
SN-6945,Marche Sandaga,Alimentation,744902.0,3.0140697054704053,30,87.0,0
SN-6946,Marche Sandaga,Alimentation,1874976.0,-7.198018797137527,189,9.0,0
SN-6947,Guediawaye,Alimentation,773483.0,39.80182266189908,59,76.0,0
SN-6948,Pikine,Électronique,511955.0,12.72895184524473,17,14.0,0
SN-6949,Marche Sandaga,Habillement,542720.0,-12.065031711483696,30,55.0,0
SN-6950,Yoff,Électronique,11539.0,41.645553536573786,176,71.0,0
SN-6951,Yoff,Électronique,497505.0,4.641633738420195,171,24.0,0
SN-6952,Guediawaye,Services,1816212.0,-1.3108416544520538,30,104.0,0
SN-6953, Pikine ,Électronique,1473178.0,-26.165247928884867,44,55.0,0
SN-6954,Parcelles Assainies,Habillement,1261463.0,45.16884692146099,142,13.0,0
SN-6955,Medina,Habillement,1736249.0,,101,95.0,0
SN-6956,Ouakam,Services,1075046.0,-27.867296951595513,109,3.0,1
SN-6957,Pikine,Alimentation,1694950.0,26.954788945902642,19,23.0,0
SN-6958,Marché Sandaga,Alimentation,948930.0,-38.24256150151443,116,40.0,0
SN-6959,Yoff,Restauration,617541.0,-0.3006897955911287,9,21.0,0
SN-6960,Parcelles Assainies,Restauration,1118119.0,-6.089334608502997,114,85.0,0
SN-6961,Medina,Restauration,1059746.0,39.08181975095892,51,31.0,0
SN-6962,Yoff,Habillement,224617.0,3.8807735261338143,136,51.0,0
SN-6963,Ouakam,Électronique,1819367.0,-26.654424898681086,134,89.0,0
SN-6964, Pikine ,Alimentation,1119417.0,18.902030978745376,31,30.0,0
SN-6965,Yoff,Alimentation,1481825.0,-33.24561944085046,174,85.0,0
SN-6966,Pikine,Habillement,692612.0,-10.254266206309122,195,92.0,0
SN-6967,Pikine,Alimentation,596402.0,-32.30484257170377,120,68.0,0
SN-6968,Parcelles Assainies,Restauration,1253055.0,-27.297525166037172,184,19.0,1
SN-6969,PIKINE,Alimentation,1878994.0,-45.45949076985461,48,30.0,0
SN-6970,Ouakam,Services,1811324.0,-0.5220523677410323,182,17.0,0
SN-6971,Ouakam,Électronique,1557744.0,14.72032958223815,145,41.0,0
SN-6972,Guediawaye,Alimentation,1198535.0,13.136769902996901,73,22.0,0
SN-6973,Yoff,Services,1791279.0,-10.38806013103825,49,21.0,0
SN-6974,Marche Sandaga,nan,68498.0,-31.336533133707842,146,45.0,1
SN-6975,Ouakam,Services,635548.0,-0.68397267966369,196,53.0,0
SN-6976,Marché Sandaga,Services,1226886.0,,25,114.0,0
SN-6977,PIKINE,Habillement,1642354.0,29.79463182624615,36,74.0,0
SN-6978,Parcelles Assainies,Restauration,722265.0,17.079617097077204,178,67.0,0
SN-6979,PIKINE,Restauration,366868.0,-15.53925681583669,152,9.0,1
SN-6980,Marche Sandaga,Électronique,1780488.0,,68,109.0,0
SN-6981,PIKINE,Électronique,225842.0,-18.257823132855346,125,41.0,1
SN-6982,PIKINE,Habillement,1319606.0,-40.570722030629405,173,94.0,0
SN-6983,Medina,Alimentation,1676609.0,24.200346929883047,1,21.0,0
SN-6984,Medina,Restauration,1015498.0,1.5340224089114778,169,19.0,1
SN-6985,Parcelles Assainies,Alimentation,1846082.0,-14.721968623162926,37,60.0,1
SN-6986,Marché Sandaga,Habillement,458826.0,2.797260516475429,183,62.0,1
SN-6987,Ouakam,Alimentation,975139.0,,27,53.0,1
SN-6988,Yoff,Alimentation,744095.0,43.41016291467554,15,-1.0,1
SN-6989,PIKINE,Services,923148.0,-3.0625214972075043,168,16.0,0
SN-6990,Guediawaye,Alimentation,1781585.0,-43.92582922305273,126,3.0,0
SN-6991,Yoff,Alimentation,585480.0,0.4394261179507957,156,-4.0,1
SN-6992,Ouakam,Restauration,1376100.0,-25.404483152625783,179,92.0,1
SN-6993,Ouakam,Habillement,1375327.0,-3.4594448893471172,49,114.0,0
SN-6994,Medina,Restauration,513252.0,-22.874048531204775,51,92.0,0
SN-6995, Pikine ,Alimentation,897543.0,-13.163580480355252,154,68.0,0
SN-6996,Marché Sandaga,Alimentation,1102730.0,8.333133197132343,100,43.0,0
SN-6997,Marche Sandaga,Habillement,249015.0,12.450972530061037,55,113.0,0
SN-6998,Ouakam,Électronique,1481679.0,-8.806538944916804,137,78.0,0
SN-6999,Pikine,Électronique,891937.0,-8.133889592744094,82,94.0,0
SN-7000,Pikine,Habillement,1065534.0,-13.818144056476722,28,3.0,0
SN-7001,Marché Sandaga,Habillement,1050773.0,23.73512247198611,78,39.0,1
SN-7002,Yoff,Restauration,692218.0,32.78685387431381,19,22.0,0
SN-7003,Yoff,Alimentation,512655.0,29.224723974454726,79,50.0,0
SN-7004,PIKINE,Habillement,1286854.0,-34.401653731581305,167,62.0,0
SN-7005,Medina,Alimentation,440482.0,-12.958178861198185,160,84.0,0
SN-7006,Yoff,Électronique,1360416.0,9.791564514054125,35,45.0,0
SN-7007,Yoff,nan,601547.0,-27.005627634212818,17,119.0,0
SN-7008,Medina,Services,760060.0,17.966626089669656,25,-3.0,1
SN-7009,Medina,Électronique,507690.0,-26.998513016720604,136,37.0,1
SN-7010,Medina,Électronique,858346.0,-7.5495128513745,179,96.0,0
SN-7011,PIKINE,Habillement,787165.0,-24.197229750272008,41,49.0,0
SN-7012,Guediawaye,Habillement,1069378.0,-20.0432366314204,152,88.0,0
SN-7013,Pikine,Services,1860198.0,36.43095493030169,17,73.0,0
SN-7014,Medina,Alimentation,371122.0,2.1567913755215677,193,65.0,0
SN-7015,Parcelles Assainies,Habillement,1498881.0,12.866615918200115,24,16.0,1
SN-7016,Ouakam,Restauration,191485.0,25.268661957387216,108,33.0,0
SN-7017,Parcelles Assainies,Habillement,1910419.0,5.557137708642095,142,84.0,0
SN-7018, Pikine ,Alimentation,1150414.0,12.273170712063317,19,32.0,0
SN-7019,Parcelles Assainies,Électronique,1889466.0,,170,37.0,0
SN-7020,Pikine,Restauration,1464826.0,-10.539917380314265,124,-1.0,0
SN-7021,Ouakam,Restauration,1787107.0,,135,33.0,0
SN-7022,Guediawaye,Services,1634556.0,7.496567875212197,196,-4.0,0
SN-7023,Pikine,Alimentation,1957541.0,13.840854353676523,154,62.0,0
SN-7024,Ouakam,Restauration,1261128.0,,56,40.0,0
SN-7025,Ouakam,Habillement,465317.0,-28.529290575808133,31,89.0,0
SN-7026,Marché Sandaga,Services,337227.0,17.263621259198267,98,36.0,1
SN-7027,Parcelles Assainies,Restauration,1338476.0,,82,108.0,0
SN-7028,Parcelles Assainies,Restauration,679029.0,-9.971655417768314,97,69.0,0
SN-7029,Medina,Services,43810.0,-30.8589355887769,67,101.0,0
SN-7030, Pikine ,Alimentation,1705654.0,7.936701091474702,101,19.0,1
SN-7031,Ouakam,Habillement,171890.0,0.0747189106724767,46,18.0,1
SN-7032,Marché Sandaga,Services,1359920.0,12.283845405831237,17,50.0,0
SN-7033,PIKINE,Électronique,1916586.0,-15.020525791241097,102,115.0,0
SN-7034,Marche Sandaga,Électronique,561149.0,5.989078905637445,52,24.0,0
SN-7035,Marché Sandaga,Restauration,1862650.0,-10.086080483158748,181,0.0,0
SN-7036,Ouakam,Électronique,942067.0,6.728464104841238,150,27.0,0
SN-7037, Pikine ,Alimentation,794517.0,-14.037384362250222,76,75.0,0
SN-7038,Pikine,Services,1674681.0,19.19559227624229,194,-4.0,0
SN-7039, Pikine ,Habillement,1042319.0,-17.247909552206163,70,99.0,0
SN-7040,Guediawaye,Alimentation,1735927.0,-40.72955015056494,70,95.0,0
SN-7041,Parcelles Assainies,Restauration,1835738.0,-3.1802041872963005,54,16.0,0
SN-7042,Ouakam,Habillement,693744.0,42.18627774917618,66,100.0,0
SN-7043,Marche Sandaga,Restauration,110205.0,20.23854695544909,151,81.0,0
SN-7044,Guediawaye,Habillement,1690704.0,-9.1359816999787,11,95.0,0
SN-7045,Marché Sandaga,Restauration,773204.0,-14.609713836424053,146,112.0,0
SN-7046,Guediawaye,Habillement,789887.0,-28.834474174968413,106,62.0,1
SN-7047,Marché Sandaga,Habillement,113527.0,-2.758494191935912,167,82.0,1
SN-7048,Ouakam,Électronique,622939.0,-28.475884160223195,178,60.0,0
SN-7049,PIKINE,Électronique,678113.0,-16.63081920641835,24,22.0,0
SN-7050, Pikine ,Alimentation,626369.0,2.2896402976071037,5,40.0,1
SN-7051,Marché Sandaga,Habillement,683086.0,-12.055612001608377,106,50.0,1
SN-7052,Medina,Restauration,933604.0,8.252790519369675,167,23.0,0
SN-7053,Marché Sandaga,Restauration,1357379.0,-12.172703930938255,166,77.0,0
SN-7054, Pikine ,Alimentation,1786345.0,-7.8858247926307845,94,102.0,0
SN-7055,PIKINE,Restauration,1476333.0,17.93784025609309,165,48.0,0
SN-7056,Medina,Habillement,1441060.0,2.9105319784330335,95,106.0,0
SN-7057,Guediawaye,Services,1494543.0,-17.091645495242155,171,71.0,0
SN-7058,Pikine,Alimentation,32855.0,-15.687201732797092,180,63.0,1
SN-7059,Parcelles Assainies,Habillement,1908436.0,-29.016966787675145,194,28.0,0
SN-7060,Marché Sandaga,Services,784810.0,,62,63.0,0
SN-7061,Marché Sandaga,Électronique,1462992.0,-21.347627425161253,130,100.0,0
SN-7062,Guediawaye,Électronique,47964.0,18.333881264279302,80,102.0,1
SN-7063,Guediawaye,Restauration,1974922.0,-17.589365529333097,72,86.0,0
SN-7064,Medina,Habillement,1218005.0,30.554884775602893,70,32.0,0
SN-7065,Ouakam,Services,1789893.0,,22,56.0,0
SN-7066,Pikine,Restauration,999846.0,-18.935653698930835,161,8.0,0
SN-7067,Marché Sandaga,Habillement,1866580.0,-18.92234962727063,60,56.0,0
SN-7068,Marche Sandaga,Restauration,671663.0,3.385293144892038,41,31.0,0
SN-7069,Parcelles Assainies,Électronique,845671.0,-1.3108176463874834,63,78.0,1
SN-7070,Pikine,Restauration,286634.0,-3.2552734854685754,49,92.0,0
SN-7071,Medina,Électronique,969403.0,-43.29103784067765,180,93.0,0
SN-7072,Marche Sandaga,Habillement,638360.0,-3.081809340079264,172,104.0,0
SN-7073,Guediawaye,Services,1968698.0,-3.8685670157218377,48,87.0,0
SN-7074,Yoff,Électronique,1892737.0,14.75235747228313,100,53.0,0
SN-7075, Pikine ,Services,1788536.0,21.91076881568567,109,47.0,0
SN-7076,Medina,Habillement,170944.0,6.4051010762482585,115,83.0,0
SN-7077,Medina,nan,993985.0,23.331920237987596,136,98.0,0
SN-7078,Marché Sandaga,Services,45716.0,-27.013841891227685,53,4.0,1
SN-7079,Yoff,Services,581341.0,4.434964764215888,130,0.0,0
SN-7080,Ouakam,Services,1667168.0,-1.936359048139995,161,53.0,0
SN-7081,Yoff,Alimentation,43028.0,2.642200905819517,8,93.0,1
SN-7082,Parcelles Assainies,nan,1583260.0,27.619584042709207,194,24.0,0
SN-7083,Pikine,Électronique,974442.0,44.865196554977906,182,73.0,0
SN-7084,PIKINE,Habillement,413840.0,25.3694202535906,178,33.0,0
SN-7085,Medina,Services,1329011.0,24.927815611652612,153,65.0,0
SN-7086,Ouakam,Restauration,603779.0,-11.505587001796684,50,35.0,0
SN-7087,Marché Sandaga,Électronique,1353766.0,6.171312964075556,81,18.0,0
SN-7088,Medina,Services,1667583.0,28.921910388806538,87,33.0,0
SN-7089,Guediawaye,Restauration,1882001.0,,87,61.0,0
SN-7090,Parcelles Assainies,Restauration,956802.0,30.553023327316392,100,65.0,0
SN-7091,Pikine,Alimentation,749729.0,-12.445884410679682,23,43.0,0
SN-7092,Marche Sandaga,Restauration,1412184.0,-22.758405624307372,54,24.0,0
SN-7093,Pikine,nan,1312623.0,-6.94574323331127,120,3.0,0
SN-7094, Pikine ,Électronique,975720.0,-13.601434147655704,190,104.0,0
SN-7095,Marché Sandaga,Habillement,355635.0,-4.579711779564019,79,8.0,1
SN-7096,Guediawaye,Électronique,1739007.0,-11.438489576086353,114,70.0,0
SN-7097,Ouakam,Services,1547059.0,-12.439365452557796,47,38.0,0
SN-7098, Pikine ,Restauration,1346250.0,9.305954764887325,16,52.0,0
SN-7099,Yoff,nan,1665849.0,-4.904729190030759,1,115.0,0
SN-7100,Guediawaye,Habillement,777317.0,-11.802181256980512,161,86.0,0
SN-7101,Parcelles Assainies,Alimentation,1296517.0,-22.38582372704095,11,4.0,0
SN-7102,Yoff,nan,1274231.0,-3.217662723478909,54,44.0,0
SN-7103,Parcelles Assainies,Alimentation,45602.0,,164,-4.0,0
SN-7104,Pikine,Services,1537873.0,12.358981227265726,105,3.0,0
SN-7105, Pikine ,Alimentation,811163.0,-19.723171906181662,67,-4.0,0
SN-7106, Pikine ,Alimentation,959468.0,-6.596632174301718,159,55.0,1
SN-7107,Parcelles Assainies,Habillement,1727863.0,12.033340132040397,191,58.0,0
SN-7108,PIKINE,Restauration,1439924.0,-32.171534112224,138,38.0,0
SN-7109,Yoff,Restauration,1910935.0,6.436575907242085,174,58.0,0
SN-7110,Guediawaye,Services,517862.0,,120,10.0,0
SN-7111,PIKINE,Électronique,244712.0,10.158408472967647,133,18.0,0
SN-7112, Pikine ,Habillement,1496721.0,-12.61567857488313,94,39.0,0
SN-7113,Marche Sandaga,Alimentation,1399339.0,20.212680140681908,149,59.0,0
SN-7114,Yoff,Habillement,1017921.0,4.716202173423742,81,95.0,0
SN-7115, Pikine ,Électronique,1713488.0,8.544766031222881,18,97.0,0
SN-7116,Medina,Électronique,874256.0,6.949690097825069,37,66.0,0
SN-7117,PIKINE,Restauration,538056.0,-10.537862833500252,136,57.0,1
SN-7118, Pikine ,Électronique,1218836.0,,154,17.0,1
SN-7119, Pikine ,Alimentation,808405.0,,20,73.0,0
SN-7120, Pikine ,Restauration,782278.0,-8.600423502718408,80,68.0,0
SN-7121,Parcelles Assainies,Électronique,1192925.0,,79,113.0,0
SN-7122,Guediawaye,Services,276927.0,0.9719109624880704,52,116.0,0
SN-7123,Marche Sandaga,Restauration,1442723.0,-11.787832942582089,141,51.0,0
SN-7124,Marche Sandaga,Électronique,740413.0,-51.63716912397621,161,82.0,0
SN-7125,Guediawaye,Restauration,1602602.0,25.8733926908271,86,37.0,1
SN-7126, Pikine ,Électronique,1513564.0,25.471108892891273,125,115.0,0
SN-7127,Guediawaye,Restauration,953825.0,-24.76998820561251,145,52.0,0
SN-7128,Marché Sandaga,Restauration,560437.0,1.7461032835909291,78,44.0,0
SN-7129, Pikine ,Restauration,1750572.0,,184,97.0,0
SN-7130,PIKINE,nan,1371318.0,8.155050928654678,105,95.0,0
SN-7131,Marché Sandaga,Électronique,193503.0,-1.1587083613158096,123,104.0,0
SN-7132,Parcelles Assainies,Restauration,1284949.0,-4.832321477560189,52,63.0,0
SN-7133,Ouakam,Services,1311060.0,,27,47.0,0
SN-7134,Marche Sandaga,Électronique,1070010.0,-29.206546612008715,3,-1.0,0
SN-7135,Guediawaye,Restauration,960450.0,-17.231205330118694,120,14.0,1
SN-7136, Pikine ,Alimentation,781060.0,-0.7492028187564564,175,6.0,1
SN-7137,Guediawaye,Alimentation,414482.0,5.152471368840038,148,21.0,1
SN-7138,Medina,Alimentation,139578.0,-28.752116738080076,36,114.0,0
SN-7139,Ouakam,Services,1381055.0,44.73102583557018,1,90.0,0
SN-7140,Yoff,Services,925675.0,11.641426161981512,63,-2.0,0
SN-7141,Parcelles Assainies,Habillement,1992778.0,,116,28.0,0
SN-7142,Marché Sandaga,Alimentation,1246895.0,19.79196682242825,114,0.0,1
SN-7143,Yoff,Habillement,1069442.0,-19.915678509839044,41,50.0,0
SN-7144,Medina,Électronique,287636.0,4.8896817266285435,77,20.0,0
SN-7145,Pikine,Alimentation,1586540.0,-1.743684734655023,52,40.0,1
SN-7146,PIKINE,Services,1864961.0,6.742016467366155,41,-4.0,1
SN-7147,Ouakam,Restauration,267949.0,-6.5023025153306175,120,47.0,1
SN-7148,Marché Sandaga,Alimentation,466157.0,0.0924159456854523,158,43.0,0
SN-7149,Marche Sandaga,Services,1559457.0,-50.926461530136294,100,85.0,0
SN-7150,Yoff,Restauration,769690.0,-21.99056482198018,178,9.0,1
SN-7151,Marche Sandaga,Électronique,536759.0,-4.4541367388706155,91,56.0,0
SN-7152,Pikine,Électronique,1178890.0,,104,45.0,0
SN-7153,Marche Sandaga,Restauration,255607.0,-37.863221960739125,69,8.0,1
SN-7154,Parcelles Assainies,Services,1201635.0,32.37640065349122,133,51.0,0
SN-7155,Pikine,Restauration,836105.0,21.948480553800245,132,83.0,1
SN-7156,Ouakam,Alimentation,738194.0,27.054881583759254,134,80.0,0
SN-7157,PIKINE,Services,626767.0,6.618411038937534,91,41.0,0
SN-7158,Medina,Habillement,1386681.0,-17.28303213758845,0,71.0,0
SN-7159,Marché Sandaga,Services,579467.0,31.143913230459624,29,5.0,1
SN-7160,Marché Sandaga,nan,703130.0,-37.06535839452903,75,102.0,0
SN-7161, Pikine ,Habillement,1255478.0,10.460983508336437,159,93.0,0
SN-7162,Marché Sandaga,Alimentation,655326.0,-13.501187514769786,184,88.0,1
SN-7163, Pikine ,Électronique,1353407.0,1.8656368315565866,191,108.0,0
SN-7164,Marche Sandaga,Services,1467125.0,-7.964822768977186,45,0.0,1
SN-7165,Ouakam,Services,1280276.0,-26.031379492111135,55,53.0,0
SN-7166,Medina,Habillement,739716.0,13.378135520138372,20,115.0,0
SN-7167,Yoff,Restauration,525060.0,12.291121888212404,108,81.0,1
SN-7168,Guediawaye,Restauration,1239508.0,-19.295136790853395,18,32.0,0
SN-7169,Marche Sandaga,Habillement,1886805.0,-19.70909884037497,12,91.0,0
SN-7170, Pikine ,Alimentation,56669.0,11.756126096673034,136,46.0,0
SN-7171,Guediawaye,Habillement,823178.0,47.2346183685212,43,100.0,0
SN-7172,PIKINE,Services,1628739.0,-13.860678883965466,79,70.0,0
SN-7173,Marche Sandaga,Alimentation,1706679.0,,85,66.0,0
SN-7174, Pikine ,Habillement,866186.0,-33.42900175730193,22,40.0,1
SN-7175,Yoff,Habillement,1765128.0,-10.612542400806069,127,91.0,0
SN-7176,Yoff,Services,350445.0,,48,106.0,0
SN-7177,Guediawaye,Services,661408.0,16.32004689380558,57,25.0,1
SN-7178,Marche Sandaga,Habillement,420944.0,4.675183491408429,178,99.0,0
SN-7179,Guediawaye,nan,1678018.0,-30.2111877346119,89,10.0,0
SN-7180,Marché Sandaga,Habillement,107766.0,-31.9406728327673,192,21.0,0
SN-7181,PIKINE,Électronique,437315.0,5.43007417689936,147,109.0,0
SN-7182, Pikine ,Habillement,641932.0,24.72454702739399,93,16.0,0
SN-7183,Ouakam,Restauration,217245.0,11.353117623794429,151,32.0,1
SN-7184,Marche Sandaga,Alimentation,1266744.0,3.7854061871127294,109,62.0,0
SN-7185,Pikine,Alimentation,1233984.0,-28.50767173976188,161,34.0,1
SN-7186,Yoff,Services,863021.0,21.125727787905937,69,0.0,1
SN-7187,PIKINE,Restauration,229543.0,-16.570707247946427,120,105.0,0
SN-7188,Ouakam,nan,1099215.0,7.023342257140303,82,0.0,0
SN-7189,Yoff,Électronique,320333.0,-0.25575293104650004,81,21.0,1
SN-7190, Pikine ,Services,1927732.0,-1.0431522727394273,11,116.0,0
SN-7191,Marche Sandaga,Restauration,139359.0,3.430253117966315,191,19.0,0
SN-7192,Parcelles Assainies,Électronique,1186921.0,-13.737844624340656,155,97.0,0
SN-7193,Ouakam,Alimentation,349319.0,2.9806813303744746,10,60.0,0
SN-7194,Marché Sandaga,Électronique,1173509.0,-5.599498399474747,146,74.0,0
SN-7195, Pikine ,nan,1275862.0,31.6715792940522,174,48.0,0
SN-7196,Yoff,Services,12000.0,4.602656292068788,75,-2.0,0
SN-7197, Pikine ,Restauration,1747267.0,8.210932420194498,146,69.0,0
SN-7198, Pikine ,Alimentation,905325.0,31.632940977299032,123,6.0,0
SN-7199,Pikine,Électronique,313507.0,-11.51324580203065,143,75.0,0
SN-7200,Yoff,Habillement,625807.0,-7.422159544420673,193,106.0,0
SN-7201,Guediawaye,Électronique,904943.0,14.940078122707012,92,67.0,0
SN-7202,Medina,Alimentation,1715905.0,-14.20002261402953,123,28.0,0
SN-7203,Guediawaye,Alimentation,617412.0,16.746597086710253,165,90.0,0
SN-7204,Marché Sandaga,nan,149541.0,,14,20.0,1
SN-7205,Parcelles Assainies,Habillement,854040.0,14.897368584449076,52,97.0,0
SN-7206,PIKINE,Services,990555.0,23.21864798319335,19,53.0,0
SN-7207,Pikine,Alimentation,551872.0,25.389299704133144,103,35.0,1
SN-7208, Pikine ,nan,1931484.0,-2.146167935761949,48,64.0,0
SN-7209,Pikine,Électronique,1531261.0,23.9755368610722,58,79.0,0
SN-7210,Medina,Habillement,13373.0,-18.030736836476756,42,54.0,1
SN-7211,Ouakam,Électronique,1097938.0,-0.9116103603351288,96,42.0,0
SN-7212,Yoff,Électronique,155865.0,,132,28.0,1
SN-7213,Guediawaye,Services,29612.0,-2.360652309863606,121,67.0,1
SN-7214,Yoff,Alimentation,503083.0,-36.73011537226089,42,95.0,0
SN-7215,Medina,Services,1528031.0,17.695405099335836,107,68.0,0
SN-7216,PIKINE,Habillement,340050.0,-6.718962916379873,158,103.0,0
SN-7217,Pikine,Habillement,56652.0,-8.05225734007974,117,44.0,1
SN-7218,Parcelles Assainies,Alimentation,1991979.0,6.0899542815141725,181,30.0,0
SN-7219,Guediawaye,Restauration,1398056.0,2.683802104945948,86,1.0,0
SN-7220,Medina,Alimentation,21306.0,28.490040181184963,166,100.0,1
SN-7221,Pikine,Électronique,1711970.0,28.49668863425853,132,14.0,0
SN-7222,Pikine,Électronique,1692268.0,32.43132880025704,74,34.0,0
SN-7223,Parcelles Assainies,Restauration,909168.0,-32.51422743547056,31,-4.0,1
SN-7224,Medina,Électronique,1992999.0,-18.627245072036917,185,91.0,0
SN-7225,Guediawaye,Restauration,1450064.0,12.845296182278677,152,102.0,0
SN-7226,Medina,Habillement,11520.0,26.183019796424787,145,35.0,1
SN-7227,PIKINE,nan,1398260.0,22.768239164066078,197,50.0,0
SN-7228,Yoff,Services,561641.0,6.808818324121713,0,70.0,0
SN-7229,Marché Sandaga,Habillement,380140.0,6.436994593355206,122,110.0,0
SN-7230,Marché Sandaga,Services,1633646.0,5.79625262064204,13,18.0,0
SN-7231,PIKINE,Services,1101774.0,12.921851102537168,141,72.0,0
SN-7232,Marché Sandaga,Services,229079.0,-4.573365106524101,120,74.0,0
SN-7233,PIKINE,Habillement,1634036.0,12.989858414684255,41,54.0,0
SN-7234,Ouakam,Habillement,1159344.0,-19.275955510428357,79,36.0,0
SN-7235,Parcelles Assainies,Électronique,256954.0,14.083588777242618,127,107.0,0
SN-7236,Marché Sandaga,Alimentation,980067.0,10.358475048443536,197,106.0,0
SN-7237,Guediawaye,Services,456758.0,25.552224696065817,14,98.0,0
SN-7238,Parcelles Assainies,Restauration,1790743.0,-4.0679209369413964,130,87.0,0
SN-7239,Yoff,Services,1267906.0,-37.55369135238192,160,66.0,0
SN-7240,Ouakam,Restauration,860478.0,-1.6759697316317304,3,7.0,0
SN-7241, Pikine ,Habillement,1611673.0,21.13501043956928,24,4.0,1
SN-7242,Marche Sandaga,Services,432551.0,4.347913331659528,177,108.0,0
SN-7243,Pikine,Habillement,990434.0,3.0834100610714104,28,44.0,1
SN-7244,Yoff,Restauration,295208.0,-14.491539471194992,139,17.0,1
SN-7245,PIKINE,Restauration,1767135.0,-37.36082569004327,3,56.0,0
SN-7246,Marche Sandaga,Services,1889265.0,-35.43994830917069,67,111.0,0
SN-7247,Medina,Habillement,1996899.0,-11.749109603602903,163,92.0,0
SN-7248,PIKINE,Services,1432017.0,7.2055616927744905,36,19.0,1
SN-7249, Pikine ,Services,890955.0,3.6336030632762277,100,82.0,0
SN-7250, Pikine ,Services,1015282.0,-10.681402503897914,147,8.0,0
SN-7251,Ouakam,Alimentation,823329.0,16.370731367226814,170,78.0,0
SN-7252,Medina,Alimentation,927864.0,1.9147738714773002,42,32.0,0
SN-7253,Medina,Habillement,473461.0,-4.54162932062163,14,114.0,0
SN-7254,PIKINE,Habillement,154136.0,-17.68222913637055,123,29.0,1
SN-7255,Marche Sandaga,Habillement,651305.0,-0.20139612927742545,149,52.0,0
SN-7256,Ouakam,nan,837305.0,-17.241253112734444,136,42.0,0
SN-7257,Medina,Alimentation,1304929.0,-16.024711240115565,169,90.0,0
SN-7258,PIKINE,Alimentation,1208519.0,-31.522473682913372,182,8.0,1
SN-7259,Ouakam,Habillement,1981455.0,-3.5727912197887517,46,5.0,0
SN-7260,Marche Sandaga,Restauration,746320.0,5.925216280859971,165,59.0,1
SN-7261,PIKINE,Habillement,683385.0,13.917331565150544,153,75.0,0
SN-7262,Parcelles Assainies,Électronique,1020593.0,-25.09053542167637,113,91.0,0
SN-7263,Pikine,Services,803491.0,2.9925867885667423,27,109.0,0
SN-7264,Yoff,Services,755374.0,-11.929835927198763,96,19.0,0
SN-7265,Parcelles Assainies,Services,1190287.0,-10.029541166946368,64,4.0,0
SN-7266,Yoff,Restauration,1530397.0,,23,25.0,0
SN-7267,Guediawaye,Restauration,1595986.0,,22,75.0,0
SN-7268,Marché Sandaga,Restauration,1908073.0,5.934923113677172,189,46.0,0
SN-7269,Marché Sandaga,Électronique,983489.0,33.57880448657753,143,27.0,0
SN-7270,PIKINE,Alimentation,110851.0,-4.190841182810362,46,28.0,0
SN-7271,Marche Sandaga,Habillement,58731.0,5.450679877534393,131,109.0,0
SN-7272,Ouakam,Habillement,258222.0,-7.236898115903919,90,31.0,0
SN-7273,Guediawaye,Restauration,328870.0,-12.009666202490374,78,87.0,1
SN-7274,Yoff,Habillement,1985609.0,23.11326658611773,35,27.0,0
SN-7275,PIKINE,Alimentation,265803.0,,47,22.0,1
SN-7276,Parcelles Assainies,Électronique,243688.0,,43,65.0,0
SN-7277,Pikine,Services,518217.0,12.170235949706086,63,65.0,0
SN-7278,Parcelles Assainies,Habillement,1213230.0,-3.990400472018539,94,89.0,0
SN-7279,Medina,Services,611946.0,43.35050195643145,94,85.0,0
SN-7280,Yoff,Habillement,1298021.0,,43,45.0,0
SN-7281,Ouakam,Habillement,54775.0,-3.6859013597035606,158,67.0,0
SN-7282,Pikine,Habillement,841070.0,-6.887861695772084,126,46.0,0
SN-7283,Pikine,Alimentation,1956964.0,,36,20.0,0
SN-7284,PIKINE,Services,715783.0,-17.71588940480693,103,116.0,0
SN-7285,Yoff,Services,1890237.0,-17.641992971565234,123,101.0,0
SN-7286,PIKINE,Alimentation,1217457.0,-12.821635451886827,140,99.0,0
SN-7287, Pikine ,Électronique,1506653.0,8.72705043660109,73,4.0,0
SN-7288,Marché Sandaga,Électronique,1906941.0,12.547176834193149,155,0.0,0
SN-7289,Parcelles Assainies,Alimentation,559923.0,8.301764883692368,114,114.0,0
SN-7290,Parcelles Assainies,Électronique,1817196.0,25.172612868305563,119,54.0,0
SN-7291,Guediawaye,Alimentation,838630.0,19.893136897438147,193,101.0,0
SN-7292,Yoff,Services,1890428.0,-10.245189075420754,124,82.0,0
SN-7293,Marché Sandaga,Habillement,724103.0,-5.466816906260343,49,112.0,0
SN-7294,Ouakam,Services,1804040.0,-2.7336208773225676,80,48.0,0
SN-7295,Pikine,Habillement,1829439.0,,19,68.0,0
SN-7296,Guediawaye,Électronique,994053.0,50.42948462092909,35,4.0,0
SN-7297,Parcelles Assainies,Services,511168.0,8.05001131930506,96,37.0,0
SN-7298,Medina,Alimentation,600053.0,-26.280812902374574,106,62.0,0
SN-7299,Pikine,Restauration,659690.0,-17.41140081170645,116,3.0,0
SN-7300,Ouakam,Alimentation,796997.0,17.914586370514634,195,113.0,0
SN-7301,Medina,Électronique,1473223.0,-7.248408775866953,172,86.0,0
SN-7302,Medina,Électronique,953247.0,-9.282076567842656,93,5.0,0
SN-7303,Marché Sandaga,Habillement,1053796.0,6.360708511721096,188,68.0,0
SN-7304,Medina,Restauration,307684.0,5.184970564620261,74,108.0,0
SN-7305,PIKINE,Alimentation,580768.0,32.399523097370654,91,-3.0,1
SN-7306,PIKINE,Habillement,747862.0,,40,68.0,0
SN-7307,Ouakam,Alimentation,1515206.0,-4.359623629397879,81,93.0,0
SN-7308,Guediawaye,Habillement,828020.0,35.48652335276765,161,54.0,0
SN-7309,Guediawaye,Alimentation,1170940.0,-14.652467211489546,143,58.0,0
SN-7310,Guediawaye,Restauration,990471.0,-2.797914772198074,3,114.0,0
SN-7311,Ouakam,Habillement,925668.0,9.096758326352903,32,5.0,0
SN-7312,Yoff,Services,1068264.0,,10,41.0,0
SN-7313,PIKINE,Restauration,799247.0,10.62514378257581,137,112.0,0
SN-7314,Pikine,Restauration,656106.0,8.463192928019371,58,92.0,0
SN-7315,PIKINE,Services,721735.0,5.677258369808735,151,101.0,0
SN-7316,Marché Sandaga,Restauration,1999427.0,17.477207643794124,86,96.0,0
SN-7317,Marché Sandaga,Alimentation,327349.0,0.04920962038748082,116,97.0,0
SN-7318,PIKINE,Restauration,304641.0,-4.686226174623133,167,21.0,1
SN-7319,Marche Sandaga,Habillement,254550.0,-29.808326764047933,149,70.0,1
SN-7320,Parcelles Assainies,Électronique,131336.0,18.04825076942643,22,72.0,0
SN-7321,Pikine,Habillement,425701.0,-11.167898125770371,159,96.0,1
SN-7322,PIKINE,Restauration,667253.0,5.882386390143458,11,93.0,0
SN-7323,Ouakam,Alimentation,1393973.0,7.586819108488543,55,54.0,0
SN-7324,Medina,Alimentation,674530.0,-1.1451333363263048,87,56.0,1
SN-7325, Pikine ,Électronique,416044.0,20.464272870369978,60,76.0,0
SN-7326,Parcelles Assainies,Électronique,1050727.0,53.461149222465764,173,13.0,0
SN-7327,Parcelles Assainies,Alimentation,1281076.0,19.46612135547157,106,-3.0,0
SN-7328,Guediawaye,Alimentation,798883.0,37.33252239009671,124,83.0,0
SN-7329,Parcelles Assainies,nan,1561411.0,10.127664181718295,116,36.0,1
SN-7330,Ouakam,Alimentation,657735.0,22.513538479468792,116,85.0,0
SN-7331,Marché Sandaga,Électronique,1299567.0,6.31063029069969,105,64.0,0
SN-7332, Pikine ,Alimentation,1547729.0,-1.5667062619333563,54,50.0,0
SN-7333,Marché Sandaga,Alimentation,1295137.0,-11.986999349629093,24,84.0,0
SN-7334,Marché Sandaga,Services,1164326.0,,18,48.0,0
SN-7335,Pikine,Services,1266729.0,-13.6647711909267,175,96.0,0
SN-7336,PIKINE,Électronique,1670165.0,14.936844151612709,74,15.0,1
SN-7337,Guediawaye,Habillement,1795804.0,-40.02725064081786,123,50.0,0
SN-7338,Ouakam,Habillement,56550.0,-38.85541661598518,102,7.0,0
SN-7339,Pikine,nan,901016.0,3.7724554429224977,132,80.0,0
SN-7340,PIKINE,Restauration,357306.0,-33.508333078094154,70,32.0,0
SN-7341,PIKINE,Habillement,346199.0,-3.8934170243607866,113,61.0,0
SN-7342, Pikine ,Électronique,1819083.0,28.34738465304261,14,46.0,0
SN-7343,Medina,Alimentation,1336516.0,5.427929146731433,180,102.0,0
SN-7344,Marche Sandaga,Restauration,738230.0,-18.245801155505898,30,108.0,0
SN-7345,Marché Sandaga,Services,776878.0,19.827553622580496,46,78.0,0
SN-7346,Ouakam,Électronique,1760867.0,-0.4318013212448246,81,36.0,0
SN-7347,Medina,Restauration,1823279.0,,166,109.0,0
SN-7348,PIKINE,Habillement,1345869.0,-30.799124848234225,129,89.0,0
SN-7349,Pikine,Habillement,626952.0,21.50024539384453,54,-3.0,1
SN-7350, Pikine ,Services,292862.0,-8.601674545089148,185,109.0,0
SN-7351,Marché Sandaga,Électronique,914044.0,18.81104780567354,17,13.0,0
SN-7352,PIKINE,Habillement,453008.0,-2.225664312283506,6,49.0,1
SN-7353,Guediawaye,Électronique,1383322.0,3.5248144101973784,68,67.0,0
SN-7354,Yoff,Électronique,717471.0,-39.97653619842917,197,15.0,0
SN-7355,Pikine,Électronique,1425093.0,-21.160399446586524,145,55.0,0
SN-7356, Pikine ,Alimentation,200571.0,20.889145006867626,42,2.0,1
SN-7357,Marché Sandaga,Alimentation,691734.0,-3.887221407861631,38,115.0,1
SN-7358,Parcelles Assainies,Habillement,342495.0,-14.638645990968087,15,59.0,1
SN-7359,Parcelles Assainies,Électronique,599753.0,15.736288566313046,144,22.0,0
SN-7360,PIKINE,nan,1394097.0,-7.845023915644326,33,115.0,0
SN-7361,Pikine,Services,912178.0,14.773056130336313,176,65.0,1
SN-7362,Yoff,Électronique,106638.0,26.528717232159057,14,108.0,0
SN-7363,Guediawaye,Habillement,940274.0,22.956316111881428,38,47.0,0
SN-7364, Pikine ,Alimentation,217257.0,-8.57396948909371,183,25.0,1
SN-7365,Pikine,Services,223226.0,56.86621241112646,123,109.0,0
SN-7366,Medina,Services,743224.0,-5.67420724943045,151,71.0,0
SN-7367,Marche Sandaga,nan,1002143.0,14.529451003267276,199,32.0,0
SN-7368,Marché Sandaga,Électronique,1345877.0,18.27188095145872,56,105.0,0
SN-7369,Marché Sandaga,Alimentation,282607.0,-41.14638932659827,134,87.0,0
SN-7370,Guediawaye,Restauration,1880819.0,0.9381526615294545,28,60.0,0
SN-7371,Marche Sandaga,nan,218120.0,15.708433440154883,20,70.0,0
SN-7372,PIKINE,Restauration,1224396.0,-6.77544832389847,81,58.0,0
SN-7373,Marche Sandaga,Restauration,1749232.0,,106,65.0,0
SN-7374, Pikine ,Électronique,753617.0,-11.360511506642652,0,20.0,0
SN-7375,Ouakam,Électronique,1852760.0,11.917412237450344,167,35.0,0
SN-7376,Medina,Alimentation,1917780.0,-19.216545607256705,121,8.0,0
SN-7377,Parcelles Assainies,Alimentation,751946.0,-1.609200901834754,103,49.0,0
SN-7378,Ouakam,Services,578692.0,-30.026289938137182,11,48.0,0
SN-7379,Marche Sandaga,Alimentation,110472.0,14.88817653849438,199,33.0,1
SN-7380,PIKINE,Restauration,1831136.0,15.975292909745464,49,6.0,0
SN-7381,Guediawaye,Alimentation,1218128.0,-21.896656013007597,3,103.0,0
SN-7382, Pikine ,Électronique,1528194.0,-10.429765608406537,138,30.0,0
SN-7383,Guediawaye,Alimentation,819278.0,16.710831114819687,134,85.0,0
SN-7384,Pikine,Alimentation,1455343.0,-20.43282131405714,176,106.0,0
SN-7385,Marché Sandaga,Habillement,961930.0,15.163641302987536,92,8.0,1
SN-7386,Yoff,Habillement,1607608.0,,5,19.0,0
SN-7387,Parcelles Assainies,Alimentation,837338.0,-16.001277047539393,191,7.0,1
SN-7388,Pikine,Alimentation,953607.0,-23.823374896689398,85,85.0,0
SN-7389, Pikine ,Restauration,1548427.0,-9.166571339474057,178,23.0,0
SN-7390,Marché Sandaga,Électronique,1890084.0,-9.33853184839442,20,100.0,0
SN-7391,Marché Sandaga,Restauration,544381.0,-6.299487801438701,116,83.0,0
SN-7392,PIKINE,Habillement,1363767.0,18.057693945120647,13,28.0,0
SN-7393,Medina,Habillement,199392.0,-0.8021319075995453,158,84.0,0
SN-7394,Ouakam,Électronique,1415792.0,-14.961055700506424,83,17.0,0
SN-7395,Medina,nan,19948.0,-10.139267187837373,93,58.0,0
SN-7396,PIKINE,Alimentation,294047.0,4.2471987694430835,1,107.0,0
SN-7397,Marché Sandaga,Alimentation,627157.0,8.511240781297104,23,53.0,0
SN-7398,Marche Sandaga,Alimentation,442554.0,30.96409777816337,188,-5.0,0
SN-7399,Marché Sandaga,Électronique,189499.0,35.8474411228501,105,16.0,0
SN-7400, Pikine ,Alimentation,525821.0,,50,52.0,0
SN-7401,Marche Sandaga,Électronique,557532.0,31.702091214425035,71,45.0,0
SN-7402,Medina,Restauration,1277009.0,15.86610707938381,66,78.0,0
SN-7403,Parcelles Assainies,Alimentation,1347884.0,-0.9324536507503205,167,26.0,0
SN-7404,PIKINE,Alimentation,1160884.0,-33.62528363183842,9,70.0,0
SN-7405,Ouakam,Restauration,749768.0,19.06156059024402,195,69.0,0
SN-7406,Yoff,Électronique,1307517.0,37.56399733815201,30,63.0,0
SN-7407, Pikine ,Services,1732601.0,11.643806617524561,103,90.0,0
SN-7408,Ouakam,Services,1727232.0,-8.92086782733659,115,22.0,0
SN-7409,PIKINE,Habillement,1708200.0,23.621859138120765,57,34.0,0
SN-7410,Yoff,Services,288091.0,-65.69490128143573,30,97.0,0
SN-7411,Pikine,Services,85474.0,51.59608170184393,12,77.0,1
SN-7412,Marche Sandaga,Électronique,470005.0,-4.854905252422307,143,-1.0,1
SN-7413,Guediawaye,Électronique,1004498.0,3.201556225079924,111,114.0,0
SN-7414,PIKINE,Habillement,334071.0,12.592018797738525,185,58.0,0
SN-7415,Marché Sandaga,Électronique,398927.0,,129,56.0,1
SN-7416,Marché Sandaga,Habillement,1859438.0,-4.20577521635698,153,63.0,0
SN-7417, Pikine ,Restauration,1892147.0,8.37380656606783,197,60.0,0
SN-7418,Guediawaye,Habillement,1864948.0,-19.138178480908678,125,12.0,0
SN-7419,Pikine,Alimentation,201289.0,-19.1330246814404,119,89.0,0
SN-7420,Medina,Habillement,1199199.0,-12.082620521857823,59,114.0,0
SN-7421,PIKINE,Alimentation,1220546.0,27.13733386847519,8,33.0,0
SN-7422,PIKINE,Restauration,1618552.0,20.184119165143557,84,94.0,0
SN-7423,Parcelles Assainies,Services,1170170.0,25.71645675289738,86,73.0,0
SN-7424,Parcelles Assainies,Électronique,964728.0,-5.43458513367065,97,91.0,0
SN-7425,PIKINE,Électronique,1250941.0,-5.794889164741962,26,58.0,0
SN-7426,PIKINE,Services,659736.0,-11.401982745218247,81,39.0,0
SN-7427, Pikine ,Électronique,1011789.0,-0.6906322071619493,6,64.0,0
SN-7428,Ouakam,Services,677290.0,-31.89728884111704,36,52.0,0
SN-7429,Medina,Restauration,938616.0,,76,16.0,1
SN-7430,Medina,Services,212348.0,-0.046256733983525866,8,116.0,0
SN-7431, Pikine ,Électronique,1106614.0,-29.45649936604677,75,92.0,0
SN-7432,Guediawaye,Alimentation,1756777.0,12.656739427780302,72,93.0,0
SN-7433,PIKINE,Services,1411969.0,25.287646032514036,127,87.0,0
SN-7434,Medina,Alimentation,629451.0,-14.405291977824774,91,106.0,0
SN-7435,Yoff,Électronique,1384502.0,-6.5459478811583525,57,4.0,0
SN-7436,Guediawaye,Habillement,1376763.0,16.971863965801404,183,37.0,0
SN-7437,Parcelles Assainies,Restauration,1675350.0,0.5345701191047391,11,105.0,0
SN-7438,Parcelles Assainies,Services,788229.0,14.019925319718961,79,50.0,0
SN-7439,Medina,Habillement,1662640.0,-14.481987828979552,9,87.0,0
SN-7440,Marche Sandaga,Habillement,251274.0,12.386857785136652,79,105.0,0
SN-7441,Parcelles Assainies,Habillement,184710.0,-19.48800720247239,194,16.0,0
SN-7442,Ouakam,Restauration,669824.0,-9.323744727747949,143,93.0,0
SN-7443,Marche Sandaga,Restauration,798751.0,-2.0133182018213245,145,20.0,0
SN-7444, Pikine ,Alimentation,1331830.0,-33.6075494118481,23,47.0,0
SN-7445,Marche Sandaga,Habillement,5584.0,-8.634451298113587,42,61.0,0
SN-7446,Parcelles Assainies,Habillement,1057935.0,-3.3675526984579287,176,15.0,0
SN-7447,Medina,Services,1431108.0,-17.542813461532983,1,80.0,0
SN-7448,Yoff,Alimentation,720932.0,-2.5377897356516224,98,95.0,0
SN-7449,Medina,Services,1099855.0,5.402584852837592,177,67.0,0
SN-7450,Medina,Services,189637.0,29.218614236772996,142,13.0,1
SN-7451,Marché Sandaga,Alimentation,1056241.0,16.384372154704796,91,7.0,1
SN-7452,Pikine,Restauration,864234.0,-10.099139189202084,184,43.0,0
SN-7453,Ouakam,nan,461844.0,-3.9157184040618627,14,108.0,0
SN-7454,Medina,Services,1065767.0,45.62356934339032,48,-5.0,0
SN-7455,Medina,Alimentation,311079.0,1.897030539168448,15,57.0,0
SN-7456,PIKINE,nan,39593.0,46.4741511579738,79,93.0,0
SN-7457,Ouakam,nan,525786.0,-25.51387883310527,103,52.0,1
SN-7458,Marché Sandaga,Électronique,1789271.0,-4.539505596054418,25,53.0,0
SN-7459,Marche Sandaga,Services,1897865.0,-26.213711313368904,66,89.0,0
SN-7460,Marché Sandaga,Habillement,1971476.0,-21.677062199082915,92,29.0,0
SN-7461,Ouakam,Services,946532.0,-23.884249625177038,94,93.0,0
SN-7462,Ouakam,Électronique,1147808.0,-11.44883790939197,94,85.0,0
SN-7463,Parcelles Assainies,Électronique,806459.0,0.768935529501542,155,89.0,0
SN-7464, Pikine ,Habillement,1398298.0,7.080786541661508,49,-4.0,0
SN-7465,Ouakam,Habillement,18416.0,29.718904800084086,26,61.0,1
SN-7466,Marche Sandaga,Alimentation,622298.0,-2.0450111017964003,122,45.0,0
SN-7467,Marche Sandaga,Électronique,311832.0,-18.10647677718237,64,98.0,0
SN-7468,Marche Sandaga,Habillement,1851981.0,-24.41717782737678,12,16.0,0
SN-7469,Pikine,Services,1311809.0,-2.334244988769113,146,34.0,0
SN-7470,Parcelles Assainies,Électronique,737878.0,13.758188136799474,148,-2.0,1
SN-7471,Guediawaye,Électronique,1034774.0,4.535896898242713,138,60.0,0
SN-7472,PIKINE,Services,1015926.0,13.22018532349222,169,76.0,0
SN-7473,Yoff,Habillement,370643.0,-7.322004046022704,19,30.0,0
SN-7474,Parcelles Assainies,Services,1483303.0,11.737267173327279,37,14.0,0
SN-7475,Parcelles Assainies,Habillement,1367126.0,4.664337146971138,113,35.0,0
SN-7476,Parcelles Assainies,Habillement,154542.0,,56,93.0,0
SN-7477,Medina,Alimentation,1138170.0,,151,117.0,0
SN-7478,Medina,Restauration,1776039.0,31.81383217823629,169,98.0,0
SN-7479,Marché Sandaga,Habillement,1109213.0,-14.605875853279084,163,92.0,0
SN-7480,Marché Sandaga,Restauration,571350.0,18.973715464223233,166,87.0,0
SN-7481,Marche Sandaga,Alimentation,230901.0,8.902387649064112,114,90.0,1
SN-7482,Ouakam,Alimentation,1425866.0,12.546660990215454,199,84.0,0
SN-7483, Pikine ,Restauration,892534.0,10.08956495142825,109,85.0,1
SN-7484,PIKINE,Restauration,1735604.0,20.475502808513895,69,98.0,0
SN-7485,Medina,Services,1718012.0,5.895495996783174,117,82.0,0
SN-7486,Ouakam,Habillement,592062.0,-11.126429177675103,41,21.0,1
SN-7487,Pikine,Restauration,850167.0,-19.503915367175328,118,58.0,0
SN-7488,Yoff,Restauration,1451761.0,-10.918760870923883,46,12.0,0
SN-7489,Medina,Électronique,463030.0,26.92845922355358,161,113.0,1
SN-7490, Pikine ,Alimentation,86776.0,22.09851744346968,106,31.0,1
SN-7491,Guediawaye,Alimentation,181527.0,2.8036387691658655,141,57.0,1
SN-7492, Pikine ,Habillement,987965.0,-22.530057312975686,198,78.0,0
SN-7493, Pikine ,Habillement,1540934.0,-5.509481756501562,129,54.0,0
SN-7494,PIKINE,Services,797751.0,,149,75.0,0
SN-7495,Parcelles Assainies,Restauration,1943623.0,13.564034708693931,68,-1.0,0
SN-7496,PIKINE,Restauration,494665.0,11.327916845463552,47,86.0,0
SN-7497,Pikine,Électronique,708373.0,-0.11238884002111363,172,115.0,1
SN-7498,Marché Sandaga,Alimentation,390240.0,7.264644585187389,166,99.0,1
SN-7499,PIKINE,Habillement,818127.0,6.951130923889835,163,106.0,0
SN-7500,Marché Sandaga,Alimentation,1496532.0,-9.95448082014523,48,50.0,0
SN-7501,Marche Sandaga,Restauration,496487.0,-1.2640376567496663,18,90.0,0
SN-7502, Pikine ,Services,604449.0,18.824253316325894,30,89.0,0
SN-7503, Pikine ,Habillement,1279824.0,34.953044318828425,85,3.0,1
SN-7504,Medina,Services,203894.0,-29.1551056372138,145,40.0,0
SN-7505,Ouakam,Habillement,1864563.0,1.4775604253747034,145,114.0,0
SN-7506,Ouakam,Restauration,1220638.0,9.752038637294566,107,91.0,1
SN-7507,Guediawaye,Habillement,1519994.0,23.944380733005136,122,58.0,0
SN-7508,PIKINE,Alimentation,638801.0,11.592393438012243,187,4.0,1
SN-7509,Medina,Électronique,1996402.0,,146,60.0,0
SN-7510,Parcelles Assainies,Alimentation,230872.0,5.72016857181671,73,0.0,1
SN-7511, Pikine ,Électronique,1557842.0,-21.87830800412151,70,66.0,0
SN-7512,Marche Sandaga,Services,1108808.0,-8.77159498517392,21,83.0,0
SN-7513,PIKINE,Électronique,1554279.0,5.040559641004725,181,23.0,0
SN-7514,Parcelles Assainies,Électronique,85355.0,,59,86.0,0
SN-7515,Marche Sandaga,Électronique,978901.0,13.59914565290834,3,7.0,1
SN-7516, Pikine ,Services,1879769.0,-12.522571217434441,125,63.0,0
SN-7517,Ouakam,Services,13331.0,20.168662339182752,64,118.0,1
SN-7518,PIKINE,Électronique,1880269.0,-6.617854782337592,167,35.0,1
SN-7519,Parcelles Assainies,Restauration,1449545.0,2.3894363212900145,85,5.0,0
SN-7520,Guediawaye,Alimentation,383495.0,,1,23.0,0
SN-7521,PIKINE,Habillement,1292177.0,-9.614748368359239,181,13.0,0
SN-7522,Medina,Services,1830730.0,-0.14052035685554587,48,16.0,0
SN-7523,Marche Sandaga,Restauration,1175438.0,4.152817905211899,12,23.0,0
SN-7524,Parcelles Assainies,Alimentation,581185.0,-0.02676203156828379,143,30.0,0
SN-7525,Parcelles Assainies,Alimentation,153325.0,12.448618620179055,99,104.0,1
SN-7526,Guediawaye,Alimentation,1517568.0,24.91079592302196,102,67.0,0
SN-7527, Pikine ,Services,1013602.0,22.2282623252137,129,64.0,0
SN-7528,Marché Sandaga,Électronique,1826594.0,17.158464723757675,73,37.0,0
SN-7529,Pikine,Alimentation,147866.0,3.345874841623204,32,72.0,1
SN-7530, Pikine ,Alimentation,799911.0,4.754387539757316,0,15.0,0
SN-7531,Marché Sandaga,Restauration,457273.0,36.14560591899813,160,68.0,0
SN-7532,Pikine,Services,1131682.0,8.897812335988643,65,13.0,0
SN-7533, Pikine ,Services,1170183.0,3.082131820617111,35,86.0,0
SN-7534,Guediawaye,Services,303938.0,-3.1214617819299404,117,1.0,1
SN-7535,PIKINE,nan,754747.0,-27.62576295075894,118,53.0,0
SN-7536,Pikine,Électronique,941634.0,-42.56984387628851,67,6.0,0
SN-7537,Pikine,nan,941419.0,12.522780806431332,41,10.0,1
SN-7538,Medina,Restauration,987528.0,-6.056134657920382,1,16.0,0
SN-7539,PIKINE,Alimentation,1239300.0,25.479888698423565,125,23.0,0
SN-7540,Pikine,Habillement,1696760.0,10.329624286264034,170,-3.0,1
SN-7541,Pikine,Électronique,1262370.0,-38.350229816008515,32,76.0,0
SN-7542,Marche Sandaga,Alimentation,557709.0,-13.678941020045585,149,115.0,0
SN-7543,PIKINE,Habillement,1492890.0,-0.041152434742976536,86,18.0,0
SN-7544,Marché Sandaga,Électronique,368136.0,-1.3678080093284577,26,13.0,1
SN-7545, Pikine ,Électronique,1790063.0,15.911253678942611,105,2.0,0
SN-7546,Marché Sandaga,Services,1145991.0,-12.521909844252864,67,45.0,0
SN-7547,Guediawaye,Restauration,274219.0,-1.4873517695314842,11,102.0,0
SN-7548,Ouakam,Électronique,1085721.0,-9.500729030316581,59,4.0,0
SN-7549,Marche Sandaga,nan,297763.0,,199,70.0,0
SN-7550,Medina,Services,512888.0,0.4187178544106357,153,44.0,0
SN-7551,Yoff,Habillement,478666.0,22.58566751638858,192,45.0,0
SN-7552,Guediawaye,Services,1114674.0,33.495042935582944,91,109.0,0
SN-7553,Medina,Électronique,1152917.0,-10.316664374382128,162,37.0,0
SN-7554,Parcelles Assainies,Alimentation,516059.0,7.298069111496752,190,50.0,0
SN-7555,PIKINE,Services,1390111.0,22.508069862690032,135,54.0,0
SN-7556,Marché Sandaga,Services,876817.0,5.016429066487106,143,49.0,0
SN-7557, Pikine ,Alimentation,1857927.0,31.582197687349808,5,41.0,0
SN-7558,Pikine,Électronique,453058.0,26.952986895592133,86,17.0,0
SN-7559, Pikine ,Électronique,1604215.0,56.39278115582863,182,20.0,0
SN-7560,Yoff,Restauration,1380772.0,1.9671230442636078,141,116.0,0
SN-7561, Pikine ,Habillement,879017.0,0.3919078002659079,76,10.0,1
SN-7562,Pikine,Habillement,443018.0,10.186818031363348,52,40.0,0
SN-7563,Parcelles Assainies,Électronique,204503.0,-0.2575094986005958,84,57.0,1
SN-7564,Ouakam,Alimentation,860125.0,6.2174994028175075,42,23.0,0
SN-7565,Medina,Services,77468.0,-41.00717680622604,119,22.0,0
SN-7566,Guediawaye,Alimentation,856330.0,21.69082176253973,39,58.0,0
SN-7567,Parcelles Assainies,Habillement,1553533.0,-9.493001364923717,98,96.0,0
SN-7568,Medina,Habillement,1062431.0,6.31411102856935,41,109.0,0
SN-7569,Ouakam,Alimentation,1465849.0,18.471967439142656,133,91.0,0
SN-7570,Parcelles Assainies,Restauration,1652792.0,-5.0810893968515245,149,70.0,0
SN-7571,Marche Sandaga,Habillement,366409.0,42.4677226386561,170,85.0,1
SN-7572,Pikine,Restauration,408171.0,5.902283369587264,20,2.0,1
SN-7573,Guediawaye,Électronique,1856505.0,6.088518934115083,146,54.0,0
SN-7574,Marche Sandaga,Alimentation,923433.0,24.220173207720737,134,109.0,0
SN-7575,Guediawaye,Alimentation,366246.0,-8.298503443126135,22,75.0,0
SN-7576,Yoff,Services,1618194.0,17.81697564266345,64,28.0,0
SN-7577,Marche Sandaga,Habillement,1559764.0,10.241721182476853,166,28.0,0
SN-7578,Marche Sandaga,Services,1028694.0,-38.951855198658464,1,50.0,0
SN-7579,Ouakam,Électronique,339362.0,-26.21162687163199,10,63.0,0
SN-7580,Marché Sandaga,Alimentation,577762.0,-15.793047612904045,27,18.0,0
SN-7581,Medina,Habillement,1666080.0,-19.82154648649138,141,72.0,0
SN-7582, Pikine ,Alimentation,174856.0,-26.607733313593535,85,72.0,1
SN-7583,Medina,Habillement,1046410.0,12.073571816471254,37,114.0,0
SN-7584,Guediawaye,Habillement,894616.0,,94,22.0,0
SN-7585,Marché Sandaga,nan,622978.0,-1.453979498695452,76,10.0,0
SN-7586,Pikine,Électronique,245053.0,-4.684211435248537,118,67.0,0
SN-7587,PIKINE,Habillement,465554.0,-15.216673575387091,185,39.0,1
SN-7588,Marche Sandaga,Alimentation,1680947.0,14.84767102068367,74,20.0,0
SN-7589, Pikine ,Habillement,1647271.0,4.593322353486803,171,2.0,0
SN-7590,Marché Sandaga,Alimentation,997320.0,19.92759400751129,25,36.0,0
SN-7591, Pikine ,Services,514842.0,0.493121571813644,33,37.0,0
SN-7592,Medina,Alimentation,1719024.0,24.254255315500693,67,26.0,0
SN-7593,PIKINE,Services,1026814.0,19.348028010466216,192,40.0,0
SN-7594,Guediawaye,Restauration,1212776.0,-13.125152109928537,127,47.0,0
SN-7595,Guediawaye,Restauration,1618057.0,2.7317972359095464,52,98.0,0
SN-7596,Parcelles Assainies,Habillement,939940.0,7.426768607153785,61,81.0,0
SN-7597,Marche Sandaga,Habillement,1957331.0,11.231223067695328,43,97.0,0
SN-7598,Yoff,Alimentation,1357475.0,-0.6522865252322472,177,76.0,0
SN-7599,Marché Sandaga,Alimentation,852982.0,20.746698341542725,192,68.0,1
SN-7600,Guediawaye,Restauration,529422.0,42.31801038065317,10,15.0,1
SN-7601,Ouakam,Habillement,1277474.0,-11.764968176569006,110,4.0,0
SN-7602,Yoff,nan,1783027.0,32.546305482159795,109,14.0,0
SN-7603,Yoff,Services,771007.0,29.79169382329753,108,5.0,0
SN-7604,Pikine,Restauration,750900.0,1.864678347634975,197,32.0,0
SN-7605,Ouakam,Services,888714.0,-30.28394058762879,31,84.0,0
SN-7606,PIKINE,Habillement,1160140.0,,140,53.0,0
SN-7607,Marche Sandaga,Restauration,1453303.0,-5.743591899583081,27,104.0,0
SN-7608,Marché Sandaga,Alimentation,253160.0,-11.713767260534869,10,95.0,1
SN-7609,Yoff,Services,1667372.0,16.035789201879034,59,50.0,0
SN-7610,Parcelles Assainies,Alimentation,1851077.0,7.156267961458549,70,47.0,0
SN-7611,Pikine,Alimentation,714980.0,-2.318230300434773,157,84.0,0
SN-7612,Guediawaye,Alimentation,1557765.0,1.1501828729956585,60,111.0,0
SN-7613,Marche Sandaga,Services,1570780.0,41.57003201701996,175,34.0,0
SN-7614,Medina,Électronique,1647942.0,3.870442706016598,25,79.0,0
SN-7615,Ouakam,Alimentation,1406386.0,,61,53.0,0
SN-7616,Yoff,Électronique,60833.0,34.84833951829262,118,15.0,1
SN-7617, Pikine ,Restauration,1049382.0,-8.193932668658956,151,70.0,0
SN-7618,Guediawaye,Services,1948499.0,-24.24437901745568,142,14.0,1
SN-7619,Marche Sandaga,Restauration,673107.0,15.197898680166723,7,20.0,0
SN-7620,Pikine,Habillement,1388340.0,-14.584461329185341,56,100.0,0
SN-7621,Marche Sandaga,Services,958223.0,-22.336716601230457,4,116.0,1
SN-7622,Pikine,Services,1572238.0,-26.741463764359548,38,54.0,0
SN-7623,Medina,Restauration,1428515.0,,32,41.0,0
SN-7624,Ouakam,Alimentation,1871022.0,-21.56690671680383,103,23.0,0
SN-7625,Pikine,Électronique,434386.0,-12.762028993341499,125,57.0,0
SN-7626,Marché Sandaga,Alimentation,1017010.0,18.336865251052387,172,103.0,0
SN-7627,PIKINE,Alimentation,1060399.0,18.425445359701758,198,102.0,0
SN-7628,Parcelles Assainies,Alimentation,1066999.0,13.467404890659774,131,86.0,0
SN-7629,Guediawaye,Restauration,1801840.0,,25,20.0,1
SN-7630,Ouakam,Habillement,1717628.0,4.547448242765651,176,109.0,0
SN-7631,PIKINE,Électronique,30631.0,19.022527709798222,198,104.0,0
SN-7632,Medina,Restauration,237728.0,,99,74.0,0
SN-7633,Medina,Restauration,536503.0,24.05786057459442,133,1.0,1
SN-7634, Pikine ,Services,1987998.0,29.235978671853008,45,107.0,0
SN-7635,PIKINE,Électronique,495753.0,-5.5648075261959455,159,15.0,0
SN-7636, Pikine ,Restauration,90111.0,-24.756588720671857,187,88.0,0
SN-7637,Marché Sandaga,Services,1720606.0,-27.2241036390464,185,16.0,0
SN-7638,Marché Sandaga,Services,1941596.0,-2.113820672313955,104,22.0,0
SN-7639,Ouakam,nan,1582018.0,-24.271517809332668,178,93.0,0
SN-7640,Pikine,Habillement,1206034.0,4.623754138974668,16,80.0,0
SN-7641,Medina,Alimentation,939980.0,-5.363310085778582,164,10.0,0
SN-7642,Ouakam,Habillement,25427.0,-29.628001408975,188,20.0,0
SN-7643,PIKINE,Habillement,995532.0,34.66177479258918,34,86.0,0
SN-7644,Parcelles Assainies,Restauration,1817035.0,-37.92822380823849,175,54.0,0
SN-7645,Marché Sandaga,Alimentation,686523.0,32.94995675373893,111,24.0,0
SN-7646,Yoff,Habillement,771266.0,27.990250304284263,141,18.0,0
SN-7647,Yoff,Alimentation,1539917.0,-0.47807013428996875,105,68.0,0
SN-7648,Marche Sandaga,Alimentation,499774.0,25.548495294179673,144,116.0,0
SN-7649,Guediawaye,Électronique,913582.0,7.331256689968608,157,99.0,0
SN-7650, Pikine ,Électronique,399427.0,13.490024943068619,118,109.0,0
SN-7651,Marché Sandaga,Services,396136.0,-34.27671323505459,19,117.0,0
SN-7652,Yoff,Alimentation,1010831.0,-0.5609125289423891,142,89.0,0
SN-7653, Pikine ,Restauration,1397480.0,-11.253716737833306,12,48.0,0
SN-7654,Parcelles Assainies,Habillement,685985.0,-11.719802592361441,12,53.0,0
SN-7655,PIKINE,Services,305289.0,5.34773469816516,167,34.0,1
SN-7656,Ouakam,Services,1334031.0,,50,100.0,0
SN-7657, Pikine ,Électronique,1765971.0,-12.231963416712553,68,8.0,0
SN-7658,Guediawaye,Restauration,1908910.0,-20.397549881633115,133,37.0,0
SN-7659,Ouakam,Habillement,1400797.0,-5.416225573744956,23,48.0,0
SN-7660,Pikine,Alimentation,137053.0,,18,35.0,1
SN-7661,Yoff,Électronique,235672.0,,92,34.0,1
SN-7662,Marche Sandaga,Électronique,1831962.0,23.211979795157557,127,103.0,0
SN-7663,PIKINE,Habillement,1160881.0,,64,91.0,0
SN-7664,Marché Sandaga,Services,1517539.0,17.250707486423927,14,79.0,0
SN-7665,Marche Sandaga,Alimentation,1272134.0,3.797390631021233,175,91.0,0
SN-7666,Yoff,Habillement,1010672.0,32.502636675135335,92,89.0,0
SN-7667,PIKINE,Alimentation,916768.0,2.5523199834306998,155,60.0,0
SN-7668,Marche Sandaga,Habillement,1257661.0,-47.185381603491265,90,7.0,0
SN-7669,Yoff,Électronique,1660330.0,-20.214176914063273,198,28.0,1
SN-7670,PIKINE,Habillement,1335646.0,-5.772690535308382,28,41.0,0
SN-7671,Medina,Électronique,865239.0,37.75755985072397,122,105.0,0
SN-7672,Medina,nan,204198.0,-15.935829644929747,96,37.0,0
SN-7673,PIKINE,Restauration,1523778.0,42.11618778929875,66,-3.0,0
SN-7674,Guediawaye,Restauration,276844.0,5.250939622701237,177,93.0,1
SN-7675,Marché Sandaga,Habillement,1992295.0,,77,-5.0,0
SN-7676,Medina,Électronique,1230636.0,3.6833914615417584,121,13.0,0
SN-7677, Pikine ,Alimentation,282285.0,-2.4513180588557453,29,59.0,0
SN-7678,Marché Sandaga,Services,1865892.0,-26.721774319887082,67,118.0,0
SN-7679,Guediawaye,Habillement,525433.0,-4.69363352610609,195,106.0,0
SN-7680,Guediawaye,Restauration,244279.0,-8.262124626408854,164,59.0,0
SN-7681,Guediawaye,Électronique,453639.0,-10.954210312941402,31,77.0,0
SN-7682, Pikine ,Alimentation,1334893.0,27.533304485954012,99,106.0,0
SN-7683,PIKINE,Alimentation,614085.0,5.934028999220295,4,40.0,0
SN-7684,Medina,Habillement,55874.0,-5.6248909710157164,101,-1.0,0
SN-7685,PIKINE,Électronique,527201.0,4.86540820224254,16,68.0,1
SN-7686,Marche Sandaga,Habillement,1971282.0,25.208540840791432,44,11.0,0
SN-7687, Pikine ,Restauration,1334661.0,-4.911900889540624,91,22.0,0
SN-7688,Medina,Électronique,233306.0,3.994945551530261,180,43.0,0
SN-7689,Medina,Habillement,951964.0,-5.741246625713962,99,28.0,0
SN-7690,Marché Sandaga,Restauration,800609.0,-25.2381964421999,97,74.0,0
SN-7691,Marché Sandaga,Habillement,1073409.0,-5.6086101108331174,115,104.0,0
SN-7692,Medina,Restauration,1208273.0,-7.464500548673865,30,116.0,0
SN-7693,Guediawaye,Restauration,1153126.0,4.420411820102269,135,3.0,1
SN-7694,Ouakam,nan,1757217.0,16.24279480390335,171,7.0,0
SN-7695,Medina,Habillement,36876.0,-50.236457971092165,71,75.0,0
SN-7696,PIKINE,Services,266683.0,-51.46965915968278,62,13.0,0
SN-7697,Guediawaye,nan,918974.0,21.83791771326685,22,31.0,0
SN-7698, Pikine ,Alimentation,991339.0,43.99377569439557,159,95.0,0
SN-7699, Pikine ,Électronique,705723.0,0.4842078589619114,31,43.0,1
SN-7700, Pikine ,Restauration,754843.0,4.396447494877694,124,64.0,0
SN-7701,Parcelles Assainies,Alimentation,1369394.0,-1.5433313657880179,158,3.0,0
SN-7702, Pikine ,Alimentation,511252.0,-39.31291034434207,183,31.0,0
SN-7703,Ouakam,Électronique,81912.0,-25.25891050321803,138,109.0,0
SN-7704,Parcelles Assainies,Électronique,792684.0,-17.25213756114458,87,26.0,0
SN-7705,PIKINE,Alimentation,1316677.0,23.004714546151632,24,79.0,0
SN-7706, Pikine ,Restauration,1036291.0,47.44363098506969,78,9.0,0
SN-7707,Guediawaye,Restauration,1604829.0,-36.096942555575964,58,49.0,0
SN-7708,Guediawaye,nan,299092.0,-20.25400333476758,87,25.0,0
SN-7709,Ouakam,Restauration,793240.0,-14.291688523082284,174,49.0,1
SN-7710,PIKINE,Restauration,173269.0,9.953363106516434,73,83.0,0
SN-7711,Medina,Habillement,100659.0,-6.321558007018435,132,95.0,0
SN-7712,Parcelles Assainies,Électronique,818803.0,17.627658750811026,128,34.0,0
SN-7713,Parcelles Assainies,Restauration,701978.0,,89,107.0,0
SN-7714,Marche Sandaga,nan,1248818.0,20.089867459873716,169,95.0,0
SN-7715,Marche Sandaga,Restauration,1068655.0,7.888866452300228,26,117.0,0
SN-7716,Medina,Alimentation,1861682.0,9.674119312191236,98,115.0,0
SN-7717,Marche Sandaga,Restauration,1101172.0,11.76584104114167,12,-4.0,0
SN-7718, Pikine ,Restauration,42854.0,17.88609627265164,76,89.0,1
SN-7719,Medina,Habillement,686105.0,30.8727465091113,45,14.0,1
SN-7720,Marché Sandaga,Habillement,1893049.0,-12.424271529213982,30,81.0,0
SN-7721,PIKINE,Alimentation,761515.0,-23.94950905218288,15,46.0,1
SN-7722, Pikine ,Alimentation,904843.0,13.807358816820752,111,31.0,0
SN-7723,Yoff,Services,1766760.0,-6.616176144620417,53,94.0,0
SN-7724,Marche Sandaga,Services,571720.0,23.589935177552206,168,-4.0,1
SN-7725,PIKINE,Habillement,820016.0,15.337455405223729,29,5.0,1
SN-7726,PIKINE,Habillement,1745280.0,-5.825335199933788,125,119.0,0
SN-7727,Marche Sandaga,Habillement,680937.0,-37.80586571458619,71,26.0,1
SN-7728,PIKINE,Habillement,339753.0,0.2111641023831162,25,-1.0,0
SN-7729,Guediawaye,Habillement,1814593.0,3.6225211343274175,78,41.0,1
SN-7730, Pikine ,Habillement,1702070.0,,96,35.0,0
SN-7731,Parcelles Assainies,nan,1883354.0,39.743879807945504,49,98.0,0
SN-7732,Pikine,Restauration,930137.0,3.269430716389437,163,95.0,0
SN-7733,Medina,Alimentation,51989.0,-1.1142354579863165,125,86.0,0
SN-7734,Marché Sandaga,Services,1739264.0,-8.711784812531484,59,90.0,0
SN-7735,Guediawaye,Services,576466.0,7.963037797757902,49,31.0,1
SN-7736, Pikine ,Alimentation,1423950.0,43.07767133417645,74,25.0,0
SN-7737,Marche Sandaga,Restauration,472375.0,18.292721118649403,140,31.0,1
SN-7738,Marché Sandaga,Services,492863.0,-22.255747773571905,46,33.0,1
SN-7739,Marche Sandaga,Restauration,1877441.0,,13,7.0,0
SN-7740,Guediawaye,nan,1403456.0,11.727308675125595,56,107.0,0
SN-7741,Pikine,Restauration,724875.0,4.067237022039473,163,-5.0,0
SN-7742,Pikine,Habillement,399487.0,-6.16668713713497,30,77.0,0
SN-7743,Parcelles Assainies,Restauration,380675.0,3.66728702010589,107,54.0,1
SN-7744,PIKINE,Alimentation,1466572.0,-1.2503605001350537,196,63.0,0
SN-7745,Marche Sandaga,Services,314035.0,24.034028325462792,18,97.0,1
SN-7746, Pikine ,Alimentation,706372.0,2.323958264990199,91,5.0,0
SN-7747,Marche Sandaga,Restauration,1914216.0,-18.91036367249887,118,12.0,0
SN-7748,Parcelles Assainies,Électronique,1434428.0,19.752992397934374,111,50.0,0
SN-7749,Pikine,Services,817082.0,-16.500870949590823,117,85.0,0
SN-7750,Pikine,Restauration,215978.0,29.82477033815966,174,91.0,0
SN-7751,Ouakam,Habillement,953178.0,-38.77984550430783,182,61.0,0
SN-7752,Pikine,Restauration,1218414.0,16.642731925902375,100,19.0,1
SN-7753,Ouakam,Restauration,21779.0,13.57002138400767,130,-1.0,0
SN-7754,Pikine,Services,1503521.0,40.2856946864088,142,32.0,0
SN-7755,Ouakam,Alimentation,178164.0,8.016636004449387,194,11.0,1
SN-7756,Pikine,Alimentation,1341014.0,14.366217436498411,163,93.0,0
SN-7757, Pikine ,Électronique,443119.0,3.1212232608975183,164,3.0,1
SN-7758,Guediawaye,Électronique,1343301.0,35.324296995910295,17,2.0,0
SN-7759,PIKINE,Restauration,1003538.0,26.34550174111088,46,23.0,1
SN-7760,Yoff,Restauration,1085742.0,-19.349341151450364,5,44.0,0
SN-7761,PIKINE,Restauration,170191.0,15.543031957019913,106,77.0,0
SN-7762,Parcelles Assainies,Alimentation,1468376.0,-15.12234839015406,121,56.0,0
SN-7763,Marché Sandaga,Services,910369.0,2.3112162782635837,32,111.0,1
SN-7764,PIKINE,Services,1195611.0,-27.19153082467819,38,92.0,0
SN-7765,Pikine,Électronique,1632850.0,12.206572208180075,108,70.0,0
SN-7766,Parcelles Assainies,Habillement,1171536.0,16.19125280905848,186,80.0,0
SN-7767,Parcelles Assainies,Restauration,665034.0,-16.51578750862226,68,84.0,0
SN-7768,Ouakam,Électronique,1330855.0,9.97820639688991,36,80.0,0
SN-7769, Pikine ,Alimentation,736048.0,22.729839577360057,173,40.0,0
SN-7770,Marché Sandaga,Électronique,1150747.0,32.68586744749695,14,66.0,0
SN-7771,PIKINE,Alimentation,1636943.0,-9.656369714640702,88,7.0,0
SN-7772,Marché Sandaga,Électronique,1740983.0,,38,-3.0,0
SN-7773,Pikine,Habillement,1082507.0,,66,98.0,0
SN-7774,Parcelles Assainies,Habillement,579760.0,6.626118112851234,113,36.0,1
SN-7775,Pikine,Alimentation,1552761.0,65.97502888237443,158,32.0,0
SN-7776,PIKINE,Alimentation,1420237.0,-3.735605633006415,159,112.0,0
SN-7777,Parcelles Assainies,Habillement,1891643.0,-18.745347723759636,16,38.0,0
SN-7778,Ouakam,Alimentation,1754091.0,5.489613580340861,182,7.0,0
SN-7779,Yoff,Alimentation,1076552.0,-44.464479503320874,75,89.0,0
SN-7780,Parcelles Assainies,nan,639997.0,-16.985487050217255,198,41.0,0
SN-7781,Pikine,Restauration,326236.0,28.02317117792327,51,98.0,1
SN-7782,PIKINE,Habillement,1510463.0,-39.29187303818602,131,89.0,0
SN-7783,Medina,Électronique,451386.0,7.54747368343529,30,45.0,0
SN-7784,Guediawaye,Restauration,628494.0,-41.74091867964533,93,53.0,1
SN-7785,Guediawaye,Restauration,1940332.0,19.65124879424874,8,69.0,0
SN-7786,Marché Sandaga,Électronique,1621412.0,44.90874531830718,74,66.0,0
SN-7787,PIKINE,Restauration,1265388.0,2.0144125613959716,112,113.0,0
SN-7788,Marché Sandaga,Électronique,774001.0,-12.65498265440346,180,84.0,0
SN-7789,Yoff,Alimentation,1456012.0,-21.345075306206986,21,66.0,0
SN-7790,Yoff,Restauration,1889883.0,-14.716096441212432,76,32.0,0
SN-7791,Medina,Services,579898.0,-32.038146477459925,81,38.0,0
SN-7792,Yoff,Habillement,570979.0,-31.114280676792813,167,68.0,0
SN-7793,Medina,nan,1082615.0,6.770837087052627,120,119.0,0
SN-7794,Pikine,nan,1591661.0,16.29409796493518,93,23.0,0
SN-7795,PIKINE,Alimentation,1674442.0,-6.370201098600642,131,34.0,0
SN-7796,Parcelles Assainies,Habillement,280667.0,-26.51516283278031,2,85.0,0
SN-7797,Marché Sandaga,Services,415053.0,-18.32332046699992,169,59.0,0
SN-7798,Marche Sandaga,Habillement,1045509.0,,181,96.0,0
SN-7799,Pikine,Alimentation,26030.0,26.241233654579013,147,100.0,0
SN-7800, Pikine ,Restauration,804077.0,-3.1478835488539048,105,77.0,0
SN-7801,Ouakam,Services,1825559.0,-5.707350375008917,5,19.0,0
SN-7802,Medina,Habillement,1682777.0,7.230425815152344,56,19.0,0
SN-7803,Pikine,nan,1407546.0,11.367589158168144,160,23.0,1
SN-7804,Marche Sandaga,Électronique,205133.0,13.568528936105688,94,66.0,1
SN-7805,Marché Sandaga,Restauration,1103839.0,25.55126016232423,141,92.0,1
SN-7806,Marché Sandaga,Restauration,425348.0,1.5271122302285387,96,40.0,1
SN-7807,Guediawaye,Habillement,1630224.0,-3.1808783635154017,172,107.0,1
SN-7808,Ouakam,Restauration,1133120.0,-26.24186003548732,65,88.0,0
SN-7809,Ouakam,Restauration,1405202.0,15.0547268194963,94,36.0,0
SN-7810,Yoff,Électronique,1299807.0,-10.849958733910249,46,3.0,0
SN-7811,Marché Sandaga,Électronique,815886.0,-4.313669348805251,111,66.0,1
SN-7812, Pikine ,Alimentation,1816722.0,-10.099583292609402,79,33.0,1
SN-7813,Yoff,Alimentation,1144040.0,-8.727288225463857,165,-4.0,0
SN-7814,Ouakam,Restauration,60017.0,-24.34519601021123,29,26.0,0
SN-7815, Pikine ,Alimentation,1584030.0,27.099167607640275,39,51.0,0
SN-7816,Ouakam,Électronique,1698077.0,4.768131909928092,90,20.0,0
SN-7817,Pikine,Électronique,1981062.0,,122,31.0,0
SN-7818,Guediawaye,Alimentation,351349.0,-6.911763149722134,89,10.0,1
SN-7819,Marché Sandaga,Services,365217.0,-3.7753755696351394,122,105.0,0
SN-7820, Pikine ,Restauration,1977585.0,-10.11135739671249,128,108.0,0
SN-7821,Ouakam,Alimentation,168960.0,-14.901591996787232,58,116.0,1
SN-7822,Guediawaye,Restauration,1791597.0,-0.01104492027558466,160,100.0,0
SN-7823,Pikine,Restauration,399926.0,13.551711378327573,193,12.0,0
SN-7824,Marché Sandaga,Restauration,1571661.0,,61,110.0,0
SN-7825,PIKINE,Alimentation,1762109.0,-3.754551398119239,199,-5.0,0
SN-7826,Yoff,Services,429778.0,-2.793583141157562,128,33.0,0
SN-7827,Yoff,Services,207561.0,18.99772352824366,91,36.0,0
SN-7828,Marche Sandaga,Alimentation,698784.0,-42.57168330824544,86,115.0,0
SN-7829,Guediawaye,Électronique,620650.0,16.010291694072375,41,116.0,0
SN-7830,Ouakam,Habillement,132507.0,-33.44114592280433,77,81.0,1
SN-7831,Pikine,Habillement,797213.0,25.424756836561222,121,79.0,0
SN-7832,Guediawaye,Alimentation,724017.0,-13.13840464493219,160,44.0,1
SN-7833, Pikine ,Électronique,953342.0,2.342767433544319,56,29.0,0
SN-7834,Yoff,Électronique,1847875.0,8.55497044870184,77,104.0,0
SN-7835,Pikine,Électronique,546799.0,-6.947748673191752,122,98.0,0
SN-7836,Ouakam,Électronique,1947898.0,4.65867100710954,129,9.0,0
SN-7837,PIKINE,Services,1323788.0,-4.397121904885568,181,18.0,0
SN-7838,Pikine,Habillement,25421.0,42.39741267076337,64,84.0,0
SN-7839,Pikine,Services,259162.0,12.042955258292935,125,30.0,1
SN-7840,Guediawaye,Restauration,1289070.0,7.5334119748082315,188,12.0,0
SN-7841,Marche Sandaga,Habillement,961118.0,-28.8616027017064,156,50.0,0
SN-7842,Ouakam,nan,1684972.0,31.207630838539764,76,12.0,0
SN-7843,Medina,Restauration,1622468.0,11.117278626339067,195,69.0,0
SN-7844,Ouakam,Services,1596989.0,3.674842095783694,153,112.0,0
SN-7845,Pikine,Services,1519822.0,-15.629677947478891,197,82.0,0
SN-7846,PIKINE,Restauration,1609689.0,-36.12127013353047,105,0.0,0
SN-7847, Pikine ,Électronique,1073329.0,8.538603827391976,96,26.0,1
SN-7848,Medina,Restauration,231484.0,6.97496901204673,12,117.0,0
SN-7849, Pikine ,Électronique,1173873.0,,72,29.0,1
SN-7850, Pikine ,Services,985613.0,-22.425926739448308,143,49.0,0
SN-7851,Pikine,Restauration,351762.0,,163,28.0,1
SN-7852,Yoff,Restauration,549237.0,-25.152761835522,110,8.0,0
SN-7853,Pikine,Services,1226386.0,4.657558379368501,64,91.0,0
SN-7854,Ouakam,Alimentation,1009448.0,11.927457838196979,45,85.0,0
SN-7855,PIKINE,Restauration,1461014.0,43.489936467025146,178,80.0,0
SN-7856,Parcelles Assainies,Habillement,1758210.0,-13.884145709806328,60,90.0,0
SN-7857,Yoff,Habillement,1491507.0,24.9985196537402,127,79.0,0
SN-7858,Marche Sandaga,Habillement,762827.0,18.657158554940917,101,9.0,0
SN-7859,Guediawaye,Électronique,691257.0,18.236950496063674,51,102.0,0
SN-7860,Yoff,Alimentation,956423.0,12.293529092771609,46,97.0,1
SN-7861,PIKINE,Habillement,569810.0,22.921727630099372,57,71.0,0
SN-7862,PIKINE,Habillement,1340283.0,0.1900673937871435,13,119.0,0
SN-7863,Medina,Habillement,1458857.0,7.525175676665378,136,43.0,0
SN-7864,Medina,Électronique,1737243.0,16.69003232779127,177,21.0,0
SN-7865,Marché Sandaga,Électronique,1907906.0,-16.649051941206768,106,23.0,0
SN-7866,Ouakam,Habillement,1626558.0,26.80853721867107,180,49.0,0
SN-7867,Yoff,Électronique,1726181.0,28.193005893403114,135,88.0,0
SN-7868,Guediawaye,Alimentation,1470427.0,-12.488752562209624,128,29.0,0
SN-7869,Marche Sandaga,Habillement,1214554.0,32.44900922717692,53,37.0,0
SN-7870,Ouakam,Électronique,1138502.0,-9.201208003355944,41,72.0,0
SN-7871,Parcelles Assainies,Alimentation,1486760.0,-0.5921055083424386,86,34.0,0
SN-7872,Pikine,Alimentation,859476.0,29.764611175978768,33,68.0,0
SN-7873,PIKINE,Restauration,705540.0,-16.020288298676807,167,72.0,0
SN-7874,Yoff,Habillement,1846975.0,23.18465727196095,174,42.0,0
SN-7875,Marche Sandaga,Alimentation,1312381.0,3.587107642222267,77,17.0,0
SN-7876,Marche Sandaga,Restauration,1314056.0,-3.4348901025426297,194,59.0,1
SN-7877,Marche Sandaga,Alimentation,1741372.0,40.01949279746921,157,43.0,0
SN-7878,Pikine,Électronique,450130.0,5.0267418822249805,64,45.0,0
SN-7879,Ouakam,Habillement,1225293.0,26.516164799489935,83,119.0,0
SN-7880,Yoff,nan,1437851.0,6.3143132042045425,76,-1.0,0
SN-7881,PIKINE,Services,1560056.0,-13.65122368455655,54,51.0,0
SN-7882, Pikine ,Restauration,1616840.0,-18.164195380233885,19,59.0,0
SN-7883,Marché Sandaga,Habillement,372943.0,3.4572420389380394,166,3.0,1
SN-7884,Yoff,Restauration,761129.0,-5.978355466697263,90,45.0,0
SN-7885, Pikine ,Alimentation,1718878.0,-3.6025466545671216,178,6.0,1
SN-7886, Pikine ,Restauration,1410768.0,8.379155392375168,51,101.0,0
SN-7887,Marche Sandaga,Restauration,793378.0,-5.8824579292220385,12,69.0,1
SN-7888,Medina,Habillement,948303.0,4.481190671722188,156,83.0,0
SN-7889,Parcelles Assainies,Restauration,429638.0,42.502164596648264,195,109.0,0
SN-7890,Pikine,Services,540580.0,40.81559727146933,167,17.0,0
SN-7891,Pikine,Habillement,299933.0,3.7551872349027193,146,-1.0,1
SN-7892,Marche Sandaga,Électronique,1524975.0,-13.255741288421328,123,73.0,0
SN-7893,Marche Sandaga,Alimentation,1803091.0,11.129437582350016,111,55.0,0
SN-7894, Pikine ,nan,849005.0,53.26167327771475,184,76.0,0
SN-7895,Parcelles Assainies,Électronique,1178229.0,-18.64238435592225,125,73.0,1
SN-7896,Pikine,Habillement,1329337.0,-28.221395545112316,30,3.0,0
SN-7897,PIKINE,nan,1926137.0,,46,104.0,0
SN-7898, Pikine ,Restauration,843453.0,5.81370272022578,145,17.0,0
SN-7899,Ouakam,Services,994875.0,3.4754969890507144,120,64.0,0
SN-7900, Pikine ,Services,1363169.0,-5.444105391212425,180,36.0,0
SN-7901, Pikine ,Restauration,1686888.0,-17.226444571996698,130,27.0,0
SN-7902,PIKINE,Habillement,649466.0,20.680542601440266,37,48.0,0
SN-7903,Guediawaye,Électronique,1932225.0,16.711996610870056,119,48.0,0
SN-7904,Guediawaye,Alimentation,1964748.0,-26.076329578267547,20,58.0,0
SN-7905,Marché Sandaga,Restauration,590762.0,-21.2571268210325,94,100.0,0
SN-7906,Guediawaye,Restauration,789474.0,36.76744014875275,108,52.0,0
SN-7907,Yoff,nan,1147261.0,-25.16570481227328,118,112.0,0
SN-7908,Pikine,Services,326456.0,-22.79524244577494,137,101.0,0
SN-7909,Marché Sandaga,nan,1475977.0,41.44053902109213,38,81.0,0
SN-7910,Marche Sandaga,Restauration,788897.0,46.17604087730505,184,84.0,0
SN-7911,Guediawaye,Restauration,568251.0,-4.953698392042496,155,73.0,0
SN-7912,Parcelles Assainies,Électronique,1046844.0,0.7739463988834244,143,113.0,0
SN-7913,PIKINE,Électronique,1873247.0,-2.6169245308414864,47,16.0,0
SN-7914, Pikine ,Restauration,1617425.0,3.760010936692743,97,-4.0,0
SN-7915,Yoff,Habillement,310381.0,-25.832204838094196,24,24.0,1
SN-7916,PIKINE,Électronique,104263.0,15.629103429702944,121,85.0,0
SN-7917,Marche Sandaga,Électronique,1466069.0,7.009590090036086,77,102.0,1
SN-7918, Pikine ,Restauration,366017.0,21.027406704804484,92,16.0,1
SN-7919, Pikine ,Électronique,749528.0,-7.6965714714151945,41,23.0,0
SN-7920,Marche Sandaga,Services,1047111.0,-25.134956324961195,193,2.0,0
SN-7921,Marche Sandaga,Alimentation,1712897.0,-0.3668275831655141,10,117.0,0
SN-7922,Parcelles Assainies,Restauration,361325.0,-14.649347307354406,100,102.0,0
SN-7923, Pikine ,Alimentation,1141077.0,20.15352062142435,143,74.0,0
SN-7924,PIKINE,Services,1631209.0,10.803531639719568,164,21.0,0
SN-7925,PIKINE,Restauration,493968.0,6.719054340760373,47,73.0,0
SN-7926,Parcelles Assainies,Services,1000137.0,-12.036550922299698,119,55.0,0
SN-7927,Marché Sandaga,nan,683347.0,-36.50788472608877,22,90.0,0
SN-7928,Marché Sandaga,Restauration,567681.0,,65,18.0,1
SN-7929,Marche Sandaga,Restauration,1713588.0,7.778447021701726,76,86.0,0
SN-7930,PIKINE,Alimentation,1606413.0,-47.81044388735563,26,1.0,0
SN-7931,Pikine,Électronique,285676.0,27.3502242863786,71,95.0,1
SN-7932, Pikine ,Électronique,413233.0,-49.813404128216206,187,5.0,1
SN-7933,Marche Sandaga,Alimentation,1805664.0,-6.875833689857197,41,70.0,0
SN-7934,Yoff,Alimentation,1172460.0,-24.374902099748365,146,12.0,1
SN-7935,Ouakam,Électronique,1165512.0,-27.214004437779565,48,96.0,1
SN-7936,Marché Sandaga,Restauration,365684.0,-10.311054742999644,2,118.0,0
SN-7937,Medina,Électronique,1928356.0,9.0000611053211,97,21.0,0
SN-7938,PIKINE,Alimentation,274310.0,3.09342515029506,64,79.0,0
SN-7939,Yoff,Alimentation,374657.0,-29.38576961138523,126,95.0,0
SN-7940,Medina,Habillement,1155749.0,-29.119418357024532,119,6.0,0
SN-7941,Pikine,Électronique,1168953.0,7.667250871361501,95,110.0,0
SN-7942, Pikine ,Électronique,678968.0,17.794782053818782,147,67.0,0
SN-7943,Marché Sandaga,nan,1391476.0,-34.640830557047444,127,94.0,0
SN-7944,Marche Sandaga,Habillement,1925052.0,64.49920715843473,93,113.0,0
SN-7945,Marche Sandaga,Alimentation,1709875.0,0.42957166819233367,163,84.0,0
SN-7946,Marché Sandaga,Services,33924.0,14.629083350951731,34,88.0,0
SN-7947,Yoff,Électronique,1802518.0,23.38303044486361,139,114.0,0
SN-7948,Guediawaye,Habillement,192546.0,17.005835733418763,28,32.0,1
SN-7949, Pikine ,Habillement,644168.0,-53.087705066722826,89,13.0,0
SN-7950,Pikine,Restauration,555477.0,0.14752740058498806,168,18.0,0
SN-7951,Marche Sandaga,Électronique,903364.0,11.34490757735729,28,93.0,0
SN-7952,Marche Sandaga,Alimentation,1562716.0,27.054441358816813,169,67.0,0
SN-7953, Pikine ,Électronique,1741564.0,,178,72.0,0
SN-7954,PIKINE,Restauration,1719258.0,-24.01000623929455,51,47.0,0
SN-7955,Parcelles Assainies,Services,1059572.0,-5.378353808811371,15,15.0,1
SN-7956,Ouakam,Habillement,1698022.0,-27.036596306731738,170,69.0,0
SN-7957,Yoff,nan,739470.0,6.887637654943902,169,45.0,0
SN-7958,Medina,nan,917399.0,-39.79762865424657,97,60.0,0
SN-7959,Yoff,Alimentation,1708057.0,-1.5280373134364371,171,28.0,0
SN-7960,Guediawaye,Restauration,300422.0,-3.437540247454521,130,23.0,1
SN-7961,Guediawaye,Électronique,723368.0,14.361223194931437,72,25.0,0
SN-7962,Parcelles Assainies,Services,219409.0,8.180569850046647,7,7.0,1
SN-7963,Medina,Électronique,1155176.0,24.609516959652595,36,104.0,0
SN-7964, Pikine ,Alimentation,312512.0,18.876466406557043,173,114.0,1
SN-7965,Guediawaye,Services,1513254.0,-57.43577420002865,63,43.0,0
SN-7966, Pikine ,Services,1770276.0,-12.449804502539974,50,87.0,0
SN-7967,Medina,Restauration,276757.0,24.21008028386066,159,108.0,1
SN-7968,Ouakam,Électronique,667144.0,-26.893430258263876,135,20.0,0
SN-7969,Ouakam,Restauration,823178.0,17.306761971324125,197,101.0,0
SN-7970,PIKINE,Services,958054.0,-15.229941189488212,107,72.0,0
SN-7971,Parcelles Assainies,Services,314581.0,-10.150364950380464,36,77.0,1
SN-7972,Guediawaye,Alimentation,74989.0,,107,34.0,0
SN-7973,Ouakam,Alimentation,1478296.0,-1.136928005694022,184,86.0,0
SN-7974, Pikine ,Électronique,1821480.0,7.32460635755432,9,77.0,0
SN-7975,Marche Sandaga,Alimentation,1876904.0,19.763116087573767,50,41.0,0
SN-7976,Guediawaye,Alimentation,1808154.0,-14.345632009052068,53,106.0,0
SN-7977,Medina,Électronique,778560.0,7.636649888187001,28,90.0,0
SN-7978, Pikine ,Restauration,746639.0,-3.43116926647237,175,43.0,0
SN-7979,Ouakam,Services,883535.0,-8.988044704610594,94,87.0,0
SN-7980,PIKINE,Habillement,1063617.0,30.819250112856448,140,82.0,0
SN-7981,Guediawaye,Habillement,1860287.0,-18.022878363771028,119,27.0,0
SN-7982,Marche Sandaga,Habillement,660276.0,-16.93533952459959,7,11.0,0
SN-7983,PIKINE,Habillement,538222.0,4.93023308824862,52,67.0,0
SN-7984,Guediawaye,nan,625008.0,2.3210330622903936,1,96.0,0
SN-7985,Medina,Électronique,216893.0,12.8162510666379,121,109.0,0
SN-7986, Pikine ,Habillement,321313.0,27.942415925340356,28,42.0,1
SN-7987,Medina,Services,1330863.0,18.66489943172889,11,78.0,0
SN-7988,Yoff,nan,1104419.0,12.129004361364142,86,107.0,0
SN-7989,Parcelles Assainies,Alimentation,1885170.0,11.437620505611468,107,80.0,0
SN-7990,PIKINE,Restauration,907201.0,-35.22442559487339,153,23.0,0
SN-7991,Marche Sandaga,Restauration,1961942.0,-0.7226649866937745,122,95.0,0
SN-7992, Pikine ,Électronique,266875.0,23.912735126521596,143,99.0,0
SN-7993,Ouakam,Habillement,528187.0,-8.51237410141334,191,65.0,0
SN-7994,Yoff,Habillement,1770271.0,-1.698517430100253,29,96.0,1
SN-7995,Yoff,Restauration,757648.0,-24.29315688750242,87,99.0,0
SN-7996,Parcelles Assainies,Alimentation,344036.0,17.813037741481136,187,50.0,0
SN-7997,Medina,Électronique,940881.0,-12.012152472572904,195,12.0,1
SN-7998,Guediawaye,Restauration,848251.0,-4.296671999536415,129,36.0,1
SN-7999,Pikine,Électronique,448633.0,,58,72.0,0
SN-8000,Marche Sandaga,Habillement,495842.0,,0,89.0,0
SN-8001, Pikine ,Électronique,275726.0,-11.754566307505662,182,22.0,0
SN-8002,Marche Sandaga,Électronique,63600.0,19.403846503779953,131,98.0,0
SN-8003,Marche Sandaga,Alimentation,221408.0,13.763350484857991,180,80.0,1
SN-8004,Ouakam,Restauration,533390.0,-8.051352326882697,3,106.0,1
SN-8005,Marché Sandaga,Électronique,1253754.0,,8,116.0,0
SN-8006,Ouakam,Services,1332417.0,3.4529671177726353,194,27.0,0
SN-8007,Ouakam,Habillement,1849893.0,4.941257145646475,136,81.0,0
SN-8008,Marche Sandaga,Restauration,483145.0,-4.041412009700619,107,94.0,0
SN-8009,Ouakam,Alimentation,190814.0,-20.20096678152958,184,105.0,0
SN-8010,Guediawaye,Restauration,1104393.0,27.102267411978076,12,12.0,0
SN-8011,Marché Sandaga,Électronique,480543.0,2.4519773449139013,120,17.0,0
SN-8012, Pikine ,Électronique,1158362.0,0.12961888420707685,59,52.0,0
SN-8013,Guediawaye,Électronique,1484495.0,,138,93.0,0
SN-8014,Marché Sandaga,Électronique,248882.0,2.4704856970541518,33,110.0,0
SN-8015,Medina,Électronique,1911575.0,-26.668521131650206,44,4.0,0
SN-8016,PIKINE,Alimentation,858350.0,5.540828978105204,61,36.0,0
SN-8017,Parcelles Assainies,Services,551808.0,9.689801429372066,85,85.0,1
SN-8018,Pikine,Alimentation,1774892.0,5.043106914564806,62,3.0,0
SN-8019,PIKINE,nan,1988837.0,0.563310911247741,126,-5.0,0
SN-8020,Marche Sandaga,Habillement,156832.0,5.7987069847107575,75,36.0,1
SN-8021,Medina,Restauration,270942.0,-9.734319489227477,45,50.0,0
SN-8022,Medina,Restauration,1899020.0,-11.407891245355192,81,38.0,0
SN-8023,PIKINE,Habillement,1495539.0,-9.583403200688403,127,52.0,0
SN-8024,Ouakam,Services,85919.0,28.149053246014436,120,17.0,1
SN-8025,Pikine,Alimentation,392734.0,16.99213318748052,49,22.0,0
SN-8026,Ouakam,Électronique,691977.0,19.700581098259985,170,5.0,1
SN-8027,Yoff,Habillement,965131.0,-21.261232038124053,106,102.0,0
SN-8028,Pikine,Restauration,171222.0,-22.919406180242987,130,39.0,0
SN-8029,Pikine,nan,1840451.0,14.404692136178651,29,51.0,0
SN-8030,Pikine,Restauration,892365.0,-17.55117980178816,3,111.0,1
SN-8031,Parcelles Assainies,Alimentation,1509410.0,15.383191478270685,162,96.0,0
SN-8032,Guediawaye,Services,926382.0,-65.54421058020236,96,86.0,0
SN-8033,Parcelles Assainies,Électronique,815335.0,13.082943932573992,163,75.0,0
SN-8034,Ouakam,Alimentation,1203214.0,-6.913415336040471,10,55.0,0
SN-8035,Yoff,Services,1498312.0,-32.91319121598341,135,24.0,0
SN-8036,PIKINE,Habillement,1159007.0,-23.66634027885235,191,32.0,0
SN-8037,Parcelles Assainies,Électronique,597488.0,-7.927932186570178,150,29.0,0
SN-8038,Pikine,Habillement,536147.0,8.870730279403197,64,79.0,1
SN-8039,PIKINE,Restauration,1698589.0,-3.3310412525138977,33,93.0,0
SN-8040,Guediawaye,Habillement,1488653.0,-1.4360722628300902,30,21.0,0
SN-8041,Parcelles Assainies,nan,1292833.0,-28.346630510192913,81,54.0,0
SN-8042,Yoff,Électronique,569685.0,23.624297820979155,1,89.0,0
SN-8043,Marché Sandaga,Services,901310.0,2.2142921269628997,129,47.0,0
SN-8044,Pikine,Électronique,940843.0,8.26592401265932,30,17.0,0
SN-8045, Pikine ,Alimentation,588134.0,,51,97.0,0
SN-8046,Parcelles Assainies,Électronique,1597927.0,,28,101.0,0
SN-8047,Marche Sandaga,nan,284927.0,3.8008436991872996,107,65.0,0
SN-8048, Pikine ,Restauration,1820086.0,-8.521825112253673,141,16.0,0
SN-8049,Guediawaye,Habillement,379944.0,2.353341446073178,172,28.0,1
SN-8050, Pikine ,Habillement,1023101.0,-15.800524801945986,120,42.0,0
SN-8051,Pikine,Électronique,1695380.0,6.586974824661419,49,71.0,0
SN-8052,Guediawaye,Habillement,693923.0,-37.84903091324084,135,47.0,0
SN-8053,Yoff,Habillement,1409612.0,13.544005136775192,140,105.0,0
SN-8054,PIKINE,Alimentation,1908404.0,-9.419361041507772,86,58.0,0
SN-8055, Pikine ,Alimentation,565880.0,18.001302812417865,91,104.0,1
SN-8056,PIKINE,Habillement,1470951.0,-7.798773145109285,72,102.0,0
SN-8057,Marché Sandaga,Électronique,719782.0,8.574175003296432,18,91.0,1
SN-8058, Pikine ,Habillement,594340.0,-25.749760722500117,190,4.0,0
SN-8059,Marché Sandaga,Services,1340057.0,20.272253922217864,157,72.0,0
SN-8060,Yoff,Services,1665197.0,-17.983600750840385,145,103.0,0
SN-8061,Yoff,Restauration,989114.0,11.804670135091907,39,97.0,1
SN-8062,Marche Sandaga,Électronique,1474833.0,-12.813297944109365,129,68.0,0
SN-8063,Guediawaye,Alimentation,1608430.0,13.648585706529136,136,86.0,0
SN-8064, Pikine ,Alimentation,1896513.0,-1.2572166425388795,152,82.0,0
SN-8065,Guediawaye,Alimentation,235713.0,-18.687222569417067,15,103.0,1
SN-8066,Medina,Alimentation,1440323.0,22.05737218365123,56,5.0,0
SN-8067,PIKINE,Services,1841725.0,19.239757586996067,97,112.0,0
SN-8068,Medina,Habillement,1896229.0,-5.870442592756174,36,88.0,0
SN-8069,Parcelles Assainies,Électronique,1810237.0,18.19800487853217,180,60.0,0
SN-8070,Pikine,Électronique,1328493.0,28.497785318943933,78,101.0,0
SN-8071,Marche Sandaga,Alimentation,379205.0,13.633588193297427,161,13.0,0
SN-8072,Parcelles Assainies,Alimentation,627582.0,35.988588422643815,198,105.0,0
SN-8073,Guediawaye,Alimentation,977489.0,0.828803290719716,80,62.0,0
SN-8074,PIKINE,nan,1553435.0,18.79832490043967,179,103.0,0
SN-8075,Yoff,Restauration,1831950.0,-0.5907648184029104,6,35.0,1
SN-8076,Yoff,Alimentation,1421997.0,-14.857518079474296,124,116.0,0
SN-8077,Ouakam,Habillement,1895361.0,-26.4271969123719,147,9.0,0
SN-8078,PIKINE,Électronique,1672347.0,11.622160518487291,77,38.0,0
SN-8079,Ouakam,Électronique,434475.0,-15.914431633788503,127,29.0,0
SN-8080,Parcelles Assainies,Restauration,1631285.0,-26.58990589166677,162,8.0,0
SN-8081,Medina,nan,257776.0,,56,10.0,1
SN-8082,Yoff,Restauration,359081.0,42.70917286355538,165,12.0,0
SN-8083,Medina,Alimentation,370653.0,19.65476323916842,125,1.0,1
SN-8084,Marché Sandaga,Électronique,347687.0,-11.75080906176568,154,42.0,0
SN-8085,Medina,Électronique,1280905.0,18.220554879148033,196,33.0,0
SN-8086,Ouakam,Restauration,372799.0,-19.960260095873267,27,71.0,1
SN-8087,Parcelles Assainies,Restauration,1374417.0,9.849254148992499,15,81.0,0
SN-8088,Medina,Électronique,529043.0,24.278447696367046,8,3.0,1
SN-8089,Parcelles Assainies,Alimentation,1812954.0,-22.700235220954347,132,57.0,1
SN-8090,Medina,Alimentation,1729418.0,21.84576929120889,71,60.0,0
SN-8091,Ouakam,Électronique,1845403.0,-25.8964103209698,145,89.0,0
SN-8092,Parcelles Assainies,Électronique,855341.0,-1.1169429426971167,177,38.0,0
SN-8093,Ouakam,Alimentation,760346.0,-6.82871752497358,77,67.0,0
SN-8094,Yoff,Alimentation,1859406.0,-3.098114442696895,35,67.0,0
SN-8095,Ouakam,Services,1763161.0,7.516492267212332,94,28.0,0
SN-8096,Guediawaye,Alimentation,382305.0,15.782829908675982,69,25.0,0
SN-8097,Marché Sandaga,Alimentation,502703.0,-0.6237570246701962,114,48.0,0
SN-8098,Guediawaye,Habillement,1136329.0,,123,23.0,0
SN-8099,Marche Sandaga,Habillement,477138.0,-0.7868946895879875,198,112.0,0
SN-8100,Marche Sandaga,Habillement,527375.0,26.026684476810452,4,-5.0,1
SN-8101,Marché Sandaga,Restauration,389426.0,19.48909248296219,86,93.0,0
SN-8102,Marche Sandaga,Services,128352.0,-28.61363336206108,60,93.0,0
SN-8103,Parcelles Assainies,Électronique,1700480.0,-2.0581671735794123,136,98.0,0
SN-8104,Parcelles Assainies,Alimentation,1697352.0,-16.905033879797408,154,23.0,0
SN-8105,Medina,Habillement,80800.0,11.028416440383019,6,60.0,0
SN-8106,Ouakam,nan,1330798.0,33.5327409427304,149,51.0,0
SN-8107,Ouakam,Alimentation,1127990.0,-19.484585151191105,118,70.0,0
SN-8108,PIKINE,Restauration,1180444.0,5.046549604138329,147,72.0,0
SN-8109,Marche Sandaga,Restauration,254261.0,17.109012123192564,176,63.0,1
SN-8110,Yoff,Alimentation,67033.0,-15.650428776833895,134,29.0,0
SN-8111,Marche Sandaga,Alimentation,1929379.0,-1.7459395213379192,126,51.0,0
SN-8112,Medina,Électronique,669938.0,-6.004864106218255,182,14.0,1
SN-8113,Marche Sandaga,Habillement,397179.0,12.80470802589629,182,1.0,1
SN-8114,Yoff,Habillement,241113.0,42.54373141003099,15,56.0,0
SN-8115,Pikine,Services,1137967.0,,24,74.0,0
SN-8116,Parcelles Assainies,Alimentation,581532.0,-22.11462835484005,185,28.0,1
SN-8117,Ouakam,Électronique,135714.0,9.817806037400285,111,101.0,0
SN-8118,Medina,Habillement,1739724.0,-0.6229225660498532,62,-4.0,0
SN-8119, Pikine ,nan,1326588.0,19.9927327333445,181,51.0,0
SN-8120,Parcelles Assainies,Électronique,678741.0,-27.487825882674528,130,-4.0,0
SN-8121,Marché Sandaga,nan,834873.0,6.032475854175717,78,8.0,1
SN-8122,Guediawaye,Services,1006269.0,-9.362942030402916,173,101.0,0
SN-8123,Parcelles Assainies,Alimentation,1302981.0,-4.4736811882795,199,91.0,0
SN-8124,Guediawaye,Restauration,286503.0,-11.499257715586367,89,46.0,1
SN-8125,Medina,Services,546333.0,-2.137910088024409,10,114.0,0
SN-8126,Marche Sandaga,Habillement,1720892.0,,96,98.0,0
SN-8127,Ouakam,Services,296639.0,8.300455576647511,76,100.0,0
SN-8128,Parcelles Assainies,Habillement,787976.0,19.258715250964173,191,13.0,0
SN-8129, Pikine ,Électronique,1634314.0,-39.070278968190514,14,4.0,1
SN-8130,Yoff,Habillement,1239366.0,9.963669662807323,84,85.0,0
SN-8131,PIKINE,nan,1459505.0,,149,54.0,0
SN-8132,Pikine,Restauration,934906.0,34.895854598334125,143,91.0,0
SN-8133,Ouakam,Services,1917332.0,-15.3652751602152,112,117.0,0
SN-8134,Pikine,Alimentation,68697.0,-11.520406367455095,99,94.0,0
SN-8135,Parcelles Assainies,Restauration,123974.0,-24.039522721538514,12,42.0,1
SN-8136,Ouakam,Habillement,297292.0,-2.907946212948716,70,108.0,0
SN-8137,Marché Sandaga,Alimentation,1955017.0,-8.639593722234611,75,21.0,0
SN-8138,Yoff,Restauration,107932.0,6.228295583694444,51,61.0,0
SN-8139,Yoff,Électronique,219564.0,-8.793055311251942,27,88.0,0
SN-8140,Guediawaye,Restauration,1784605.0,-1.892104885960304,183,49.0,0
SN-8141,Pikine,Habillement,1332537.0,-20.57301505647655,66,50.0,0
SN-8142,Marché Sandaga,Services,139398.0,19.5232145025065,145,-3.0,1
SN-8143,Marché Sandaga,Habillement,499844.0,-52.005515973931196,112,60.0,0
SN-8144,Pikine,Restauration,58648.0,10.795513548184308,132,93.0,0
SN-8145, Pikine ,nan,1830410.0,-0.7234558356958458,187,79.0,0
SN-8146,Parcelles Assainies,Services,874931.0,21.044191575407787,121,16.0,0
SN-8147,Pikine,Électronique,761968.0,36.24196263382978,146,94.0,0
SN-8148,Marche Sandaga,Restauration,1006466.0,7.891728930259902,90,13.0,0
SN-8149,Parcelles Assainies,Électronique,40257.0,-25.25628248854062,137,13.0,1
SN-8150, Pikine ,Électronique,1003544.0,4.471934889965122,133,91.0,0
SN-8151,Guediawaye,Électronique,43809.0,-27.676574843645657,148,84.0,1
SN-8152,Yoff,Services,521269.0,10.685287317107935,163,63.0,1
SN-8153,Yoff,Alimentation,1227668.0,11.890834440344806,117,106.0,0
SN-8154, Pikine ,Habillement,5661.0,10.414399290265582,70,40.0,1
SN-8155,Medina,Restauration,420940.0,-19.034317087365054,81,85.0,0
SN-8156,Ouakam,Habillement,477881.0,16.469863463587973,6,102.0,1
SN-8157,Guediawaye,Services,378701.0,-13.978099941471502,112,117.0,0
SN-8158,Parcelles Assainies,Électronique,424508.0,-17.3931152022876,43,25.0,0
SN-8159,Yoff,Services,1947664.0,-16.132273692860785,56,104.0,0
SN-8160,Ouakam,Habillement,455442.0,-4.285284636463906,82,4.0,1
SN-8161,Guediawaye,Électronique,490201.0,1.9692969422986815,20,59.0,0
SN-8162,Ouakam,Électronique,1165467.0,-0.8037633785009131,150,73.0,0
SN-8163,Guediawaye,Services,456499.0,26.849709677400703,32,46.0,0
SN-8164,Marche Sandaga,Services,1173704.0,22.28631872984586,83,48.0,0
SN-8165,Ouakam,Services,800400.0,4.683940563925374,160,100.0,0
SN-8166,Yoff,Électronique,1144809.0,-21.811434498645262,133,74.0,1
SN-8167,PIKINE,nan,1337743.0,-26.846562341421695,115,85.0,0
SN-8168,Marché Sandaga,Électronique,662843.0,22.616504199121863,156,35.0,0
SN-8169,Parcelles Assainies,Restauration,705765.0,19.56086345682161,42,40.0,0
SN-8170,Parcelles Assainies,Restauration,39970.0,-5.641374592839133,170,84.0,1
SN-8171,Marché Sandaga,Services,970195.0,-0.5956669933799094,75,118.0,0
SN-8172,Marche Sandaga,Électronique,1379700.0,-21.90060515150883,49,74.0,0
SN-8173,Parcelles Assainies,Électronique,1384236.0,9.484328274728647,92,94.0,0
SN-8174,Marche Sandaga,Alimentation,778525.0,-50.42579547176618,38,24.0,0
SN-8175,Ouakam,Services,864189.0,62.457477196696814,7,70.0,0
SN-8176, Pikine ,Alimentation,1613847.0,15.184301336632128,172,72.0,0
SN-8177,Pikine,Électronique,1083973.0,8.683063213649973,171,25.0,0
SN-8178,PIKINE,Services,22068.0,,118,20.0,1
SN-8179,Marche Sandaga,Services,102961.0,-10.342293519923372,95,19.0,1
SN-8180,Parcelles Assainies,Habillement,1976583.0,2.9728175206398975,61,107.0,0
SN-8181,Parcelles Assainies,Habillement,822996.0,11.639521964770005,155,119.0,0
SN-8182,Marche Sandaga,Habillement,262393.0,4.663698634584709,190,87.0,0
SN-8183,Medina,Alimentation,1152398.0,0.825723388940191,103,50.0,0
SN-8184,PIKINE,Habillement,1737984.0,-21.690620780278046,111,-3.0,0
SN-8185,Ouakam,Électronique,471006.0,23.35295849396563,104,18.0,1
SN-8186,Guediawaye,nan,70400.0,-2.2473461191894293,128,-4.0,1
SN-8187,Parcelles Assainies,Habillement,1609572.0,,190,76.0,0
SN-8188,Ouakam,Restauration,1553346.0,5.398502212809197,58,37.0,0
SN-8189,Marche Sandaga,Restauration,1545230.0,3.9080563892396096,135,87.0,0
SN-8190,Marche Sandaga,Alimentation,240224.0,,5,39.0,1
SN-8191,Parcelles Assainies,nan,1316647.0,,199,23.0,0
SN-8192,Ouakam,Électronique,1961073.0,-19.891782674180917,165,39.0,0
SN-8193,Pikine,Alimentation,1187374.0,6.073152786090077,77,61.0,0
SN-8194,Parcelles Assainies,Habillement,708549.0,-18.737030790845594,126,5.0,1
SN-8195,Marche Sandaga,Services,535457.0,30.29678623327337,179,88.0,0
SN-8196,Parcelles Assainies,Électronique,808291.0,,80,87.0,0
SN-8197,Marché Sandaga,Électronique,1869676.0,1.6595666422563387,166,105.0,0
SN-8198,Marche Sandaga,Habillement,752390.0,18.96511266328122,131,92.0,0
SN-8199,PIKINE,nan,999931.0,1.305476347704131,15,2.0,0
SN-8200,Pikine,Restauration,1695325.0,-13.266594836118514,37,89.0,0
SN-8201,PIKINE,nan,1504946.0,-1.1112197695769739,29,63.0,0
SN-8202,PIKINE,Habillement,363829.0,32.86612096330827,81,2.0,0
SN-8203, Pikine ,Restauration,97642.0,-24.500860210083438,194,75.0,0
SN-8204,Medina,Restauration,848972.0,,4,68.0,0
SN-8205,Medina,Restauration,289627.0,-20.892107925248133,102,118.0,0
SN-8206,Pikine,Restauration,267845.0,-15.35783573274368,61,59.0,0
SN-8207,Guediawaye,Alimentation,870755.0,-12.180986293952461,36,21.0,0
SN-8208,Yoff,Restauration,1920995.0,-1.897007006417045,163,83.0,0
SN-8209,Pikine,Services,772563.0,-9.122265368602623,116,34.0,0
SN-8210,Pikine,Restauration,1421981.0,-9.321821417937775,19,109.0,0
SN-8211,Medina,Électronique,1137934.0,43.64125529723398,88,78.0,0
SN-8212,Parcelles Assainies,Alimentation,1374416.0,,57,55.0,0
SN-8213,PIKINE,Électronique,1898575.0,-36.8093315113076,164,56.0,0
SN-8214,Marché Sandaga,Électronique,1096304.0,-18.967207559877238,167,22.0,0
SN-8215,Parcelles Assainies,nan,1624899.0,22.68268911263371,98,31.0,0
SN-8216,Ouakam,Électronique,962845.0,6.309457969948039,29,101.0,0
SN-8217,Marche Sandaga,Restauration,1485020.0,1.7588766672023795,62,24.0,0
SN-8218,PIKINE,Restauration,354811.0,12.994838379331545,21,55.0,0
SN-8219,Marché Sandaga,Alimentation,1960787.0,-30.250209383547908,10,36.0,0
SN-8220,PIKINE,Alimentation,1959713.0,1.0064949170692274,78,21.0,0
SN-8221,Marché Sandaga,Habillement,1265106.0,-12.83295141856161,29,44.0,1
SN-8222, Pikine ,Restauration,407758.0,-15.459153458446691,109,68.0,1
SN-8223,Yoff,Services,634416.0,-18.670475036311267,158,51.0,0
SN-8224,Pikine,Restauration,1307545.0,16.975669349751104,180,25.0,0
SN-8225,Marche Sandaga,Électronique,1988072.0,19.755991690957224,134,53.0,0
SN-8226,Guediawaye,Restauration,1197579.0,6.617733970906519,55,98.0,0
SN-8227,Pikine,Habillement,1411436.0,17.022856826376184,154,9.0,0
SN-8228,Marche Sandaga,Électronique,468499.0,-30.872360151431497,161,12.0,0
SN-8229,Medina,Habillement,38736.0,,159,-5.0,1
SN-8230,Marche Sandaga,Alimentation,48795.0,20.183276991643808,96,88.0,0
SN-8231,Marché Sandaga,Habillement,583203.0,16.576556878017872,72,113.0,0
SN-8232,PIKINE,Restauration,63051.0,-7.510481603569239,25,76.0,1
SN-8233,Pikine,Habillement,493693.0,-6.385704717824671,114,103.0,1
SN-8234,Marche Sandaga,Restauration,1341724.0,1.6763088745929964,77,112.0,0
SN-8235, Pikine ,Habillement,1090064.0,46.35961216115189,7,56.0,0
SN-8236,Ouakam,Restauration,1325955.0,-19.244657372253997,163,8.0,1
SN-8237,Marche Sandaga,Habillement,1774667.0,7.163416847937796,89,73.0,0
SN-8238,Yoff,Électronique,785668.0,-17.14203683958174,112,71.0,0
SN-8239,Ouakam,Alimentation,749252.0,-29.30860396895245,194,-3.0,0
SN-8240, Pikine ,nan,645754.0,4.886172156643227,57,57.0,1
SN-8241, Pikine ,Habillement,1438920.0,-11.799156128575559,70,118.0,0
SN-8242,Parcelles Assainies,Restauration,1647796.0,-16.30929157820522,186,69.0,0
SN-8243,Yoff,Restauration,1904939.0,-13.17409703085844,40,61.0,0
SN-8244,Medina,Restauration,142977.0,28.580246407000406,187,23.0,0
SN-8245, Pikine ,Restauration,491521.0,-2.2684393932432574,14,19.0,1
SN-8246,Ouakam,nan,296308.0,,20,73.0,0
SN-8247,Ouakam,Restauration,1971053.0,42.495926656299766,174,83.0,0
SN-8248,Medina,Électronique,626332.0,-14.169705160370885,55,82.0,0
SN-8249,Marche Sandaga,Restauration,1154613.0,1.5661753979929145,118,56.0,1
SN-8250,Medina,Services,1392301.0,-2.270282966083229,124,26.0,0
SN-8251,Marché Sandaga,Alimentation,279852.0,16.640206057475353,172,20.0,0
SN-8252,Guediawaye,Restauration,999248.0,26.786625118886917,38,101.0,0
SN-8253,Ouakam,Alimentation,1935247.0,9.415971543422595,125,-1.0,0
SN-8254,Marché Sandaga,Alimentation,175158.0,-12.922587827585627,176,111.0,1
SN-8255,Ouakam,Électronique,1545463.0,-1.6805370220253977,51,87.0,0
SN-8256,Marché Sandaga,Électronique,505405.0,11.185764418508533,5,62.0,1
SN-8257,Marche Sandaga,Restauration,1819960.0,-8.928045589873658,73,52.0,0
SN-8258, Pikine ,Habillement,838284.0,-5.516100311592643,161,6.0,1
SN-8259,Ouakam,Habillement,1338670.0,-14.64863932994855,156,82.0,0
SN-8260,Marche Sandaga,Habillement,380939.0,-9.37066304636258,129,94.0,0
SN-8261,Marche Sandaga,Services,1723145.0,-31.68290710060406,26,102.0,0
SN-8262,Marché Sandaga,Habillement,123577.0,-4.540302888613799,27,25.0,0
SN-8263,PIKINE,Électronique,576330.0,28.37131821067366,39,21.0,0
SN-8264,Marche Sandaga,Habillement,1413588.0,12.932436076448063,127,94.0,0
SN-8265,Guediawaye,Électronique,617314.0,10.724168893209283,37,76.0,0
SN-8266,Pikine,Alimentation,354968.0,17.990938704253374,194,74.0,0
SN-8267,Ouakam,Services,1788453.0,-24.17916421017725,127,12.0,0
SN-8268,Marche Sandaga,Habillement,1182817.0,30.95937666303314,83,30.0,0
SN-8269,Medina,Alimentation,1755107.0,,81,4.0,0
SN-8270,PIKINE,Alimentation,212426.0,11.87173039657958,169,94.0,0
SN-8271, Pikine ,Alimentation,97029.0,28.075990073574225,121,11.0,1
SN-8272,Parcelles Assainies,Alimentation,1696236.0,-23.319955425925997,184,119.0,0
SN-8273,Ouakam,Alimentation,1261026.0,-10.722582476488983,146,117.0,0
SN-8274,Pikine,Alimentation,1276753.0,-19.835930673449102,117,53.0,0
SN-8275,Pikine,Alimentation,344361.0,-2.338435732589608,71,116.0,0
SN-8276,Yoff,Restauration,31281.0,47.41113118924228,154,81.0,0
SN-8277,Pikine,nan,836857.0,-19.15144300577591,32,26.0,0
SN-8278,Medina,Électronique,394074.0,33.19163196719958,70,56.0,0
SN-8279,Medina,Habillement,1285133.0,-21.22495173489363,134,30.0,0
SN-8280,PIKINE,Habillement,788322.0,5.979251869724225,83,24.0,1
SN-8281,Parcelles Assainies,Électronique,1859602.0,16.609474836222862,100,48.0,0
SN-8282,Marche Sandaga,Services,434668.0,-44.46058668505178,86,37.0,1
SN-8283,Parcelles Assainies,Services,1752825.0,-7.341451259400364,134,111.0,0
SN-8284,Marché Sandaga,Services,1055778.0,8.28609669820231,84,-3.0,0
SN-8285,Yoff,Habillement,859142.0,10.902431034118589,144,8.0,0
SN-8286,Ouakam,Habillement,1974119.0,14.5990910473217,93,72.0,0
SN-8287,Yoff,Électronique,1339284.0,-24.899123001408583,12,58.0,0
SN-8288,Marché Sandaga,Habillement,944769.0,2.4832572528761014,87,-1.0,0
SN-8289, Pikine ,Habillement,759290.0,-24.80468000021021,188,53.0,1
SN-8290,Medina,Restauration,1271602.0,46.53346705551524,25,-3.0,0
SN-8291, Pikine ,Restauration,678209.0,10.332889120301408,2,87.0,0
SN-8292,PIKINE,Alimentation,229376.0,12.67607377128411,53,-3.0,1
SN-8293,Ouakam,Restauration,1107753.0,-20.386035401502397,155,83.0,0
SN-8294, Pikine ,Habillement,1035795.0,-14.271524740477084,14,55.0,0
SN-8295, Pikine ,Restauration,1522798.0,-21.33120231658048,87,86.0,0
SN-8296,Guediawaye,Électronique,1768263.0,-45.783416855914425,120,72.0,0
SN-8297,Pikine,Électronique,641438.0,-6.46337605234357,162,50.0,0
SN-8298,Marché Sandaga,Électronique,1591060.0,-2.5269450990077407,51,80.0,0
SN-8299,Pikine,nan,340031.0,49.679430304363414,128,0.0,0
SN-8300,Guediawaye,Alimentation,573349.0,4.70507881862027,129,69.0,0
SN-8301,Parcelles Assainies,Alimentation,784716.0,6.729484713839081,99,65.0,1
SN-8302,Pikine,Alimentation,888663.0,3.634621886540455,50,29.0,0
SN-8303,Ouakam,Services,545021.0,37.28332217504362,113,4.0,1
SN-8304,Marché Sandaga,Restauration,714346.0,-10.70311629840807,93,116.0,0
SN-8305,Ouakam,Alimentation,121307.0,-12.16602663726584,88,18.0,1
SN-8306,Guediawaye,Habillement,866567.0,-30.249446623282775,43,64.0,0
SN-8307,PIKINE,Alimentation,755540.0,14.098750570843956,189,83.0,0
SN-8308,Pikine,Alimentation,798063.0,4.615257868046754,163,75.0,0
SN-8309,PIKINE,Services,1937727.0,,185,65.0,0
SN-8310,PIKINE,Restauration,1017715.0,-5.350305625494231,132,68.0,0
SN-8311,Medina,Services,1729492.0,-38.39990662414829,169,47.0,0
SN-8312,Ouakam,Électronique,429513.0,9.07049273515848,50,97.0,0
SN-8313, Pikine ,Électronique,1026362.0,8.667878985257634,97,88.0,0
SN-8314,Yoff,Électronique,1096751.0,-11.552584966294411,71,74.0,0
SN-8315,Marche Sandaga,Services,809508.0,-0.9016643315632367,36,12.0,1
SN-8316, Pikine ,Restauration,1679410.0,,151,99.0,0
SN-8317,Guediawaye,Électronique,361242.0,-17.869333272675618,31,77.0,0
SN-8318,Medina,Services,627311.0,-7.297173708049369,146,61.0,0
SN-8319,Yoff,Alimentation,1343196.0,-8.131858720676425,113,18.0,1
SN-8320,Medina,Restauration,859107.0,12.933117205895366,193,73.0,0
SN-8321,Medina,Alimentation,1362684.0,,90,14.0,1
SN-8322, Pikine ,Services,260497.0,17.440867522693637,187,33.0,0
SN-8323,Parcelles Assainies,Restauration,1081513.0,10.81151364660916,100,101.0,0
SN-8324,Guediawaye,Restauration,493786.0,26.565957776940067,157,99.0,0
SN-8325,PIKINE,Services,1920855.0,11.336329244128633,17,79.0,0
SN-8326,Medina,Services,1628266.0,-11.198299904003026,195,24.0,0
SN-8327,Parcelles Assainies,Habillement,958638.0,9.460524369803968,13,105.0,0
SN-8328,Parcelles Assainies,nan,1718071.0,-7.684529167125498,181,109.0,0
SN-8329,Medina,Restauration,8061.0,-17.95799388135241,171,90.0,0
SN-8330,Medina,Habillement,494071.0,12.824678801554498,164,45.0,0
SN-8331, Pikine ,Alimentation,470943.0,-5.893488169830352,73,12.0,0
SN-8332,Parcelles Assainies,Électronique,788047.0,,43,75.0,0
SN-8333,Marché Sandaga,Alimentation,1176062.0,-30.231318692325566,59,95.0,0
SN-8334,Parcelles Assainies,Habillement,1572793.0,-12.701525403332763,61,97.0,0
SN-8335,Guediawaye,Habillement,1976945.0,17.111845385622615,50,109.0,0
SN-8336,Medina,Électronique,625251.0,-3.2443633722460685,115,12.0,1
SN-8337,Pikine,Restauration,840960.0,-5.1260851622450865,120,78.0,0
SN-8338,Yoff,Services,1271972.0,-17.560356015396692,120,63.0,0
SN-8339,Yoff,Électronique,708302.0,27.934337958158217,90,27.0,1
SN-8340,PIKINE,Alimentation,1734379.0,10.587778223628126,73,38.0,0
SN-8341, Pikine ,Alimentation,1013850.0,-12.795047655655443,86,70.0,0
SN-8342,PIKINE,Services,1304754.0,0.22899963171656046,187,24.0,0
SN-8343,Yoff,Habillement,1676110.0,3.118503922128353,174,33.0,0
SN-8344,Guediawaye,Restauration,1197959.0,-25.837645442603403,53,101.0,0
SN-8345,Yoff,Alimentation,328338.0,,70,107.0,1
SN-8346,Pikine,Habillement,1328955.0,,25,7.0,0
SN-8347,Guediawaye,Alimentation,1977804.0,6.8236113645729475,61,105.0,0
SN-8348,Yoff,Services,910143.0,-52.86811561275797,30,70.0,0
SN-8349,Medina,Habillement,1781104.0,28.211949466417213,69,16.0,0
SN-8350,Pikine,Services,973817.0,-36.847487321339734,99,22.0,0
SN-8351,Yoff,Habillement,546438.0,1.7971574143650804,84,97.0,0
SN-8352,Pikine,Alimentation,1684024.0,14.289310651625758,86,18.0,0
SN-8353, Pikine ,Habillement,656762.0,,18,40.0,1
SN-8354,Ouakam,Restauration,774504.0,-31.24881347567022,69,1.0,0
SN-8355,Guediawaye,Électronique,601979.0,21.926914354293366,141,77.0,0
SN-8356,Ouakam,Habillement,725980.0,2.524092781779184,89,95.0,0
SN-8357,Parcelles Assainies,Électronique,796926.0,43.82590361695033,51,86.0,0
SN-8358,Marché Sandaga,Habillement,63693.0,-17.344281915184407,185,59.0,0
SN-8359,Marché Sandaga,nan,1955334.0,5.102606622667812,198,51.0,0
SN-8360,Ouakam,Alimentation,1729634.0,-11.538055406993378,2,51.0,0
SN-8361, Pikine ,Habillement,251464.0,1.069661816826763,118,83.0,0
SN-8362,Medina,Électronique,1568146.0,-0.6937086769400518,25,96.0,0
SN-8363,Medina,Alimentation,1777406.0,15.377736254645768,163,20.0,1
SN-8364,Guediawaye,Électronique,596492.0,-26.1110478517198,127,116.0,0
SN-8365,Guediawaye,nan,972039.0,4.319013468313723,190,106.0,1
SN-8366,Ouakam,Électronique,546156.0,27.191467113634754,198,103.0,1
SN-8367,Pikine,Habillement,199058.0,-20.473000985467642,136,0.0,1
SN-8368,Medina,Services,991876.0,-0.7959165214490315,115,0.0,1
SN-8369,Ouakam,Électronique,1038635.0,8.467997849907098,184,4.0,1
SN-8370,PIKINE,Alimentation,1559467.0,-25.192343750157722,37,100.0,0
SN-8371,Marché Sandaga,Habillement,13549.0,,72,93.0,0
SN-8372, Pikine ,Habillement,1755994.0,-15.969563626879593,147,108.0,0
SN-8373,PIKINE,Habillement,1316764.0,22.415760816289556,72,27.0,0
SN-8374,Parcelles Assainies,Alimentation,1052561.0,17.471548662700535,184,16.0,1
SN-8375,PIKINE,Électronique,107907.0,-18.802263075278663,39,55.0,1
SN-8376,Guediawaye,Restauration,1497510.0,17.494037982822054,177,85.0,0
SN-8377,Pikine,Alimentation,1304973.0,4.273566344246616,81,87.0,1
SN-8378,PIKINE,Électronique,382032.0,31.62430862200654,177,84.0,0
SN-8379,Marche Sandaga,Électronique,1823715.0,-12.0129803940289,131,14.0,0
SN-8380,Marche Sandaga,Services,581321.0,,124,67.0,1
SN-8381,Pikine,Habillement,1159179.0,11.968130195107307,60,82.0,0
SN-8382,Parcelles Assainies,Habillement,1258072.0,16.267676204513567,26,19.0,0
SN-8383,Guediawaye,Habillement,5700.0,-33.09240428055786,138,68.0,1
SN-8384,Parcelles Assainies,Électronique,824906.0,-13.421698598320525,41,100.0,0
SN-8385,PIKINE,Électronique,1850580.0,,100,85.0,0
SN-8386,Ouakam,Habillement,1086456.0,-8.647711808719395,148,81.0,1
SN-8387,Parcelles Assainies,Services,1783252.0,-3.2170365595307864,46,43.0,0
SN-8388,PIKINE,Habillement,1270047.0,39.694095125802335,136,0.0,0
SN-8389,PIKINE,Services,553545.0,-31.647056397760032,113,98.0,0
SN-8390,Medina,Alimentation,1341761.0,-38.02657164266863,102,81.0,0
SN-8391,Guediawaye,Alimentation,465134.0,16.874225912832408,195,94.0,1
SN-8392,Ouakam,Restauration,1318301.0,-21.343075192479915,123,21.0,0
SN-8393,Ouakam,Électronique,422547.0,-14.35549993646633,10,20.0,1
SN-8394,Pikine,Restauration,851313.0,22.843660289677818,61,30.0,0
SN-8395, Pikine ,Électronique,95189.0,-4.749048967379747,61,96.0,0
SN-8396,Ouakam,Habillement,337931.0,-36.03468657775175,92,48.0,0
SN-8397,PIKINE,Habillement,1733876.0,39.626686251716485,75,43.0,0
SN-8398,PIKINE,Alimentation,1513030.0,-4.448746492868091,159,49.0,0
SN-8399,Ouakam,Alimentation,1617563.0,-25.60364008952774,10,119.0,0
SN-8400,Pikine,Électronique,191502.0,12.091318266427596,140,44.0,0
SN-8401,Marche Sandaga,Habillement,1464166.0,36.73882227462986,23,34.0,1
SN-8402,Marche Sandaga,nan,1360292.0,1.373537324303008,102,9.0,0
SN-8403,Guediawaye,Électronique,1520325.0,,129,29.0,0
SN-8404,PIKINE,Habillement,824604.0,-7.670448683162597,113,109.0,0
SN-8405,Marché Sandaga,Habillement,1335530.0,-5.059640790180429,86,12.0,0
SN-8406,Pikine,Alimentation,382044.0,14.33712214686989,14,54.0,0
SN-8407,Medina,Restauration,1323446.0,,144,1.0,0
SN-8408,Parcelles Assainies,Alimentation,1529354.0,2.1549617251091218,152,24.0,0
SN-8409,Marché Sandaga,Restauration,1940961.0,-13.3730160557981,49,84.0,0
SN-8410,PIKINE,Alimentation,1827935.0,-8.599231054057453,186,97.0,0
SN-8411,Marché Sandaga,Restauration,1483367.0,13.105658031475462,67,36.0,0
SN-8412, Pikine ,Restauration,357776.0,31.225821461804873,47,41.0,1
SN-8413,Medina,Alimentation,529281.0,-23.61778622313938,125,99.0,1
SN-8414,Ouakam,Alimentation,1516233.0,-26.816074944341054,11,91.0,0
SN-8415,Medina,Habillement,1331988.0,8.344257605903978,151,100.0,0
SN-8416,Ouakam,Restauration,510841.0,-9.465538173300923,21,109.0,0
SN-8417, Pikine ,Habillement,794535.0,-5.0854931349376065,110,2.0,1
SN-8418,Marché Sandaga,Restauration,1980593.0,-7.358283941708818,112,119.0,0
SN-8419,Medina,Électronique,661002.0,13.575454924809973,1,22.0,1
SN-8420,PIKINE,Habillement,1967476.0,40.23596171810172,197,87.0,0
SN-8421,Parcelles Assainies,Électronique,807765.0,17.33168686431377,158,33.0,1
SN-8422,Guediawaye,Restauration,696504.0,-2.6852351157009147,104,11.0,1
SN-8423,Parcelles Assainies,nan,870607.0,3.3799222981636676,125,62.0,0
SN-8424,Parcelles Assainies,Électronique,1419882.0,-12.628506254543721,117,116.0,0
SN-8425,Medina,Services,35493.0,25.421742515878037,185,30.0,0
SN-8426,Marche Sandaga,Habillement,204347.0,1.462930695550662,197,111.0,0
SN-8427,Medina,Habillement,1567780.0,20.132764286288413,97,-5.0,0
SN-8428,Yoff,Services,526344.0,,30,54.0,0
SN-8429,Ouakam,Alimentation,1674302.0,-13.725434268383886,1,49.0,0
SN-8430, Pikine ,Services,678808.0,-10.78361523498921,166,11.0,1
SN-8431,PIKINE,Alimentation,1810652.0,10.241542303641197,68,89.0,0
SN-8432,PIKINE,Habillement,1234530.0,-32.93404850521402,62,37.0,0
SN-8433,Guediawaye,Alimentation,1399040.0,15.980223752663393,197,104.0,0
SN-8434,Marche Sandaga,Restauration,1686218.0,46.07567294678273,99,3.0,0
SN-8435,PIKINE,Habillement,1408469.0,19.194248612270254,146,75.0,0
SN-8436,Yoff,Services,1525650.0,26.275926562646337,178,54.0,0
SN-8437,Pikine,Alimentation,227441.0,15.214598609891773,38,111.0,0
SN-8438,Pikine,Alimentation,1821536.0,14.72023971378519,58,117.0,0
SN-8439,PIKINE,Alimentation,1888800.0,18.055929223392987,152,113.0,0
SN-8440,Medina,Habillement,1965788.0,-6.8219165988706845,106,-3.0,0
SN-8441,Pikine,Services,1782503.0,-18.246423717480972,46,79.0,0
SN-8442,Medina,Alimentation,1142696.0,-2.8084023724780867,102,3.0,0
SN-8443,Marche Sandaga,Habillement,1331540.0,-20.525174693541604,34,60.0,0
SN-8444, Pikine ,nan,740975.0,22.78116951860415,32,55.0,1
SN-8445,Yoff,Services,1238051.0,28.831178892727802,146,110.0,0
SN-8446,Guediawaye,Services,389483.0,20.55469671335299,167,44.0,1
SN-8447,Yoff,Restauration,1936104.0,-21.6489921739727,15,112.0,0
SN-8448,Yoff,Électronique,1541861.0,19.796686080505438,186,83.0,0
SN-8449,Medina,Restauration,412490.0,14.141275315190194,149,29.0,1
SN-8450,Parcelles Assainies,Habillement,1547141.0,18.086159894629805,134,57.0,0
SN-8451,Marche Sandaga,Services,981286.0,-1.8048199071499635,179,104.0,0
SN-8452,Pikine,Alimentation,620375.0,8.79297797759233,172,2.0,0
SN-8453,Marché Sandaga,Électronique,1199972.0,-3.537628577146534,3,17.0,0
SN-8454,Pikine,Restauration,34713.0,11.994896407417938,169,62.0,1
SN-8455,Medina,Habillement,1293342.0,-47.22434209963612,40,7.0,0
SN-8456,Yoff,Habillement,598594.0,8.152212328362154,190,101.0,0
SN-8457,PIKINE,Alimentation,1470233.0,-17.360566363657707,30,5.0,0
SN-8458,PIKINE,Électronique,1082235.0,16.784684155490165,37,71.0,0
SN-8459,Marche Sandaga,Restauration,1797987.0,7.777948254855154,134,41.0,0
SN-8460,Marché Sandaga,Restauration,913320.0,3.7522915042573075,184,-2.0,0
SN-8461, Pikine ,Restauration,615059.0,-0.7288521636638787,135,99.0,0
SN-8462,Yoff,Services,748616.0,-6.413078735523713,59,46.0,1
SN-8463,Pikine,nan,127833.0,-0.12357486884052396,151,94.0,0
SN-8464,Marche Sandaga,Électronique,1877215.0,19.149868154034074,101,44.0,0
SN-8465,Pikine,Habillement,48374.0,6.72897360910643,123,-4.0,0
SN-8466,Pikine,Habillement,22874.0,30.993413369978626,97,81.0,0
SN-8467,PIKINE,Habillement,883417.0,-0.840502697647463,42,94.0,0
SN-8468,Medina,Alimentation,327887.0,33.84267837933269,185,105.0,1
SN-8469,Yoff,nan,982479.0,-33.61362582766779,135,104.0,1
SN-8470,Guediawaye,Électronique,847771.0,41.50494405380444,140,110.0,0
SN-8471,Parcelles Assainies,Restauration,1722130.0,39.777492476615656,151,14.0,0
SN-8472,Pikine,Électronique,571320.0,-24.450633098348845,136,52.0,0
SN-8473,Yoff,Habillement,633212.0,-1.0544729836864517,119,110.0,0
SN-8474,Medina,Restauration,635261.0,27.99341171833934,50,17.0,1
SN-8475,Guediawaye,Services,1415224.0,12.49368724810629,7,2.0,0
SN-8476,PIKINE,Restauration,620013.0,6.189693484815383,33,76.0,0
SN-8477,Pikine,Électronique,92111.0,-10.20975182606853,71,67.0,1
SN-8478,Yoff,Alimentation,422679.0,-5.305328735315724,35,30.0,0
SN-8479,PIKINE,Habillement,1677989.0,-20.5304692133926,105,84.0,0
SN-8480,Ouakam,Habillement,1904256.0,-0.3343723228497896,93,-2.0,0
SN-8481,Guediawaye,Alimentation,1662805.0,-14.77911254087145,12,101.0,0
SN-8482,Guediawaye,nan,999798.0,24.896401926691123,168,118.0,0
SN-8483,Yoff,Services,947513.0,12.470111890522384,149,92.0,0
SN-8484,Yoff,Restauration,1937379.0,-2.7397047506957755,80,3.0,0
SN-8485,Medina,nan,473047.0,-2.782268236878294,65,16.0,0
SN-8486,Yoff,Électronique,162828.0,-1.3603230780411881,173,110.0,1
SN-8487,Marche Sandaga,Électronique,667585.0,-27.872640401174515,134,102.0,0
SN-8488,Yoff,Électronique,751116.0,26.97289999094174,195,71.0,0
SN-8489,Ouakam,Services,1046290.0,30.494844137212848,44,7.0,0
SN-8490,Guediawaye,Électronique,306796.0,6.738408441359328,183,58.0,0
SN-8491,PIKINE,Électronique,450872.0,4.941673982556124,183,77.0,1
SN-8492,Yoff,nan,1053542.0,21.039340234924705,178,31.0,0
SN-8493,Yoff,nan,1670561.0,9.52595905395411,28,22.0,1
SN-8494,Medina,Alimentation,858405.0,15.394575007359862,120,3.0,0
SN-8495,Guediawaye,Habillement,374942.0,-29.042757280706613,135,115.0,0
SN-8496,Guediawaye,Électronique,626952.0,-58.611746078527915,37,69.0,1
SN-8497, Pikine ,Alimentation,214290.0,2.597860677338486,75,78.0,1
SN-8498,Medina,Électronique,1680768.0,-10.594286334723236,2,37.0,0
SN-8499,Pikine,Habillement,1629346.0,-7.220835288847156,143,86.0,0
SN-8500,Guediawaye,Électronique,141413.0,-8.024136414689018,114,74.0,0
SN-8501,Pikine,Électronique,1688757.0,3.150871845971568,98,49.0,0
SN-8502,Marché Sandaga,Électronique,1495390.0,-7.593898795892073,182,2.0,1
SN-8503,PIKINE,Électronique,1994567.0,,63,108.0,0
SN-8504,Yoff,Habillement,1576131.0,2.143000855183041,39,36.0,0
SN-8505, Pikine ,Restauration,144407.0,32.829284604818184,129,16.0,0
SN-8506,Guediawaye,Habillement,1401459.0,-16.895753846320844,171,78.0,0
SN-8507,PIKINE,Services,1804959.0,23.786875770683448,55,107.0,0
SN-8508,Yoff,Restauration,867699.0,,156,31.0,0
SN-8509,Ouakam,Alimentation,1816598.0,-24.29861099725249,71,59.0,0
SN-8510,Yoff,Restauration,981954.0,21.306471503838278,108,85.0,0
SN-8511,Pikine,Alimentation,1027076.0,8.872368642769276,68,7.0,0
SN-8512,Ouakam,Restauration,1751805.0,-36.622935984461876,70,73.0,1
SN-8513,PIKINE,Habillement,1368721.0,-11.209996893538275,167,54.0,0
SN-8514,Ouakam,Alimentation,754259.0,-16.435334286132374,107,90.0,1
SN-8515,Ouakam,Habillement,1508272.0,3.859473848734231,172,43.0,0
SN-8516,Marche Sandaga,Électronique,1927449.0,47.01765352580399,194,8.0,0
SN-8517,Guediawaye,Restauration,529769.0,,111,109.0,1
SN-8518,Yoff,nan,1708012.0,-12.111458235916857,86,114.0,0
SN-8519,Marché Sandaga,Électronique,380023.0,11.56362045200547,33,6.0,0
SN-8520, Pikine ,Électronique,1772258.0,10.486326837563784,109,79.0,0
SN-8521,Parcelles Assainies,Électronique,308307.0,-10.88152071287432,19,78.0,0
SN-8522,PIKINE,Alimentation,432592.0,41.427592337309264,78,28.0,0
SN-8523,Medina,Restauration,1973360.0,-13.823497806475967,175,60.0,0
SN-8524,Medina,Habillement,1666670.0,13.472760837309913,77,49.0,0
SN-8525,Ouakam,Alimentation,819021.0,-7.332160650147008,114,88.0,0
SN-8526,PIKINE,Électronique,1969241.0,-16.52334192803417,112,11.0,0
SN-8527,PIKINE,Habillement,1931240.0,34.86926141025863,31,55.0,0
SN-8528,PIKINE,Restauration,1044699.0,6.084713968015105,148,81.0,0
SN-8529,Medina,Services,1841920.0,23.731689157329235,128,32.0,0
SN-8530, Pikine ,Électronique,1657779.0,26.12949503828126,63,95.0,0
SN-8531,Marché Sandaga,Services,979958.0,-11.710615350006222,107,5.0,1
SN-8532,Medina,nan,66937.0,11.331078230611523,163,2.0,1
SN-8533,Ouakam,Alimentation,288520.0,-12.83437000670595,27,66.0,1
SN-8534,Parcelles Assainies,Restauration,213714.0,-31.780745671978142,43,104.0,1
SN-8535,Yoff,Services,746334.0,17.247897881752838,45,52.0,0
SN-8536,Guediawaye,Électronique,674218.0,-3.119263482236026,14,101.0,0
SN-8537,Guediawaye,Alimentation,292777.0,29.460214462360057,37,22.0,1
SN-8538,Medina,Électronique,135492.0,9.018322704559967,57,45.0,0
SN-8539,Yoff,nan,1911902.0,8.89762694865643,72,28.0,0
SN-8540,Parcelles Assainies,Électronique,208245.0,16.611503092199456,163,35.0,0
SN-8541,Marché Sandaga,Alimentation,580218.0,-32.37187151296973,155,66.0,0
SN-8542,Medina,Alimentation,207329.0,-7.958583146782522,79,119.0,0
SN-8543,Medina,Électronique,1401682.0,-5.488033134362643,38,83.0,0
SN-8544,Medina,Habillement,220611.0,11.910634153641729,11,68.0,0
SN-8545,Medina,Alimentation,386282.0,13.925325388477818,53,7.0,1
SN-8546,Pikine,Électronique,861166.0,21.423788050619006,34,104.0,0
SN-8547,Medina,Électronique,644598.0,-6.669886401473826,32,36.0,0
SN-8548,Pikine,Électronique,92320.0,1.0626743109394463,154,108.0,0
SN-8549,Marche Sandaga,Habillement,521831.0,-4.883854649036063,15,-5.0,0
SN-8550,Yoff,Habillement,102401.0,-24.535231420806927,171,18.0,0
SN-8551,Yoff,nan,1737464.0,8.761454556221512,184,1.0,0
SN-8552,PIKINE,Alimentation,1346276.0,,89,95.0,0
SN-8553,Ouakam,Habillement,546546.0,,77,108.0,0
SN-8554,Guediawaye,nan,1649863.0,8.473987825636629,142,19.0,0
SN-8555,Yoff,Électronique,146707.0,49.86728990694759,180,46.0,0
SN-8556,Pikine,Électronique,543124.0,-24.48244471739929,46,19.0,0
SN-8557,Yoff,Habillement,298170.0,24.54196640406864,9,40.0,0
SN-8558,Parcelles Assainies,Électronique,351651.0,13.631054418392283,198,86.0,0
SN-8559,Ouakam,Habillement,1146437.0,3.0709059059862396,116,7.0,0
SN-8560,Parcelles Assainies,Alimentation,496057.0,42.92714101059939,74,72.0,0
SN-8561,Ouakam,Restauration,752400.0,-36.31197488057749,18,43.0,0
SN-8562,Marche Sandaga,Électronique,1589937.0,,6,97.0,0
SN-8563, Pikine ,Alimentation,789341.0,28.03559123328171,62,10.0,1
SN-8564,Ouakam,Restauration,374042.0,-13.48367610011595,82,36.0,1
SN-8565, Pikine ,Restauration,267827.0,4.343615340908201,155,46.0,1
SN-8566,PIKINE,Électronique,1985071.0,4.186771405780013,20,5.0,0
SN-8567,Yoff,Électronique,1145650.0,,37,103.0,0
SN-8568, Pikine ,Alimentation,1487243.0,6.513959926878647,113,78.0,0
SN-8569, Pikine ,Habillement,868064.0,-13.266787273384594,97,93.0,0
SN-8570,Parcelles Assainies,Services,834320.0,,104,62.0,0
SN-8571,Medina,Habillement,1272652.0,-19.25281512388959,85,59.0,0
SN-8572,Parcelles Assainies,Alimentation,681289.0,17.454203994829015,25,65.0,0
SN-8573,Marche Sandaga,Services,919124.0,7.401377381332605,7,85.0,0
SN-8574,Pikine,Habillement,1401502.0,19.44543250299872,173,2.0,0
SN-8575,PIKINE,Électronique,1657593.0,8.298008940209968,2,86.0,0
SN-8576,PIKINE,Alimentation,1989164.0,-12.437353157627204,109,77.0,0
SN-8577,Pikine,Habillement,213058.0,14.785268824117821,95,100.0,0
SN-8578, Pikine ,Alimentation,926110.0,54.20271666437168,154,50.0,0
SN-8579,Medina,Habillement,937738.0,-22.280869033964024,108,17.0,1
SN-8580,Medina,Alimentation,1046750.0,-44.49348253123449,39,59.0,0
SN-8581,Ouakam,Électronique,1641671.0,-0.05823733793504843,147,114.0,0
SN-8582,Marche Sandaga,Alimentation,637130.0,4.412102988475536,131,34.0,0
SN-8583,Medina,Habillement,770737.0,,157,112.0,0
SN-8584,PIKINE,Restauration,82979.0,5.854918225850513,129,90.0,0
SN-8585,Pikine,Électronique,675108.0,-2.3212599154118667,94,55.0,0
SN-8586,Pikine,Alimentation,1042706.0,2.712146642660308,168,4.0,1
SN-8587,Marche Sandaga,Restauration,845637.0,20.8444669655178,139,14.0,0
SN-8588,Marche Sandaga,Restauration,670757.0,0.6520484465225308,183,25.0,1
SN-8589,Marche Sandaga,Services,692128.0,26.789983194748388,19,101.0,0
SN-8590,Guediawaye,Habillement,770188.0,40.05077081932861,68,55.0,0
SN-8591,PIKINE,Restauration,322561.0,5.453005300531425,50,5.0,0
SN-8592,Guediawaye,Habillement,1651934.0,,24,6.0,0
SN-8593,PIKINE,Habillement,596661.0,8.488536167011596,118,3.0,0
SN-8594,Ouakam,Restauration,1676392.0,-0.46476867849913645,163,94.0,0
SN-8595,Medina,Électronique,482596.0,-28.40857164539854,51,9.0,1
SN-8596,Guediawaye,Services,575327.0,25.370965407020343,169,26.0,0
SN-8597,Marche Sandaga,Services,1629421.0,8.813960387814783,183,43.0,0
SN-8598,Guediawaye,Électronique,75763.0,20.0328282153478,89,49.0,0
SN-8599, Pikine ,Restauration,1421843.0,-4.704012947554029,27,47.0,0
SN-8600,PIKINE,Restauration,1406314.0,-42.005188867427364,120,19.0,0
SN-8601,Yoff,Restauration,1645502.0,-35.21529271957085,174,65.0,0
SN-8602,Pikine,Alimentation,1247891.0,-23.94954983369349,40,88.0,0
SN-8603,PIKINE,Alimentation,1231332.0,-20.443521764469015,61,78.0,0
SN-8604,Yoff,Services,1618605.0,21.308461916495162,9,101.0,0
SN-8605,Ouakam,Alimentation,1831689.0,14.169745930695028,199,53.0,0
SN-8606,Pikine,Habillement,144959.0,-3.946624657101448,63,43.0,1
SN-8607,Parcelles Assainies,Services,799511.0,,163,59.0,0
SN-8608,Marché Sandaga,Restauration,1540045.0,11.30709332558583,4,26.0,0
SN-8609,Marche Sandaga,Restauration,150474.0,-9.059813111160464,33,105.0,1
SN-8610,Guediawaye,Restauration,1202734.0,-25.75963199525955,152,25.0,0
SN-8611,Medina,Alimentation,712043.0,10.720976063664002,53,-2.0,1
SN-8612,PIKINE,Électronique,74750.0,16.826456340506063,197,73.0,0
SN-8613,Ouakam,Restauration,1410884.0,-7.977543049528286,1,113.0,0
SN-8614,Medina,Alimentation,256940.0,2.210170732216035,108,44.0,1
SN-8615,Marche Sandaga,Alimentation,1090222.0,-6.088343530695273,186,82.0,0
SN-8616,Marche Sandaga,Habillement,1560777.0,17.59508614963465,95,39.0,0
SN-8617, Pikine ,Électronique,683281.0,-26.978590823981587,24,66.0,0
SN-8618,Marché Sandaga,nan,1156314.0,-7.446548007888781,121,78.0,0
SN-8619,Yoff,Habillement,1928293.0,-23.404107927372774,187,26.0,0
SN-8620,Yoff,Alimentation,1784961.0,,22,5.0,0
SN-8621,Ouakam,Services,1224697.0,-11.84639540781011,137,35.0,0
SN-8622,Marché Sandaga,Électronique,1510972.0,-14.184095042622493,161,14.0,0
SN-8623,Guediawaye,Alimentation,210316.0,-15.219941894073223,186,37.0,1
SN-8624,Guediawaye,Services,1697134.0,-4.174090113954719,15,11.0,0
SN-8625,Medina,Électronique,296917.0,20.674623646060812,7,88.0,0
SN-8626,Yoff,Alimentation,1123039.0,-31.343048280418024,96,51.0,0
SN-8627,Parcelles Assainies,Services,1670959.0,45.57283029093093,188,77.0,0
SN-8628,Guediawaye,Alimentation,224538.0,0.8130079765127952,185,24.0,1
SN-8629, Pikine ,Restauration,1287627.0,-25.172254674202282,13,75.0,0
SN-8630,Parcelles Assainies,nan,1213069.0,-1.3059537840655997,29,63.0,0
SN-8631,Medina,Électronique,990285.0,38.01667439487185,81,36.0,0
SN-8632,Marche Sandaga,Restauration,1907225.0,-37.11435273750385,92,50.0,0
SN-8633,Ouakam,Services,1361277.0,-30.50633921145257,143,51.0,0
SN-8634,Medina,Électronique,1219810.0,-18.55881152252534,31,45.0,0
SN-8635,Marche Sandaga,Restauration,157008.0,-10.19645894717112,5,83.0,1
SN-8636,Yoff,Restauration,1508640.0,27.077002944566672,32,95.0,0
SN-8637,Ouakam,Restauration,1228902.0,-10.441244938002956,147,80.0,0
SN-8638,Pikine,Services,1802010.0,20.121797382026813,17,84.0,0
SN-8639,Parcelles Assainies,Habillement,64672.0,1.5421518112820358,67,101.0,0
SN-8640,Marché Sandaga,Alimentation,1610059.0,31.440183466686644,162,43.0,0
SN-8641,Parcelles Assainies,Restauration,278447.0,15.624462854275192,64,118.0,0
SN-8642,Parcelles Assainies,Habillement,1620787.0,-21.304635324110205,82,109.0,0
SN-8643,Pikine,nan,1594474.0,-37.14322329474354,56,28.0,0
SN-8644,Marche Sandaga,Services,126435.0,-9.402206420721843,72,109.0,1
SN-8645,Pikine,Restauration,877580.0,-20.677052753906086,177,102.0,0
SN-8646, Pikine ,Restauration,947615.0,-8.322482552957082,166,102.0,0
SN-8647,Guediawaye,Habillement,1215436.0,1.124190697392514,72,46.0,0
SN-8648,Marché Sandaga,Services,6218.0,-5.29982835380578,25,61.0,0
SN-8649,Parcelles Assainies,Restauration,705719.0,-46.37220739141572,181,3.0,0
SN-8650,Marche Sandaga,Habillement,1173233.0,-0.6225221760248479,65,70.0,0
SN-8651,Marché Sandaga,Habillement,1589401.0,-8.04267948792139,59,41.0,0
SN-8652, Pikine ,Électronique,1958852.0,-9.624786826648489,28,96.0,0
SN-8653,Marché Sandaga,Électronique,243366.0,-24.02275306585998,87,22.0,1
SN-8654, Pikine ,Électronique,382076.0,-30.010485333954,133,89.0,0
SN-8655,Yoff,Services,1008559.0,-46.99951493207159,134,110.0,0
SN-8656,Parcelles Assainies,Restauration,371181.0,-21.62375571176289,125,10.0,0
SN-8657,Yoff,Électronique,447291.0,-35.45688778368592,19,47.0,1
SN-8658, Pikine ,Restauration,1370315.0,-12.527755829942496,85,45.0,0
SN-8659,Medina,Électronique,1229319.0,-2.1129838338620615,120,87.0,0
SN-8660,Marche Sandaga,Restauration,210011.0,16.20809134114079,191,81.0,1
SN-8661,Pikine,Restauration,35082.0,19.845551936760067,62,2.0,0
SN-8662,Ouakam,Restauration,956628.0,28.736166691897658,187,110.0,0
SN-8663,Marche Sandaga,Électronique,1239932.0,11.503165804470022,45,33.0,0
SN-8664, Pikine ,Électronique,972605.0,6.0145660440769335,88,36.0,1
SN-8665,Guediawaye,Restauration,1133882.0,-3.602431007140665,186,31.0,0
SN-8666,Medina,Électronique,945753.0,-32.96855881473268,112,30.0,0
SN-8667,Parcelles Assainies,Restauration,1658431.0,-13.792860178320876,182,113.0,0
SN-8668,PIKINE,Alimentation,340062.0,-19.188376369666557,197,14.0,1
SN-8669,Yoff,Électronique,1260153.0,8.476027530647167,37,48.0,0
SN-8670,Medina,Habillement,1977965.0,5.470159986881116,30,115.0,0
SN-8671,Yoff,nan,1511799.0,5.289484780281154,127,94.0,0
SN-8672,Yoff,Alimentation,1189473.0,-28.207746080498882,114,31.0,0
SN-8673,Medina,Électronique,919394.0,-22.883493515053676,103,90.0,0
SN-8674, Pikine ,Alimentation,1305990.0,-1.946486568918679,31,55.0,0
SN-8675, Pikine ,Alimentation,421950.0,27.517696599311982,2,95.0,0
SN-8676, Pikine ,Alimentation,1387874.0,-17.054880607197404,73,52.0,1
SN-8677,Yoff,Électronique,525782.0,19.744856301883672,147,83.0,1
SN-8678,Marché Sandaga,Alimentation,1455938.0,18.47719047181056,114,28.0,0
SN-8679,Pikine,Services,1146877.0,19.151636701427478,69,103.0,0
SN-8680,Medina,Électronique,71406.0,-1.9934185362545966,129,63.0,0
SN-8681,Marche Sandaga,Habillement,1958785.0,7.803319344743803,32,-1.0,0
SN-8682,Pikine,Alimentation,1462310.0,-18.91443800961367,61,34.0,0
SN-8683,Marché Sandaga,Restauration,1899307.0,,131,88.0,0
SN-8684,Pikine,Électronique,602627.0,,97,117.0,0
SN-8685,Pikine,Restauration,1861180.0,-20.421430432914548,108,116.0,0
SN-8686,Parcelles Assainies,Alimentation,1848105.0,,63,15.0,0
SN-8687,PIKINE,Habillement,1986983.0,-7.469820347299384,107,47.0,0
SN-8688,Marché Sandaga,Restauration,1482242.0,-18.939398585066584,87,84.0,0
SN-8689,Ouakam,Habillement,1376861.0,-17.10554252884751,193,105.0,0
SN-8690,Ouakam,Services,675509.0,-13.265970008960428,107,43.0,0
SN-8691,Ouakam,Alimentation,956949.0,-2.1784514515379683,82,64.0,0
SN-8692,Parcelles Assainies,Habillement,1659033.0,-25.941376649608983,124,25.0,0
SN-8693,Marche Sandaga,Restauration,1199702.0,-10.40070861752916,148,91.0,0
SN-8694,Medina,Électronique,777561.0,22.281760966728363,93,5.0,1
SN-8695,Guediawaye,Services,1748883.0,7.622320766922611,150,46.0,0
SN-8696,PIKINE,Électronique,262561.0,-26.976034182454647,103,52.0,0
SN-8697,Parcelles Assainies,Habillement,1666178.0,-16.90440019678347,12,43.0,0
SN-8698,Medina,Services,626597.0,-6.645703743037802,197,52.0,1
SN-8699,Marché Sandaga,Habillement,1752736.0,24.611667774366243,159,24.0,0
SN-8700,Yoff,Alimentation,998748.0,19.424818909420637,120,81.0,0
SN-8701,Marche Sandaga,Électronique,242368.0,17.08618981442813,72,33.0,0
SN-8702,Guediawaye,Alimentation,1856589.0,15.696405820481614,27,29.0,1
SN-8703, Pikine ,Restauration,1937794.0,-18.948433118507428,6,119.0,0
SN-8704,Marché Sandaga,Services,1443846.0,-26.36981277604075,32,46.0,0
SN-8705,Marche Sandaga,Restauration,325701.0,-45.48572411764803,53,19.0,0
SN-8706,Yoff,Électronique,84425.0,-8.49838944888502,127,115.0,0
SN-8707,Ouakam,Habillement,1189686.0,4.527517427368527,95,27.0,0
SN-8708,Parcelles Assainies,Habillement,1555547.0,14.999768582511475,169,119.0,0
SN-8709,Marche Sandaga,Habillement,490069.0,-18.04925959192075,0,1.0,1
SN-8710,Marche Sandaga,Alimentation,1455851.0,-21.829109425434993,27,8.0,0
SN-8711,Yoff,Alimentation,1833241.0,30.456905342174853,11,81.0,0
SN-8712,Ouakam,Alimentation,130649.0,-7.446973277373794,65,23.0,0
SN-8713,Ouakam,Restauration,225106.0,-23.75750095112174,175,62.0,0
SN-8714, Pikine ,Habillement,78753.0,16.47814534124342,189,89.0,0
SN-8715,Guediawaye,Électronique,680512.0,-20.194378678268976,132,35.0,0
SN-8716,Guediawaye,Services,1574966.0,-12.526495704264063,113,8.0,0
SN-8717,Guediawaye,Électronique,1072937.0,9.799783830824166,32,9.0,0
SN-8718,PIKINE,Habillement,443563.0,51.4480131253919,170,105.0,0
SN-8719,Marche Sandaga,Services,1744197.0,-8.973911101952236,104,18.0,0
SN-8720,Marche Sandaga,Alimentation,722248.0,7.517740292912864,146,58.0,0
SN-8721,PIKINE,Services,1343341.0,2.481520336632768,123,22.0,1
SN-8722,Medina,Restauration,862010.0,7.9501668291912,199,56.0,1
SN-8723,Guediawaye,Habillement,639153.0,-21.052969821971516,18,83.0,0
SN-8724,PIKINE,Électronique,778379.0,4.16931679260208,89,55.0,0
SN-8725,Yoff,Habillement,221214.0,24.922076485859375,9,119.0,0
SN-8726,Ouakam,Habillement,247865.0,,62,95.0,0
SN-8727,Marché Sandaga,Alimentation,749831.0,5.290965960808861,132,0.0,0
SN-8728,Pikine,Services,1361308.0,6.19022270798364,14,110.0,0
SN-8729,Parcelles Assainies,Alimentation,756474.0,5.008029975567624,183,78.0,0
SN-8730,Marché Sandaga,Électronique,260701.0,-47.596451155510586,69,98.0,0
SN-8731,Ouakam,Électronique,920328.0,-35.088886092027415,148,19.0,1
SN-8732,Marché Sandaga,Habillement,1904588.0,-23.886947134428045,87,46.0,0
SN-8733,Pikine,Services,396607.0,19.762614694683528,168,89.0,0
SN-8734, Pikine ,Habillement,300711.0,8.985305862265601,153,13.0,0
SN-8735,Yoff,Services,889210.0,8.693440061215798,161,10.0,1
SN-8736,Ouakam,Électronique,1902688.0,-53.12159437587978,153,28.0,0
SN-8737,Yoff,Restauration,1270597.0,3.3176541618749495,156,21.0,1
SN-8738,Pikine,Restauration,1316634.0,13.11719275046358,163,93.0,0
SN-8739,Ouakam,Services,236813.0,1.1743738762831142,196,10.0,1
SN-8740,Ouakam,Alimentation,1057826.0,1.1337973233507175,131,15.0,0
SN-8741,Marché Sandaga,Services,1731095.0,-14.74614162161382,38,3.0,0
SN-8742,Marché Sandaga,Restauration,1632454.0,16.216406766927193,4,19.0,0
SN-8743,Ouakam,Électronique,1259700.0,-2.6849449056194032,97,78.0,0
SN-8744,Parcelles Assainies,Services,471538.0,2.0686176714349376,20,60.0,0
SN-8745,Marché Sandaga,Électronique,1231003.0,-19.347644828559396,5,47.0,0
SN-8746,Pikine,Habillement,166480.0,26.68488729254982,100,113.0,0
SN-8747,Pikine,Alimentation,1732519.0,-0.4586952552170821,95,45.0,0
SN-8748,Ouakam,Habillement,1779553.0,-12.1197990002641,138,77.0,0
SN-8749,Ouakam,Électronique,822182.0,34.2963699355099,194,81.0,0
SN-8750,PIKINE,Alimentation,1746700.0,11.207801110739231,9,12.0,1
SN-8751,Marche Sandaga,Restauration,1239394.0,-24.993204585208446,186,19.0,0
SN-8752,Medina,Alimentation,1550296.0,-3.179531275600023,31,31.0,1
SN-8753,Pikine,Restauration,1623006.0,-27.641672076189103,34,101.0,0
SN-8754,PIKINE,Habillement,1051831.0,20.739676061996025,1,43.0,0
SN-8755,Guediawaye,Habillement,843399.0,,71,111.0,0
SN-8756,Pikine,Électronique,1024163.0,-12.018481146175851,29,39.0,0
SN-8757,Marche Sandaga,Restauration,1616403.0,-5.944372346963979,78,38.0,0
SN-8758,Medina,Services,1875548.0,-18.48018603180656,25,70.0,0
SN-8759,Guediawaye,Électronique,818174.0,-16.84393916912153,173,58.0,1
SN-8760,Parcelles Assainies,Électronique,699627.0,20.81967093429139,190,15.0,0
SN-8761,Pikine,Habillement,1397757.0,-10.6347487986468,95,37.0,0
SN-8762,Marche Sandaga,Restauration,1112889.0,,7,92.0,0
SN-8763,Parcelles Assainies,Habillement,1492616.0,-11.274307846267888,196,115.0,0
SN-8764,Marche Sandaga,Services,1950051.0,1.623953837812652,130,66.0,0
SN-8765,Medina,Alimentation,1114747.0,20.773893744777023,59,119.0,0
SN-8766,Medina,Électronique,1633690.0,14.517556798412325,153,97.0,0
SN-8767, Pikine ,Services,1310546.0,16.43084166777624,59,44.0,0
SN-8768,Guediawaye,Restauration,501952.0,-11.664361397675373,70,26.0,0
SN-8769,PIKINE,Restauration,1367204.0,6.963063162387117,76,78.0,0
SN-8770,Medina,Alimentation,224776.0,-13.525626687181463,149,0.0,0
SN-8771,Guediawaye,Alimentation,1621711.0,-41.89789896415003,28,-2.0,0
SN-8772,Medina,Alimentation,136162.0,20.3274250375787,187,4.0,1
SN-8773,Ouakam,Habillement,374376.0,-14.407822272913418,85,98.0,1
SN-8774,Parcelles Assainies,Services,1393646.0,-40.76177530328557,183,85.0,0
SN-8775,Yoff,Alimentation,1991199.0,-12.29022695813877,104,90.0,0
SN-8776,Marché Sandaga,Restauration,1313189.0,-30.36774218750317,156,114.0,0
SN-8777,Yoff,Services,460118.0,5.3545562784218905,63,48.0,1
SN-8778,Ouakam,Alimentation,1916472.0,-5.968154599822756,150,65.0,0
SN-8779, Pikine ,Services,595159.0,-12.336491884620845,42,114.0,0
SN-8780,Parcelles Assainies,Alimentation,1396657.0,24.367792254533317,42,-4.0,0
SN-8781,Marché Sandaga,Habillement,898803.0,-22.49256533495478,42,69.0,0
SN-8782,Ouakam,Habillement,549601.0,-1.3816498818926848,187,89.0,0
SN-8783,Medina,Alimentation,475392.0,13.19517839307096,195,65.0,1
SN-8784,Pikine,Électronique,1833557.0,-5.044663501861178,192,72.0,0
SN-8785,Yoff,Alimentation,1811202.0,3.8059721985748447,107,113.0,0
SN-8786,Medina,Alimentation,852741.0,-18.66880356331191,167,74.0,1
SN-8787,Ouakam,Habillement,1780111.0,36.152091972561166,0,64.0,0
SN-8788,Parcelles Assainies,Alimentation,1073130.0,3.351393381580483,118,19.0,0
SN-8789,Guediawaye,Habillement,1167657.0,7.8091776306395,107,68.0,0
SN-8790,Guediawaye,Services,1781488.0,-10.462485152854137,98,42.0,0
SN-8791,PIKINE,Habillement,1112363.0,9.52446529057008,37,65.0,0
SN-8792,Yoff,Électronique,648314.0,-7.746511306178258,125,88.0,0
SN-8793,Medina,nan,394157.0,14.966029399272456,148,50.0,1
SN-8794,Medina,Alimentation,315144.0,-1.377849028489918,77,58.0,1
SN-8795,Yoff,Électronique,291583.0,-20.74147209136832,69,104.0,0
SN-8796,Ouakam,Habillement,1036024.0,-2.4394697290252134,115,59.0,0
SN-8797,Pikine,Services,1081544.0,33.52285294212946,48,83.0,0
SN-8798,Ouakam,Habillement,1120062.0,-3.7500664416643943,155,7.0,1
SN-8799,Pikine,Restauration,233694.0,5.653960779461937,62,92.0,0
SN-8800,Pikine,nan,1233706.0,4.991005404748879,94,52.0,0
SN-8801,Ouakam,Restauration,1497700.0,6.820097058984008,20,8.0,0
SN-8802,Yoff,Habillement,1742333.0,-16.175202911498882,185,103.0,0
SN-8803,Medina,Électronique,394210.0,8.097049852350692,172,83.0,1
SN-8804, Pikine ,Restauration,72013.0,-12.902367307751263,73,116.0,0
SN-8805,Parcelles Assainies,Habillement,423973.0,,188,81.0,0
SN-8806,Marche Sandaga,Services,1250915.0,-34.333643849328354,13,102.0,0
SN-8807,Guediawaye,Restauration,213611.0,28.974645093774726,195,96.0,0
SN-8808,Ouakam,Alimentation,530780.0,-5.396909480460673,94,87.0,0
SN-8809,Guediawaye,Alimentation,1572180.0,11.794347729125029,4,8.0,1
SN-8810,Parcelles Assainies,Alimentation,851082.0,-23.454014384086022,163,34.0,0
SN-8811,Parcelles Assainies,Services,967538.0,,94,42.0,0
SN-8812,Pikine,Alimentation,74389.0,-8.77706750346969,16,53.0,0
SN-8813,Marche Sandaga,Habillement,1795609.0,15.323596650201756,28,22.0,0
SN-8814,Yoff,Habillement,1864455.0,4.600606719550734,113,-4.0,0
SN-8815,Marche Sandaga,Alimentation,925783.0,5.812603322248851,72,94.0,0
SN-8816,PIKINE,Alimentation,431050.0,-4.7536820437642735,119,105.0,0
SN-8817,Yoff,nan,60689.0,6.773329656745641,123,75.0,1
SN-8818, Pikine ,Services,181199.0,13.539631104118522,77,59.0,1
SN-8819,Ouakam,Restauration,403297.0,11.883980176262254,24,79.0,0
SN-8820,PIKINE,Services,1552382.0,-27.339186166573946,185,60.0,0
SN-8821,Marché Sandaga,Habillement,1511282.0,-31.051062892768044,41,30.0,0
SN-8822,Guediawaye,Électronique,1519497.0,30.181232805637855,31,10.0,0
SN-8823, Pikine ,Services,421168.0,-9.77542722630461,85,49.0,0
SN-8824,Marché Sandaga,nan,600278.0,-14.64118463340408,10,113.0,0
SN-8825,PIKINE,Alimentation,40593.0,-2.138879799214658,7,63.0,1
SN-8826,Parcelles Assainies,Habillement,658293.0,-9.365761532827342,28,46.0,0
SN-8827,Pikine,Électronique,1522068.0,-20.16300178938006,71,100.0,0
SN-8828,Ouakam,Habillement,905912.0,5.795950360817433,58,10.0,0
SN-8829, Pikine ,Restauration,1119394.0,,66,117.0,0
SN-8830,Yoff,Services,840842.0,,160,66.0,1
SN-8831,PIKINE,Alimentation,1802345.0,21.377725954387223,28,31.0,0
SN-8832,PIKINE,Électronique,1746199.0,-6.024255031039938,145,34.0,1
SN-8833, Pikine ,Habillement,1149610.0,-28.871337462263355,106,107.0,0
SN-8834,Medina,Services,1675601.0,-7.331985292572318,41,96.0,0
SN-8835,Medina,Habillement,426992.0,-24.631237152238363,176,46.0,0
SN-8836,Marché Sandaga,Électronique,449360.0,3.460909744977849,40,79.0,0
SN-8837,Yoff,Restauration,1873795.0,-25.592616021220213,116,6.0,0
SN-8838,Guediawaye,Restauration,461711.0,18.625988454203647,149,51.0,0
SN-8839,Medina,Électronique,1087315.0,26.86781165621435,85,24.0,0
SN-8840,PIKINE,Alimentation,1903312.0,,192,44.0,0
SN-8841,Medina,Services,1961978.0,-9.342468906092243,36,87.0,0
SN-8842,Parcelles Assainies,nan,207711.0,,154,105.0,0
SN-8843,Guediawaye,Électronique,419167.0,54.57163815656188,69,69.0,1
SN-8844,Guediawaye,Alimentation,1273951.0,-23.530242637383026,140,11.0,0
SN-8845, Pikine ,Alimentation,29163.0,24.467173333761856,15,53.0,0
SN-8846, Pikine ,Habillement,1953267.0,25.672393892042233,69,115.0,0
SN-8847,Marche Sandaga,Habillement,1196552.0,11.650420758797644,22,39.0,0
SN-8848,Pikine,Habillement,1781946.0,29.399463647297335,120,109.0,0
SN-8849,Medina,Services,479195.0,15.310777570272357,78,47.0,0
SN-8850,Medina,Alimentation,1148471.0,15.101109019974569,47,63.0,0
SN-8851,Parcelles Assainies,Alimentation,384076.0,-23.429788727911166,115,53.0,1
SN-8852,Pikine,Alimentation,1397469.0,-39.59767660995965,28,51.0,0
SN-8853,Pikine,Habillement,150618.0,,123,27.0,0
SN-8854,Medina,Habillement,1476480.0,-16.175291927039726,195,23.0,0
SN-8855, Pikine ,Habillement,1114168.0,1.9203220305093094,60,17.0,0
SN-8856,Marche Sandaga,Alimentation,155793.0,32.07798653993514,183,36.0,0
SN-8857,Ouakam,Habillement,1671921.0,-1.2180046492376897,71,68.0,0
SN-8858,Pikine,Restauration,1589121.0,-39.57332158107413,139,16.0,0
SN-8859,Ouakam,Services,1170643.0,-6.5443475114610905,166,54.0,0
SN-8860,Marché Sandaga,Alimentation,861963.0,-31.53970659372535,39,43.0,0
SN-8861,Pikine,Alimentation,1454407.0,-0.12696673827942284,169,13.0,0
SN-8862,Marche Sandaga,Services,1987858.0,15.718383674037007,120,31.0,0
SN-8863,Parcelles Assainies,Habillement,421545.0,41.62920527963722,171,92.0,1
SN-8864,Ouakam,Alimentation,1696864.0,39.41989618864196,40,119.0,0
SN-8865,Pikine,Services,1359206.0,-24.903946594582813,170,47.0,0
SN-8866,Medina,Alimentation,1576131.0,7.2529109737813755,121,9.0,0
SN-8867,Ouakam,Alimentation,126703.0,4.9799691624880165,49,103.0,1
SN-8868,Guediawaye,Habillement,1928843.0,-17.34366581237807,104,95.0,0
SN-8869,Ouakam,Services,1475337.0,-31.52161262443235,2,38.0,0
SN-8870,Guediawaye,Services,75738.0,36.74998867982794,95,112.0,0
SN-8871,PIKINE,Électronique,1750719.0,12.566930168873903,120,114.0,0
SN-8872, Pikine ,nan,1148620.0,18.182287472325662,191,85.0,0
SN-8873, Pikine ,Restauration,1774405.0,-17.112053696323922,116,111.0,0
SN-8874,PIKINE,Électronique,1951618.0,50.537695464257425,74,64.0,0
SN-8875,Marche Sandaga,Alimentation,1196495.0,17.53338900368045,187,51.0,0
SN-8876,Ouakam,Habillement,940746.0,-18.683728021928285,73,89.0,0
SN-8877,Yoff,Restauration,148775.0,-46.08458425541017,184,18.0,1
SN-8878,Marche Sandaga,Alimentation,1347589.0,29.281098255334012,17,71.0,1
SN-8879,Medina,Services,847819.0,-25.147078968116343,151,11.0,0
SN-8880,Parcelles Assainies,Habillement,1687595.0,8.45230675377408,108,23.0,0
SN-8881,Ouakam,Habillement,823325.0,18.158969386575553,145,64.0,0
SN-8882,Guediawaye,Habillement,662774.0,-16.822267200841452,30,45.0,0
SN-8883,Marché Sandaga,nan,1907841.0,30.648664878733527,183,80.0,0
SN-8884, Pikine ,Électronique,930652.0,-10.824443389100338,73,8.0,0
SN-8885, Pikine ,Restauration,135361.0,10.487123740579946,156,106.0,0
SN-8886,Marché Sandaga,Habillement,1079899.0,-37.716300314515735,143,49.0,0
SN-8887, Pikine ,Habillement,1517785.0,39.328448906123164,148,88.0,0
SN-8888, Pikine ,Alimentation,664300.0,-39.97395729351454,104,109.0,0
SN-8889,Marché Sandaga,Habillement,1483752.0,25.173507503288217,20,110.0,0
SN-8890,Marche Sandaga,Alimentation,1917303.0,-28.869188056671643,136,91.0,0
SN-8891,Pikine,Habillement,4961.0,7.526011402237104,63,92.0,1
SN-8892,Ouakam,Électronique,919503.0,-22.33098778981062,94,91.0,0
SN-8893, Pikine ,Services,1382526.0,-0.7987973748667752,153,68.0,0
SN-8894,Marché Sandaga,Électronique,1286257.0,11.836363752985735,57,65.0,0
SN-8895,Marche Sandaga,Électronique,481737.0,-5.322536225107262,50,63.0,0
SN-8896,Medina,Alimentation,1282273.0,36.98311495563409,44,69.0,0
SN-8897,Marché Sandaga,Habillement,1694367.0,10.73901017787166,167,6.0,1
SN-8898,Yoff,Habillement,1321382.0,-0.10292939870796074,160,42.0,0
SN-8899,Ouakam,Électronique,1653949.0,3.5093896360167918,30,20.0,0
SN-8900,Marche Sandaga,Restauration,131999.0,39.34583199546606,65,6.0,1
SN-8901,Ouakam,Alimentation,1388789.0,-16.54647995034962,67,-4.0,0
SN-8902,Guediawaye,Alimentation,614827.0,8.344224114825746,72,69.0,0
SN-8903,Guediawaye,Restauration,1609812.0,3.073596230081476,36,19.0,0
SN-8904,Yoff,Habillement,1416026.0,9.407944880211529,119,29.0,0
SN-8905,Marché Sandaga,Alimentation,1272226.0,22.16066952324998,84,55.0,0
SN-8906,PIKINE,Restauration,1056887.0,-23.99337370412676,39,64.0,0
SN-8907,Pikine,Restauration,335722.0,-16.17808501908846,71,69.0,1
SN-8908,Medina,Habillement,87233.0,5.200165020759301,26,104.0,1
SN-8909,Marche Sandaga,Services,740921.0,35.70974004834773,116,30.0,0
SN-8910,Marché Sandaga,Électronique,207921.0,-2.664575491009031,52,82.0,1
SN-8911,Marché Sandaga,Électronique,488080.0,7.248150872043679,70,105.0,0
SN-8912,Yoff,Services,1037778.0,-29.927422728647592,28,119.0,0
SN-8913, Pikine ,Électronique,1575126.0,27.48813864272215,128,111.0,1
SN-8914,Marche Sandaga,Alimentation,1158669.0,24.89146694112151,145,22.0,0
SN-8915,Yoff,Électronique,427756.0,-13.123140128210377,123,65.0,0
SN-8916,Pikine,Alimentation,190617.0,16.646979381380092,6,6.0,1
SN-8917,Marché Sandaga,Services,1247057.0,25.873494549251333,126,69.0,0
SN-8918,Marché Sandaga,Électronique,1125909.0,,8,41.0,0
SN-8919,Yoff,Alimentation,911953.0,-20.860620557372496,179,89.0,0
SN-8920, Pikine ,Restauration,1592464.0,-19.394692979545397,65,3.0,0
SN-8921,Guediawaye,Alimentation,1099246.0,-33.62009991604325,9,108.0,0
SN-8922,Pikine,Électronique,1736101.0,-35.22619918229138,12,4.0,0
SN-8923,Ouakam,Habillement,1057936.0,11.041561825290904,100,102.0,0
SN-8924,PIKINE,Restauration,1400786.0,10.455601165108241,194,67.0,0
SN-8925, Pikine ,Services,4204.0,-6.39458441321776,58,39.0,1
SN-8926,Ouakam,Alimentation,1201215.0,29.645783436979023,144,27.0,1
SN-8927,Parcelles Assainies,Restauration,600501.0,-4.982433240934682,133,44.0,1
SN-8928, Pikine ,Électronique,1712950.0,1.982885061293662,28,43.0,0
SN-8929,Medina,Restauration,1781173.0,20.540766544975423,146,80.0,0
SN-8930,Yoff,Services,1799662.0,23.73421693889156,105,18.0,0
SN-8931,Marche Sandaga,Services,999353.0,-13.557984619365627,137,44.0,0
SN-8932,Pikine,Électronique,26278.0,14.611430446501446,14,81.0,1
SN-8933,Ouakam,nan,297952.0,-27.300445708914246,162,55.0,0
SN-8934,Parcelles Assainies,Habillement,1662259.0,5.160212831321766,156,33.0,0
SN-8935,Marche Sandaga,Alimentation,837514.0,47.21061200977836,101,81.0,0
SN-8936,Yoff,Habillement,1409299.0,-9.65669284656461,100,84.0,0
SN-8937,Guediawaye,Habillement,653778.0,6.750194465679391,100,3.0,0
SN-8938,Medina,nan,743111.0,-3.1917670377161347,66,64.0,0
SN-8939,Marché Sandaga,Électronique,1160294.0,1.3735878934789982,75,39.0,0
SN-8940,Guediawaye,Services,1540376.0,-30.27015283341303,78,-1.0,0
SN-8941,Yoff,nan,1688389.0,-13.827542285894328,115,21.0,0
SN-8942,Guediawaye,Alimentation,1965903.0,10.59831291178897,42,23.0,0
SN-8943, Pikine ,Alimentation,1590001.0,24.69653794410021,65,8.0,0
SN-8944,Marche Sandaga,Restauration,741876.0,-32.645765608161085,47,80.0,0
SN-8945,Ouakam,nan,303363.0,5.908889505041731,190,34.0,0
SN-8946,Pikine,Électronique,317754.0,-17.203939663666837,57,68.0,0
SN-8947,Medina,Électronique,615495.0,3.7184971536889835,186,60.0,0
SN-8948,Ouakam,Restauration,1025314.0,-8.773277661412214,118,2.0,0
SN-8949,Medina,Services,1746430.0,-22.150660545531743,54,107.0,0
SN-8950,Pikine,Habillement,860735.0,-20.01873841690604,198,33.0,0
SN-8951,Marche Sandaga,Restauration,1664426.0,17.16902908053841,142,54.0,0
SN-8952,Yoff,Alimentation,1456069.0,,121,38.0,0
SN-8953,Parcelles Assainies,Restauration,164761.0,-18.20054960271641,162,-5.0,1
SN-8954,Guediawaye,Habillement,1446102.0,-18.778990841599146,68,3.0,0
SN-8955,Ouakam,Restauration,1086786.0,,167,29.0,1
SN-8956,Yoff,Restauration,1263992.0,73.92903469970162,21,43.0,1
SN-8957, Pikine ,Électronique,258340.0,12.37180978577015,134,91.0,0
SN-8958,Pikine,Alimentation,1723470.0,,92,73.0,0
SN-8959,Marché Sandaga,Restauration,1778643.0,-11.772408665300407,15,51.0,0
SN-8960,Parcelles Assainies,nan,643499.0,,8,-5.0,0
SN-8961,Marche Sandaga,Services,333497.0,-16.226919804952757,66,13.0,1
SN-8962,Medina,Habillement,1890443.0,19.254360210674744,71,32.0,0
SN-8963,Ouakam,Services,628456.0,-6.762208305281857,153,51.0,0
SN-8964,PIKINE,Habillement,1351703.0,-20.14927409458985,152,25.0,0
SN-8965,Marche Sandaga,Alimentation,562143.0,9.224125890166956,154,59.0,0
SN-8966,PIKINE,Services,1902017.0,4.0273997205699725,154,50.0,0
SN-8967,Medina,Alimentation,471676.0,-31.15878815689421,110,54.0,1
SN-8968,Ouakam,Services,286174.0,5.263268868495948,31,61.0,0
SN-8969,Parcelles Assainies,Électronique,565954.0,-4.311038827240503,77,68.0,0
SN-8970,Pikine,Alimentation,1324475.0,49.4382315332911,93,27.0,0
SN-8971,Marché Sandaga,Restauration,1256588.0,-8.576538907593635,108,68.0,0
SN-8972,Marché Sandaga,Alimentation,476761.0,7.892441577687225,6,40.0,1
SN-8973,Parcelles Assainies,Restauration,56126.0,18.004959483206065,91,96.0,1
SN-8974,Guediawaye,Électronique,311105.0,37.647222067072164,106,102.0,0
SN-8975,Marche Sandaga,Services,711727.0,-5.654746036614902,185,74.0,0
SN-8976,Medina,Électronique,200413.0,1.0243355323336998,112,-1.0,1
SN-8977,PIKINE,Services,1255827.0,-9.81325120773845,162,48.0,0
SN-8978,Ouakam,Électronique,1979998.0,-11.232794773180451,33,14.0,1
SN-8979, Pikine ,nan,1130219.0,11.26233895698217,199,60.0,0
SN-8980,Marché Sandaga,Habillement,37469.0,-9.689047469616005,23,93.0,1
SN-8981,Parcelles Assainies,Habillement,1166490.0,-2.0840732826553072,73,37.0,0
SN-8982,PIKINE,Services,1706458.0,25.335708851855074,37,36.0,0
SN-8983,Ouakam,Habillement,315288.0,,139,8.0,0
SN-8984,Medina,Électronique,1543258.0,1.796622196582363,35,118.0,0
SN-8985,Marche Sandaga,Habillement,446049.0,-7.913922102689707,32,111.0,0
SN-8986,Guediawaye,Services,609404.0,-9.049011832208043,75,6.0,1
SN-8987,Marché Sandaga,Habillement,664553.0,19.041731602275362,147,46.0,0
SN-8988,Guediawaye,Électronique,235916.0,-8.688497891176644,166,21.0,1
SN-8989,Pikine,Habillement,375565.0,5.022118335221385,33,9.0,1
SN-8990,Ouakam,Alimentation,1758634.0,-13.343176513518106,113,13.0,1
SN-8991,Yoff,Services,926428.0,-17.113652851149055,109,-1.0,1
SN-8992,Marché Sandaga,Alimentation,40494.0,-6.051389465974493,51,85.0,0
SN-8993,Pikine,Services,1256022.0,5.579991610474022,90,24.0,0
SN-8994,Parcelles Assainies,Électronique,568160.0,-9.337278360324554,171,55.0,1
SN-8995,Parcelles Assainies,Alimentation,1774297.0,-15.312620099287406,36,36.0,0
SN-8996,Marché Sandaga,Services,487252.0,10.614265895310993,127,44.0,0
SN-8997, Pikine ,Restauration,1653080.0,22.312388240843646,197,95.0,0
SN-8998,Parcelles Assainies,Services,1871960.0,9.828704929731108,15,78.0,0
SN-8999,PIKINE,Alimentation,768536.0,5.471761390270043,118,58.0,0
SN-9000,Medina,Services,389932.0,-15.47459071839667,52,110.0,0
SN-9001,Pikine,Restauration,1363.0,20.48162599785114,181,54.0,0
SN-9002,Yoff,Électronique,1818843.0,-9.494811822060546,97,42.0,0
SN-9003,Yoff,Alimentation,924181.0,-1.2845150551200986,33,13.0,0
SN-9004,PIKINE,Alimentation,596610.0,11.518644365760302,149,101.0,0
SN-9005,Yoff,Restauration,540398.0,,185,38.0,1
SN-9006,Yoff,Alimentation,1117516.0,11.163622125416248,166,51.0,0
SN-9007,Ouakam,Électronique,1575691.0,-0.7558620250691422,25,101.0,0
SN-9008,Guediawaye,Services,228063.0,0.047337688440879995,76,86.0,0
SN-9009, Pikine ,Alimentation,1684220.0,39.5922138212297,193,114.0,0
SN-9010,Yoff,Alimentation,473659.0,-16.98830033524983,59,93.0,0
SN-9011,Marche Sandaga,Services,1378815.0,2.152200474092432,155,115.0,0
SN-9012, Pikine ,Services,268223.0,30.448383787400942,101,101.0,1
SN-9013,Yoff,Services,1851527.0,2.8918638503523875,2,102.0,0
SN-9014,Yoff,Services,444296.0,9.643919803573555,30,117.0,0
SN-9015, Pikine ,Alimentation,1700620.0,-5.107954664123238,88,45.0,0
SN-9016,Yoff,Restauration,1234911.0,16.156281239849626,59,101.0,0
SN-9017,Ouakam,Habillement,17539.0,24.365440019745677,198,6.0,1
SN-9018,Marché Sandaga,Alimentation,1191862.0,11.591016138071318,93,69.0,0
SN-9019,PIKINE,Services,902764.0,-1.4888597989192973,192,74.0,0
SN-9020, Pikine ,Alimentation,1172841.0,2.836930577011273,82,10.0,0
SN-9021,Medina,Électronique,1094625.0,-5.358100287295578,51,45.0,0
SN-9022,Medina,Alimentation,46220.0,-20.231402403882846,25,26.0,1
SN-9023,Guediawaye,Alimentation,755333.0,1.6512775217455378,97,17.0,1
SN-9024, Pikine ,Électronique,970970.0,-5.646166428554143,176,13.0,0
SN-9025, Pikine ,Électronique,778614.0,25.839217532028623,64,88.0,0
SN-9026,Marché Sandaga,Habillement,1133727.0,-20.428071571192547,110,85.0,0
SN-9027,Ouakam,Restauration,246465.0,,160,30.0,1
SN-9028,Marche Sandaga,Alimentation,1456180.0,-4.580560909125854,199,119.0,0
SN-9029,PIKINE,Services,1903747.0,-31.475006772568182,187,19.0,0
SN-9030,Marche Sandaga,Alimentation,186775.0,28.336817890194,81,4.0,1
SN-9031,Marche Sandaga,Habillement,1805454.0,-6.4984802388717515,20,93.0,0
SN-9032,Marché Sandaga,Électronique,1763470.0,20.619387448967807,105,54.0,0
SN-9033,Pikine,nan,756933.0,10.018697736010369,40,113.0,0
SN-9034,Parcelles Assainies,Électronique,1609232.0,18.33180986857363,169,81.0,0
SN-9035,Marche Sandaga,Alimentation,1300634.0,8.554850544997663,41,11.0,0
SN-9036, Pikine ,Alimentation,802387.0,26.604352919385946,26,112.0,0
SN-9037,Parcelles Assainies,Habillement,1276113.0,-5.718851406813524,196,72.0,0
SN-9038, Pikine ,Habillement,1814654.0,2.5633549799329804,90,105.0,0
SN-9039,Marche Sandaga,Électronique,277541.0,11.795943376875858,194,86.0,1
SN-9040,Pikine,Restauration,1865399.0,19.810272677376286,93,-4.0,0
SN-9041,Marche Sandaga,Habillement,373384.0,32.48493147661881,160,66.0,0
SN-9042,Medina,Alimentation,1392361.0,27.570590736142336,114,95.0,0
SN-9043,PIKINE,Restauration,1106155.0,32.43782985618036,189,61.0,1
SN-9044,Ouakam,Services,835679.0,7.52926129098803,65,31.0,1
SN-9045,Ouakam,Alimentation,1673317.0,-8.155168835436518,55,65.0,0
SN-9046,Parcelles Assainies,Habillement,364880.0,22.064924374329436,144,78.0,1
SN-9047,Medina,Restauration,1295681.0,18.707074231085265,62,117.0,0
SN-9048,Marche Sandaga,Électronique,469673.0,55.51185461808019,69,85.0,0
SN-9049,Marché Sandaga,Alimentation,460638.0,20.636125901812996,47,36.0,1
SN-9050,Marché Sandaga,Restauration,35116.0,-15.294122261049852,46,80.0,1
SN-9051, Pikine ,Services,1179402.0,5.86128462715739,67,118.0,0
SN-9052,Medina,Habillement,652462.0,-7.619213195586322,71,8.0,0
SN-9053,Parcelles Assainies,Restauration,136616.0,-30.95364781265312,167,93.0,1
SN-9054, Pikine ,Électronique,314691.0,2.8163444124875308,34,55.0,1
SN-9055,PIKINE,Services,280312.0,25.95998740328698,18,46.0,1
SN-9056,Parcelles Assainies,Habillement,213257.0,29.43245286069748,143,88.0,0
SN-9057,Medina,Alimentation,1266649.0,7.869788491216523,96,2.0,0
SN-9058,Guediawaye,Habillement,1907177.0,11.674366992918262,67,49.0,0
SN-9059,Pikine,Habillement,701797.0,12.692259314271821,166,71.0,1
SN-9060,Marche Sandaga,Électronique,158177.0,-11.600237839275936,118,107.0,0
SN-9061,Marche Sandaga,nan,1671121.0,-12.299888116966978,88,24.0,0
SN-9062,Medina,Restauration,1665854.0,10.147085680662865,112,53.0,0
SN-9063,Medina,Services,826859.0,-0.014518057299623202,169,108.0,0
SN-9064,Guediawaye,Alimentation,191466.0,12.037862286453414,59,101.0,0
SN-9065, Pikine ,Services,826610.0,-22.33828835708618,101,21.0,0
SN-9066,Parcelles Assainies,Alimentation,920339.0,-9.883371981847871,47,48.0,0
SN-9067,Yoff,Habillement,1531961.0,-10.660926646730395,107,9.0,0
SN-9068,Medina,Électronique,577077.0,-19.13985714859535,13,44.0,0
SN-9069,Ouakam,Habillement,1078995.0,10.773821455847859,193,93.0,0
SN-9070,Parcelles Assainies,Habillement,1340264.0,0.8445290528805705,7,117.0,0
SN-9071,PIKINE,Électronique,1509687.0,21.723788209621667,21,12.0,0
SN-9072,Ouakam,Habillement,1647355.0,-42.40557016674741,53,-2.0,0
SN-9073,Yoff,Habillement,333364.0,-15.86870110259228,170,65.0,1
SN-9074,Guediawaye,Alimentation,456245.0,12.413198655956725,79,43.0,1
SN-9075,PIKINE,Électronique,594586.0,-29.770455996389398,4,35.0,1
SN-9076,Medina,Restauration,108934.0,-15.799820773822956,63,100.0,1
SN-9077, Pikine ,Habillement,1208887.0,13.053102538805465,51,24.0,1
SN-9078,Marché Sandaga,Alimentation,1390871.0,0.9168177831292785,42,84.0,0
SN-9079,Medina,Alimentation,1683158.0,4.8678883987085015,139,40.0,0
SN-9080,Pikine,Restauration,213752.0,,132,116.0,1
SN-9081,Pikine,Alimentation,824886.0,-10.993675427343607,0,67.0,0
SN-9082,Yoff,Alimentation,920707.0,5.420061191684854,110,61.0,1
SN-9083, Pikine ,Services,1779555.0,3.816226800298796,90,105.0,0
SN-9084,Parcelles Assainies,Électronique,1836814.0,-12.45106365686631,11,29.0,0
SN-9085,PIKINE,Alimentation,161131.0,-33.15242145218392,141,22.0,1
SN-9086, Pikine ,Alimentation,776534.0,11.196048368573791,39,16.0,0
SN-9087,Yoff,Électronique,1011089.0,,98,13.0,0
SN-9088,Ouakam,Alimentation,40540.0,5.681020355033768,135,33.0,1
SN-9089,PIKINE,Électronique,1448911.0,26.19918324560328,171,96.0,0
SN-9090,Pikine,Électronique,88358.0,22.228736593323383,7,70.0,0
SN-9091,Guediawaye,Services,1383910.0,-11.842629654638937,53,68.0,0
SN-9092, Pikine ,Habillement,867578.0,,152,108.0,0
SN-9093,Parcelles Assainies,Alimentation,942441.0,48.927550923597536,6,37.0,1
SN-9094,Yoff,Alimentation,725969.0,-31.856667609571282,150,72.0,0
SN-9095,PIKINE,Alimentation,286223.0,17.339247173792415,112,43.0,0
SN-9096,Yoff,Habillement,1517598.0,-20.681370550982123,190,18.0,0
SN-9097,Marche Sandaga,Services,536447.0,25.751081932284002,48,78.0,0
SN-9098,Medina,nan,151446.0,29.040124365367078,126,10.0,1
SN-9099,Guediawaye,Services,856924.0,40.647736010338484,158,56.0,0
SN-9100,Parcelles Assainies,Habillement,976433.0,-13.043085991271967,125,65.0,0
SN-9101,Parcelles Assainies,Alimentation,1818469.0,-12.218461795711173,126,62.0,0
SN-9102,Ouakam,Services,1128634.0,1.0916287775290079,97,61.0,0
SN-9103,Parcelles Assainies,Services,1399889.0,4.275938906144673,26,98.0,0
SN-9104,Ouakam,Restauration,1638168.0,9.241998812606235,29,-5.0,0
SN-9105,Marché Sandaga,Services,150965.0,-12.433423292612744,77,102.0,0
SN-9106,Guediawaye,Habillement,1676238.0,0.28733285835314293,120,87.0,0
SN-9107,Yoff,Alimentation,29328.0,9.886152683666035,77,100.0,0
SN-9108,PIKINE,Électronique,980438.0,4.895625636304904,104,22.0,1
SN-9109,Parcelles Assainies,Alimentation,399088.0,5.607890923479717,142,11.0,1
SN-9110, Pikine ,Habillement,929206.0,1.5219019063960078,182,26.0,0
SN-9111,Guediawaye,Habillement,341811.0,-46.97535319004774,167,100.0,1
SN-9112, Pikine ,Restauration,571904.0,30.699890212116095,41,80.0,1
SN-9113,Parcelles Assainies,Habillement,1489049.0,20.474364599889036,173,94.0,0
SN-9114,Medina,Alimentation,1469509.0,-14.055997265103063,128,29.0,0
SN-9115,Ouakam,Habillement,230796.0,,29,1.0,0
SN-9116,Parcelles Assainies,Services,1829987.0,10.27189629880245,113,97.0,0
SN-9117,Medina,Services,982350.0,-6.297613779174403,195,19.0,1
SN-9118,Parcelles Assainies,Habillement,1784010.0,9.070002459675829,102,3.0,0
SN-9119,PIKINE,nan,1116808.0,12.838560817140054,156,96.0,0
SN-9120,PIKINE,Habillement,791854.0,-33.05929669411034,90,60.0,0
SN-9121,Ouakam,Électronique,607566.0,-12.305486455173401,173,101.0,0
SN-9122,Marche Sandaga,Électronique,570748.0,35.38919971821456,38,59.0,1
SN-9123,Parcelles Assainies,Alimentation,645039.0,-3.91920191212657,5,101.0,0
SN-9124,Medina,Services,896991.0,-30.797952285734105,69,28.0,0
SN-9125,Yoff,Électronique,425138.0,41.350334317762,144,99.0,1
SN-9126,Marché Sandaga,Restauration,1189264.0,,102,28.0,0
SN-9127,Ouakam,Électronique,1039890.0,29.104958741228536,183,3.0,0
SN-9128,Medina,Services,611608.0,-5.6262335253594,7,66.0,0
SN-9129,Yoff,Services,546469.0,-8.748911141425404,136,11.0,1
SN-9130,PIKINE,Habillement,992273.0,-7.770641744090892,104,116.0,0
SN-9131,Yoff,Électronique,445561.0,,126,73.0,0
SN-9132,Ouakam,Habillement,1712453.0,17.29075721886649,34,54.0,0
SN-9133,Parcelles Assainies,nan,181227.0,36.916050512858575,64,76.0,0
SN-9134,Medina,Alimentation,237578.0,-36.031296004657584,185,37.0,1
SN-9135,Yoff,Restauration,1025789.0,-13.18459427881473,193,59.0,0
SN-9136,Guediawaye,Habillement,1823612.0,-13.027963688250583,129,30.0,1
SN-9137,Guediawaye,Habillement,631745.0,2.4761136815145828,12,82.0,0
SN-9138,Ouakam,Électronique,11305.0,5.381197986417293,51,61.0,0
SN-9139, Pikine ,Restauration,1801140.0,-19.34034870172592,41,93.0,0
SN-9140,Marche Sandaga,Alimentation,132217.0,,59,107.0,0
SN-9141,Marche Sandaga,Électronique,876499.0,7.53424788187436,198,115.0,0
SN-9142,Ouakam,Alimentation,1904719.0,11.053029346916713,59,80.0,0
SN-9143,Guediawaye,Restauration,847368.0,-23.900314047071916,34,46.0,0
SN-9144,Medina,Électronique,1629142.0,-8.724233419204705,190,108.0,0
SN-9145,Ouakam,Alimentation,9169.0,6.814503729105292,184,65.0,0
SN-9146,Pikine,Alimentation,203651.0,21.087245129379184,160,83.0,0
SN-9147,Medina,Habillement,453675.0,8.939380030162726,126,96.0,0
SN-9148,Marché Sandaga,Habillement,483510.0,,4,114.0,0
SN-9149,Yoff,Restauration,1609189.0,-24.08027462461485,54,39.0,0
SN-9150,PIKINE,Restauration,1201423.0,-22.92756514611941,52,7.0,1
SN-9151,Medina,Alimentation,1775834.0,6.973108092584024,24,96.0,0
SN-9152,Yoff,Électronique,1630975.0,-23.58530146804494,101,90.0,0
SN-9153,Yoff,Services,1911995.0,-9.389752674483793,74,45.0,0
SN-9154,Marche Sandaga,Alimentation,1229662.0,-13.29978411792708,40,25.0,0
SN-9155,Medina,Électronique,1981893.0,23.20014410685189,65,78.0,0
SN-9156,Marché Sandaga,Électronique,137024.0,-17.760308735657567,71,32.0,1
SN-9157,PIKINE,Électronique,1170523.0,-43.696634788054126,31,112.0,0
SN-9158,Guediawaye,Électronique,1986423.0,-13.514813394106127,192,79.0,0
SN-9159,Pikine,Électronique,1518100.0,,100,11.0,0
SN-9160,PIKINE,Alimentation,1953080.0,15.290009864654785,113,-3.0,0
SN-9161,Pikine,Services,1254804.0,-24.751026068145773,192,53.0,0
SN-9162,Yoff,Restauration,1304919.0,7.829191179176259,0,40.0,0
SN-9163,Parcelles Assainies,Alimentation,1470961.0,-22.75679974197423,110,11.0,1
SN-9164,Marche Sandaga,Restauration,1018896.0,-47.40341118468341,107,84.0,0
SN-9165,Pikine,Électronique,1551865.0,12.53086266583162,179,1.0,0
SN-9166,Pikine,Restauration,758848.0,-26.467070261403876,179,35.0,0
SN-9167,Medina,Services,179718.0,,120,108.0,1
SN-9168,Yoff,Électronique,186102.0,-24.874030023098477,79,30.0,0
SN-9169,Pikine,Alimentation,405674.0,-26.061932431139972,26,58.0,0
SN-9170,Yoff,Restauration,791354.0,-31.07023462192309,49,38.0,0
SN-9171,Medina,Restauration,635259.0,-27.428401615583834,136,80.0,0
SN-9172,Marché Sandaga,Restauration,1873947.0,6.0465279255480295,194,73.0,0
SN-9173,Yoff,Habillement,322818.0,,149,65.0,1
SN-9174,PIKINE,Habillement,564278.0,10.351855179597926,166,101.0,0
SN-9175,Yoff,Alimentation,249801.0,10.083266325942574,62,34.0,0
SN-9176,Pikine,Habillement,990678.0,-12.07464785881158,20,18.0,0
SN-9177,Guediawaye,Alimentation,292863.0,28.539013415168256,165,63.0,0
SN-9178,PIKINE,Restauration,934928.0,-11.523609901070035,169,2.0,1
SN-9179, Pikine ,Habillement,908269.0,0.9878617487764317,122,49.0,0
SN-9180,Guediawaye,Alimentation,624905.0,-22.24891049622355,168,110.0,0
SN-9181,Medina,Habillement,1053610.0,-15.619660717798435,122,54.0,0
SN-9182,Ouakam,Habillement,111714.0,7.910525251762673,59,50.0,1
SN-9183,Marché Sandaga,Services,135436.0,-13.284618662616188,147,4.0,0
SN-9184,Medina,Alimentation,805149.0,14.179097151226399,162,33.0,0
SN-9185, Pikine ,Alimentation,1562876.0,13.473549867148556,189,34.0,1
SN-9186, Pikine ,Alimentation,1491505.0,,147,42.0,0
SN-9187,PIKINE,Alimentation,110134.0,-21.604778369083903,117,105.0,0
SN-9188,Parcelles Assainies,Alimentation,718384.0,12.761798768824224,123,108.0,0
SN-9189,Ouakam,Électronique,1960904.0,14.738811445807949,66,4.0,0
SN-9190,PIKINE,Services,29170.0,-16.945458795550298,22,78.0,0
SN-9191,Medina,nan,957289.0,,111,5.0,0
SN-9192,Ouakam,Habillement,722043.0,0.5727568966924533,0,24.0,0
SN-9193,Marche Sandaga,Alimentation,1638913.0,-1.7250836302047092,31,39.0,0
SN-9194,Marche Sandaga,Habillement,515381.0,26.546220971354284,111,93.0,0
SN-9195,Ouakam,Restauration,537245.0,20.077473167025957,108,10.0,0
SN-9196,Marche Sandaga,Alimentation,562966.0,,28,-5.0,1
SN-9197,Guediawaye,Restauration,770608.0,,41,35.0,0
SN-9198,Marche Sandaga,Alimentation,520278.0,-7.069101887649154,128,63.0,0
SN-9199,Guediawaye,Services,431881.0,-1.4792261742301975,151,75.0,1
SN-9200,Ouakam,Services,774533.0,16.86083068238472,197,90.0,0
SN-9201,Yoff,Habillement,1437810.0,26.229667155096212,66,38.0,0
SN-9202,Marche Sandaga,Habillement,120048.0,21.198834964797015,96,60.0,1
SN-9203, Pikine ,Services,699356.0,-5.525184056537379,19,104.0,1
SN-9204,Ouakam,Alimentation,1783625.0,2.2801245703177244,40,59.0,0
SN-9205,Pikine,nan,31219.0,-8.516939215365323,185,2.0,1
SN-9206,Marche Sandaga,Habillement,350968.0,12.122485949491928,94,115.0,0
SN-9207,Guediawaye,Électronique,92701.0,20.54386138439281,138,89.0,1
SN-9208,Marché Sandaga,Services,18531.0,-7.640091451330143,127,49.0,0
SN-9209,Marche Sandaga,Restauration,518505.0,30.15493869499917,45,88.0,1
SN-9210,Marché Sandaga,nan,1932164.0,-2.0309094173335933,20,41.0,0
SN-9211,PIKINE,Électronique,565288.0,16.28284300878894,12,84.0,0
SN-9212,Ouakam,Restauration,346149.0,-22.141362296211344,168,27.0,1
SN-9213,Yoff,Alimentation,642508.0,9.680716026983681,158,12.0,1
SN-9214,Yoff,Alimentation,1600376.0,-17.788617504875624,69,96.0,0
SN-9215,Marche Sandaga,Habillement,1654737.0,-22.307310123645596,11,35.0,0
SN-9216, Pikine ,nan,1831202.0,-22.3811327979309,115,79.0,0
SN-9217,Guediawaye,Services,1507888.0,17.72603060886734,133,71.0,0
SN-9218,Pikine,Restauration,662070.0,-7.7004142481052105,87,53.0,0
SN-9219,Guediawaye,Habillement,1114531.0,-37.245765364042576,19,49.0,0
SN-9220,Medina,Électronique,1824578.0,6.684574468914782,51,30.0,0
SN-9221,Yoff,Électronique,1312622.0,42.34654289773714,91,56.0,0
SN-9222,Guediawaye,Alimentation,1503728.0,-24.486583256640483,87,14.0,0
SN-9223,Yoff,Alimentation,1329352.0,3.67167833661572,22,34.0,0
SN-9224,Guediawaye,Alimentation,1430419.0,-10.28952889160671,60,77.0,0
SN-9225,Marche Sandaga,Habillement,718335.0,9.68918408084048,85,90.0,0
SN-9226,PIKINE,Alimentation,1213490.0,9.889157740396513,147,40.0,0
SN-9227,Marché Sandaga,nan,1486913.0,10.602470266593379,188,108.0,0
SN-9228,Ouakam,Restauration,1492266.0,,87,78.0,0
SN-9229,Pikine,Alimentation,434402.0,-13.104330164074032,77,74.0,0
SN-9230, Pikine ,Alimentation,1603136.0,-10.67307177412383,116,7.0,0
SN-9231,Marché Sandaga,Habillement,793735.0,-12.707810595349534,193,60.0,0
SN-9232,Parcelles Assainies,Alimentation,223219.0,-12.106728506454589,18,87.0,0
SN-9233,PIKINE,Électronique,1535981.0,-17.678678062095177,72,33.0,0
SN-9234,Marché Sandaga,Habillement,1364039.0,-11.19249768857667,175,60.0,0
SN-9235,Guediawaye,Alimentation,1168184.0,-27.835600136754735,135,112.0,0
SN-9236,Yoff,Restauration,151066.0,-11.550403243189129,29,72.0,0
SN-9237,Parcelles Assainies,Alimentation,779418.0,,149,41.0,0
SN-9238,Ouakam,Alimentation,863632.0,10.988075758606673,154,67.0,0
SN-9239,Parcelles Assainies,Habillement,1862784.0,-19.39490113837705,91,96.0,0
SN-9240,Marche Sandaga,Alimentation,102616.0,13.89317732725485,167,20.0,1
SN-9241,Medina,Services,145845.0,-43.812686068832996,197,0.0,1
SN-9242,Ouakam,Services,1783121.0,-1.1834884678873894,146,37.0,0
SN-9243, Pikine ,Électronique,280580.0,-5.8446742809652905,173,25.0,0
SN-9244,Pikine,Habillement,967658.0,19.81552660457678,127,74.0,1
SN-9245,Guediawaye,Électronique,724969.0,-11.683312273679626,39,62.0,1
SN-9246,Parcelles Assainies,Restauration,489364.0,-2.189264894647223,72,97.0,0
SN-9247,Yoff,Services,891476.0,52.41140065795045,89,-3.0,0
SN-9248,Guediawaye,Alimentation,495238.0,41.012144810170604,101,46.0,1
SN-9249,Yoff,Restauration,1590885.0,6.615783027971811,29,84.0,0
SN-9250,Yoff,Habillement,253434.0,17.975707807315253,190,72.0,0
SN-9251,Medina,Restauration,116860.0,12.9943214195497,13,92.0,1
SN-9252,Medina,Alimentation,1048372.0,-0.16043942071085993,187,103.0,0
SN-9253,Ouakam,Habillement,833956.0,,142,17.0,0
SN-9254,Pikine,Électronique,694999.0,16.999213329631,124,95.0,0
SN-9255,Guediawaye,Électronique,702653.0,-0.7801630069857091,85,56.0,0
SN-9256,Ouakam,nan,554212.0,11.460697901841561,131,106.0,0
SN-9257,Marche Sandaga,Restauration,1240773.0,31.289910813193174,177,26.0,0
SN-9258,Marche Sandaga,Alimentation,1832254.0,3.133312205650178,185,22.0,0
SN-9259,PIKINE,Habillement,956021.0,-8.155316803086803,126,3.0,1
SN-9260,Guediawaye,Électronique,199557.0,13.535742414475768,137,96.0,0
SN-9261, Pikine ,Habillement,952167.0,-17.836096165387467,151,56.0,0
SN-9262,Guediawaye,Habillement,1610108.0,-9.033770711654686,100,40.0,0
SN-9263, Pikine ,Habillement,770405.0,-5.563596467237978,152,50.0,1
SN-9264,Ouakam,Habillement,86994.0,10.93061975774225,199,118.0,0
SN-9265,Guediawaye,Électronique,1504491.0,6.41301404100333,165,117.0,0
SN-9266,Marche Sandaga,Alimentation,497836.0,-10.608540295121774,190,-4.0,0
SN-9267,Medina,Restauration,840662.0,-24.493211038466207,78,60.0,0
SN-9268,Medina,Électronique,1786500.0,-3.2412779148665827,144,2.0,0
SN-9269,Ouakam,Restauration,1838735.0,-29.7245924901102,16,44.0,0
SN-9270,Marche Sandaga,Services,1785053.0,-22.72656239213326,28,-1.0,0
SN-9271,Parcelles Assainies,Alimentation,645845.0,-5.244361398479715,111,104.0,0
SN-9272,Marché Sandaga,Habillement,881733.0,-0.6193113843447383,68,21.0,0
SN-9273,Ouakam,Services,1644792.0,22.9044424387995,111,78.0,0
SN-9274,PIKINE,Services,139223.0,33.46041962950484,72,25.0,0
SN-9275, Pikine ,Restauration,443342.0,12.381867809487687,10,114.0,0
SN-9276,Marché Sandaga,nan,1113123.0,3.89178995968617,144,77.0,1
SN-9277,Parcelles Assainies,Restauration,834788.0,30.42887134655544,12,113.0,0
SN-9278, Pikine ,Restauration,1433428.0,12.372982654377294,67,-5.0,0
SN-9279,Parcelles Assainies,Restauration,549622.0,29.351589699419232,56,4.0,1
SN-9280, Pikine ,Services,201103.0,-13.608227167117413,31,97.0,0
SN-9281,Marché Sandaga,Alimentation,461181.0,-10.848825405101785,197,84.0,0
SN-9282,PIKINE,Services,1077294.0,4.2239550306427756,38,69.0,0
SN-9283, Pikine ,Restauration,1765727.0,1.8997902611103157,122,88.0,0
SN-9284,Guediawaye,Électronique,1533210.0,20.027891618520187,82,59.0,0
SN-9285,Marche Sandaga,Services,555995.0,0.6709229739275655,162,-4.0,1
SN-9286,Marché Sandaga,Restauration,1895053.0,57.819798746046615,37,62.0,0
SN-9287,PIKINE,Alimentation,215463.0,-4.001368049973453,68,25.0,0
SN-9288,Ouakam,Électronique,292758.0,20.509829811384158,159,46.0,0
SN-9289,PIKINE,Électronique,269089.0,-32.66650031840045,163,48.0,0
SN-9290,Marche Sandaga,Alimentation,1102080.0,-9.431049431689683,57,7.0,0
SN-9291,Parcelles Assainies,nan,516106.0,-9.198447509407316,156,8.0,1
SN-9292,Parcelles Assainies,Services,353766.0,-0.28368060715817756,82,15.0,1
SN-9293,Guediawaye,Alimentation,1029472.0,13.722819022479893,110,10.0,0
SN-9294,Marche Sandaga,Électronique,1680798.0,-51.12442671859191,144,93.0,0
SN-9295,Marche Sandaga,Restauration,1127206.0,23.34517368099293,171,65.0,0
SN-9296,Pikine,Services,874337.0,3.705839946158815,29,-5.0,0
SN-9297,Guediawaye,Services,947839.0,10.989613666403816,122,52.0,1
SN-9298,Marche Sandaga,Services,602139.0,35.461992459517255,4,101.0,1
SN-9299,Marché Sandaga,Restauration,818176.0,1.7766639593896472,71,69.0,0
SN-9300,Medina,Habillement,1553547.0,-16.33023143819017,39,90.0,0
SN-9301,Marche Sandaga,Services,444762.0,12.545607789701132,83,17.0,0
SN-9302,Yoff,Habillement,1229422.0,,58,40.0,1
SN-9303,Guediawaye,Habillement,1908425.0,2.7788744305525444,32,22.0,0
SN-9304,Marche Sandaga,Restauration,1937747.0,-15.529894841837471,16,23.0,0
SN-9305,Marche Sandaga,Alimentation,38757.0,-0.1998727209746223,171,39.0,0
SN-9306,Parcelles Assainies,Habillement,203744.0,8.831338151954025,103,96.0,0
SN-9307, Pikine ,Électronique,459567.0,-26.026138408774948,85,44.0,0
SN-9308,Ouakam,Restauration,1314210.0,,191,5.0,0
SN-9309,Pikine,Habillement,207567.0,1.5157082937004924,39,105.0,0
SN-9310,Parcelles Assainies,Habillement,1005294.0,1.7485915143611106,138,58.0,0
SN-9311,Ouakam,Services,785432.0,-24.880277043388443,99,85.0,0
SN-9312,Medina,Électronique,765325.0,24.565718037496108,71,64.0,0
SN-9313,Marché Sandaga,Alimentation,1700695.0,-20.379907836775185,116,66.0,0
SN-9314,Ouakam,Alimentation,1317237.0,5.61530046953739,67,29.0,0
SN-9315,Parcelles Assainies,Habillement,656782.0,-13.395768202702389,121,48.0,0
SN-9316,Parcelles Assainies,Alimentation,699018.0,-44.52506116329535,41,45.0,0
SN-9317,Marche Sandaga,Restauration,1259078.0,,33,82.0,0
SN-9318,PIKINE,Services,1259613.0,-16.129686121156368,124,79.0,0
SN-9319,Pikine,Alimentation,1312056.0,37.09332321024424,158,51.0,1
SN-9320,Ouakam,nan,1156635.0,-14.788862031657793,189,96.0,0
SN-9321,Marché Sandaga,Services,1784802.0,-14.678979819626585,130,39.0,0
SN-9322, Pikine ,Électronique,1948421.0,-22.60761338004492,109,8.0,0
SN-9323,Pikine,Restauration,590791.0,17.584333453889915,60,20.0,0
SN-9324,Guediawaye,Alimentation,1698948.0,-6.4338600287839585,45,-1.0,0
SN-9325,Pikine,Restauration,893719.0,-41.79573818021932,130,0.0,0
SN-9326, Pikine ,Habillement,1609410.0,15.551158805555323,72,-1.0,0
SN-9327,Ouakam,Électronique,877206.0,-19.336029417207342,165,-5.0,0
SN-9328,Yoff,Restauration,311166.0,36.0590747316624,152,-2.0,1
SN-9329,Marche Sandaga,Alimentation,563673.0,22.566816418704228,146,41.0,0
SN-9330,Pikine,Restauration,95796.0,15.127334714230873,185,45.0,1
SN-9331,PIKINE,Alimentation,1837220.0,,15,22.0,0
SN-9332, Pikine ,Habillement,1136477.0,20.805061968773924,154,85.0,0
SN-9333,Pikine,Services,409696.0,-30.987472641623736,15,64.0,0
SN-9334,PIKINE,Électronique,973175.0,-21.699022470184026,135,96.0,0
SN-9335,Medina,nan,1687182.0,2.0287311710625957,159,59.0,0
SN-9336,PIKINE,Électronique,1543057.0,12.055456236463016,154,6.0,0
SN-9337,Marché Sandaga,Habillement,1073037.0,,68,51.0,0
SN-9338,Marche Sandaga,Électronique,914387.0,4.45376300503731,18,97.0,0
SN-9339,Parcelles Assainies,Services,1924848.0,-9.091843333923956,170,63.0,0
SN-9340,Pikine,Électronique,192001.0,,71,81.0,0
SN-9341,Medina,Électronique,721646.0,31.84802967675484,57,39.0,0
SN-9342, Pikine ,Habillement,1208414.0,-21.70087917572534,109,27.0,0
SN-9343,Pikine,Alimentation,632208.0,-30.5968304274515,177,114.0,0
SN-9344,Parcelles Assainies,Restauration,1866224.0,-4.377830980820191,93,109.0,0
SN-9345,Marche Sandaga,Électronique,1403168.0,38.478532777109905,65,68.0,0
SN-9346, Pikine ,Habillement,1416166.0,6.697599604470775,57,90.0,0
SN-9347,Medina,Alimentation,1074864.0,1.7098082858592911,23,117.0,0
SN-9348, Pikine ,Alimentation,1937426.0,20.884963709707122,148,-5.0,0
SN-9349,Yoff,Alimentation,1274116.0,-6.582450584973206,89,65.0,0
SN-9350,Marche Sandaga,Restauration,1038572.0,-9.182944452956365,132,94.0,0
SN-9351,Medina,Restauration,421768.0,0.5363839919928547,34,104.0,0
SN-9352,Ouakam,Services,646787.0,-5.885199675317515,148,104.0,0
SN-9353,Parcelles Assainies,Électronique,33392.0,-16.6549426677253,58,38.0,0
SN-9354,Pikine,Habillement,866797.0,43.104480807765455,149,113.0,0
SN-9355,Marché Sandaga,Services,808498.0,19.087760351751555,28,81.0,0
SN-9356, Pikine ,Services,1658803.0,,126,69.0,0
SN-9357,Pikine,Restauration,818101.0,-40.58179259341006,150,7.0,0
SN-9358,Guediawaye,Électronique,1620818.0,12.119590250557422,170,102.0,0
SN-9359,PIKINE,Restauration,8716.0,26.685057657275763,142,-1.0,1
SN-9360,Marche Sandaga,Alimentation,631879.0,39.39642420266812,165,105.0,0
SN-9361,Yoff,Restauration,1396233.0,-22.869876288601088,60,19.0,0
SN-9362,Yoff,nan,1340157.0,20.567992175024457,191,84.0,0
SN-9363,Parcelles Assainies,Électronique,875326.0,-2.293445493005946,85,111.0,1
SN-9364,Pikine,Alimentation,923020.0,1.985380857732832,179,51.0,0
SN-9365,Medina,Alimentation,1405009.0,-3.6383270513624484,4,97.0,0
SN-9366,Yoff,Électronique,1451432.0,20.404960635145017,130,37.0,0
SN-9367,Guediawaye,Restauration,316487.0,-46.54780534958075,130,100.0,0
SN-9368,Pikine,Électronique,1661600.0,8.631554170481614,140,12.0,0
SN-9369,Pikine,Services,1299715.0,10.155386905304782,42,81.0,0
SN-9370,Parcelles Assainies,Restauration,873669.0,5.373977274195565,136,65.0,0
SN-9371,Ouakam,Services,756371.0,-23.052943634691005,93,112.0,0
SN-9372, Pikine ,Alimentation,742891.0,7.246428498334218,196,0.0,0
SN-9373,Guediawaye,Habillement,1972763.0,-15.370006578505638,173,6.0,0
SN-9374,Marché Sandaga,Électronique,110605.0,3.9939651488203,38,23.0,1
SN-9375, Pikine ,Alimentation,969899.0,-0.479123218460623,118,72.0,0
SN-9376,Marché Sandaga,Restauration,1105942.0,-11.718084544426787,154,101.0,0
SN-9377,Guediawaye,Électronique,797192.0,-5.5821357267338945,199,82.0,0
SN-9378,Medina,Alimentation,212793.0,-11.777169282611515,100,118.0,0
SN-9379,Medina,Électronique,1766367.0,25.567744602911475,142,64.0,0
SN-9380,Guediawaye,Services,1485886.0,-29.058088165384266,45,83.0,0
SN-9381,Marche Sandaga,Électronique,725607.0,,135,50.0,0
SN-9382,Parcelles Assainies,Services,1702062.0,10.760074261781904,141,51.0,0
SN-9383,PIKINE,Habillement,817816.0,2.9482329487251233,44,103.0,0
SN-9384, Pikine ,Restauration,442737.0,-27.541161124233486,96,74.0,0
SN-9385,Ouakam,Restauration,478927.0,-5.994134562863733,120,112.0,0
SN-9386,Ouakam,Habillement,1770852.0,-7.294647472203869,129,100.0,0
SN-9387,Parcelles Assainies,Alimentation,1997430.0,-49.688813916029275,36,98.0,0
SN-9388,Medina,Habillement,194655.0,22.825024902958116,70,68.0,1
SN-9389,Medina,nan,437913.0,-29.55518782633203,145,52.0,0
SN-9390,Pikine,Habillement,811496.0,0.475228674195345,144,16.0,0
SN-9391,Guediawaye,Habillement,1931081.0,9.791308657054032,50,92.0,0
SN-9392,Guediawaye,Habillement,496465.0,44.560050890496505,88,109.0,0
SN-9393,Marché Sandaga,Électronique,549679.0,17.005956650381616,73,69.0,0
SN-9394,Guediawaye,Alimentation,1591904.0,4.089132694298575,94,114.0,0
SN-9395,Ouakam,Habillement,1265395.0,3.4783619260453325,165,27.0,0
SN-9396, Pikine ,Services,1245899.0,,109,103.0,0
SN-9397,Ouakam,Habillement,945510.0,,107,61.0,0
SN-9398,Guediawaye,nan,1579688.0,-6.348959158815825,122,102.0,0
SN-9399,Pikine,Alimentation,1434361.0,-9.465726753716108,116,97.0,0
SN-9400,Ouakam,Électronique,626079.0,40.36768973126358,53,73.0,1
SN-9401,Marche Sandaga,Électronique,22082.0,-28.556000498849905,177,71.0,1
SN-9402,Ouakam,Services,453750.0,5.603407528657436,79,2.0,1
SN-9403,Marche Sandaga,Habillement,859355.0,15.145305907421804,11,112.0,0
SN-9404,Parcelles Assainies,nan,148188.0,-23.70348929309946,98,86.0,0
SN-9405,Parcelles Assainies,Restauration,1471178.0,18.24417527257525,44,5.0,0
SN-9406,Guediawaye,Habillement,993594.0,-35.300743937747924,134,78.0,0
SN-9407,Marche Sandaga,Habillement,430730.0,,177,101.0,0
SN-9408,Marche Sandaga,Services,1957306.0,-6.068483013204638,68,89.0,0
SN-9409,Yoff,Électronique,1849847.0,-17.18862017228963,161,85.0,0
SN-9410,Marche Sandaga,Habillement,255455.0,-8.27012763765953,115,52.0,1
SN-9411,Pikine,nan,469925.0,6.000082423167777,170,110.0,0
SN-9412,PIKINE,Alimentation,962915.0,10.00157900547344,52,18.0,0
SN-9413,Yoff,Électronique,489034.0,7.626795200722453,183,68.0,0
SN-9414,Guediawaye,Électronique,721855.0,-0.0191017711397336,192,75.0,0
SN-9415,Marche Sandaga,Électronique,739781.0,-21.887522918983713,76,32.0,0
SN-9416,Parcelles Assainies,Habillement,327580.0,8.553842761618517,182,48.0,0
SN-9417,PIKINE,Habillement,593226.0,-2.4488209620909003,84,41.0,1
SN-9418,Yoff,Alimentation,1004100.0,5.0791301193862415,43,74.0,0
SN-9419,Parcelles Assainies,nan,816972.0,21.45437959185122,185,27.0,0
SN-9420,Pikine,Électronique,38474.0,-13.24135633782063,26,91.0,0
SN-9421,Medina,Habillement,1326563.0,-1.7233682664270265,196,104.0,0
SN-9422,Marche Sandaga,Restauration,1539067.0,32.686253440527175,86,106.0,0
SN-9423,Guediawaye,Alimentation,1569826.0,-11.063633445762731,160,103.0,0
SN-9424,Yoff,Services,405079.0,-0.0353676603663316,90,80.0,1
SN-9425,Pikine,Habillement,1670624.0,-30.539804120877065,44,12.0,0
SN-9426, Pikine ,Services,866397.0,-3.5897340238980284,163,32.0,0
SN-9427,Marché Sandaga,Services,16622.0,13.765320773100392,40,62.0,0
SN-9428,Pikine,Habillement,1393163.0,,53,51.0,0
SN-9429,Marché Sandaga,Habillement,1257365.0,32.61883010496442,25,18.0,0
SN-9430,Parcelles Assainies,Habillement,29898.0,4.9588668272023275,85,90.0,0
SN-9431, Pikine ,Électronique,264884.0,-25.9489288753057,176,89.0,0
SN-9432, Pikine ,Habillement,811453.0,4.07979870075661,128,8.0,1
SN-9433,Marche Sandaga,Services,1476974.0,0.5546214370849781,11,109.0,0
SN-9434,Yoff,Services,1651247.0,9.38989550468597,151,21.0,0
SN-9435,Ouakam,Habillement,362786.0,,177,112.0,0
SN-9436,Parcelles Assainies,nan,1103975.0,41.78658875076497,136,101.0,0
SN-9437,Ouakam,Restauration,1682808.0,14.844225594377399,35,36.0,0
SN-9438,Guediawaye,Services,65222.0,-42.75770184662419,45,109.0,1
SN-9439,Ouakam,Services,1859393.0,10.31594189769348,119,106.0,0
SN-9440,Marché Sandaga,Services,548991.0,-1.1460636744838304,109,36.0,1
SN-9441, Pikine ,Électronique,948212.0,-5.057764923509712,180,53.0,0
SN-9442,Marche Sandaga,Restauration,1298385.0,-33.25207695849437,67,71.0,0
SN-9443,Yoff,Électronique,1500429.0,3.223916427748394,139,116.0,0
SN-9444,Marche Sandaga,Alimentation,469762.0,-27.33331789140599,102,76.0,0
SN-9445,Yoff,Habillement,72147.0,,99,48.0,0
SN-9446,Ouakam,Habillement,1359253.0,-23.216099616742582,0,25.0,0
SN-9447,Medina,Services,1275934.0,23.818098453179385,168,61.0,1
SN-9448,Guediawaye,Électronique,1299729.0,25.530092565966083,60,77.0,0
SN-9449,Marche Sandaga,Restauration,153624.0,5.089533756987736,90,97.0,0
SN-9450,Ouakam,Alimentation,154142.0,6.594174719735917,111,30.0,0
SN-9451,Pikine,Restauration,351604.0,-10.985640944951893,198,108.0,0
SN-9452,Ouakam,Alimentation,529329.0,-7.989910530248853,40,65.0,1
SN-9453,Yoff,Électronique,1188076.0,12.241959757466114,139,101.0,0
SN-9454,Ouakam,Restauration,173538.0,10.625954938843595,174,80.0,0
SN-9455,Guediawaye,Électronique,1928573.0,-15.212003022893484,54,23.0,0
SN-9456,Marché Sandaga,Électronique,638273.0,18.205785811833127,3,96.0,0
SN-9457,Ouakam,nan,544493.0,-16.07783095637056,156,54.0,0
SN-9458, Pikine ,Électronique,956706.0,15.505022082574875,175,75.0,0
SN-9459,Parcelles Assainies,Restauration,792927.0,-12.223707137879936,125,73.0,0
SN-9460,Marche Sandaga,Restauration,153029.0,24.66313643645307,91,57.0,1
SN-9461,Medina,Habillement,235243.0,,100,11.0,1
SN-9462,PIKINE,Restauration,445142.0,-13.761448120035508,97,33.0,0
SN-9463,Marché Sandaga,Services,712065.0,15.301392389391395,146,96.0,1
SN-9464,Parcelles Assainies,Alimentation,1166630.0,37.675121965860846,114,60.0,0
SN-9465, Pikine ,Alimentation,1379537.0,5.606295748705805,170,18.0,0
SN-9466,Parcelles Assainies,Alimentation,1799898.0,-24.263678024585552,173,25.0,0
SN-9467, Pikine ,Électronique,1873412.0,-6.783791670419458,110,113.0,0
SN-9468,Marché Sandaga,Restauration,577806.0,,174,119.0,1
SN-9469,Marche Sandaga,Électronique,1686770.0,5.878397279104313,173,25.0,0
SN-9470, Pikine ,Habillement,1823731.0,-0.024673441982482527,62,46.0,0
SN-9471,Pikine,Restauration,1630590.0,-35.57415537894869,11,107.0,0
SN-9472,Yoff,Électronique,317703.0,-9.187236429306115,2,52.0,1
SN-9473,Yoff,Alimentation,1122614.0,11.385259491162273,155,79.0,0
SN-9474,PIKINE,Habillement,117384.0,0.6003249467034533,131,108.0,1
SN-9475, Pikine ,Services,262598.0,0.24716605710406073,19,59.0,1
SN-9476,Marché Sandaga,Électronique,1757321.0,-20.573242738979623,30,116.0,0
SN-9477, Pikine ,Restauration,358518.0,-12.582922810233185,106,0.0,1
SN-9478,Marché Sandaga,Restauration,1937716.0,17.485097134350507,98,109.0,0
SN-9479,Pikine,Alimentation,1921448.0,37.98327143827216,141,85.0,0
SN-9480,Marche Sandaga,Alimentation,1583539.0,-30.47585376967049,3,13.0,0
SN-9481,Ouakam,Restauration,1597790.0,4.3930852523747035,84,79.0,0
SN-9482,Pikine,Habillement,1973281.0,35.158606638402574,189,97.0,0
SN-9483,Guediawaye,Alimentation,1711509.0,-11.79430470073758,109,112.0,0
SN-9484,Medina,Services,1160066.0,12.195022025947097,100,19.0,0
SN-9485,Marche Sandaga,Habillement,1017188.0,3.4582406849028704,195,38.0,1
SN-9486,Ouakam,Habillement,1842560.0,27.652816964668773,166,55.0,0
SN-9487,Medina,Alimentation,655378.0,12.587593796513241,135,98.0,0
SN-9488,Parcelles Assainies,Électronique,1120286.0,-10.447138881954148,55,102.0,0
SN-9489, Pikine ,Alimentation,1800915.0,-14.225007150050445,11,44.0,0
SN-9490,Marche Sandaga,Électronique,274372.0,-29.232642266950066,137,68.0,0
SN-9491, Pikine ,Restauration,1032595.0,6.178010184506524,107,109.0,0
SN-9492,Ouakam,Électronique,251268.0,-1.4975038521636934,49,85.0,0
SN-9493,Ouakam,Électronique,1975427.0,-6.3259986098693215,155,5.0,0
SN-9494,Pikine,Habillement,1864625.0,7.164838117345241,184,118.0,0
SN-9495,PIKINE,Services,800951.0,17.91457520473761,88,52.0,0
SN-9496, Pikine ,Électronique,653154.0,-4.197524856041317,87,100.0,1
SN-9497,Ouakam,Restauration,1816435.0,-29.347467207961174,117,73.0,0
SN-9498,Parcelles Assainies,Restauration,1138848.0,21.895055974498554,150,50.0,0
SN-9499,Parcelles Assainies,Services,1674366.0,-7.369805944360986,48,12.0,1
SN-9500,Ouakam,Alimentation,539606.0,-11.000473717352929,29,11.0,0
SN-9501,Yoff,Restauration,445887.0,-7.8373701577377375,163,82.0,0
SN-9502,Yoff,Habillement,1605196.0,-0.11536081705383638,32,109.0,0
SN-9503,Pikine,Habillement,645216.0,-0.502178369574426,20,-3.0,1
SN-9504,Guediawaye,nan,1399252.0,18.50896022975044,25,61.0,0
SN-9505,Medina,Alimentation,1875742.0,3.898000104344086,66,71.0,0
SN-9506,Marché Sandaga,Restauration,856574.0,12.533777610965151,4,44.0,1
SN-9507,PIKINE,Électronique,693299.0,-21.62664642825399,137,-5.0,1
SN-9508,Marche Sandaga,nan,776115.0,4.846322478830975,22,6.0,1
SN-9509,Ouakam,Électronique,820300.0,-20.794519752655,45,27.0,1
SN-9510,Parcelles Assainies,Électronique,1168288.0,-11.88784604807422,168,11.0,1
SN-9511,Ouakam,nan,480473.0,5.918963733733139,128,42.0,0
SN-9512,Parcelles Assainies,Services,645853.0,-10.31137319275177,167,64.0,0
SN-9513,Pikine,Électronique,1214894.0,17.522527483821705,34,109.0,0
SN-9514,Marché Sandaga,Alimentation,1929352.0,-13.365263202641916,74,66.0,0
SN-9515,Yoff,Services,924886.0,-26.375840227560484,76,114.0,0
SN-9516,Yoff,Habillement,907092.0,17.284643984156162,198,53.0,1
SN-9517, Pikine ,Électronique,198924.0,-7.2664692011007475,50,6.0,0
SN-9518,Yoff,Services,765449.0,2.9366848094298845,124,38.0,0
SN-9519,Medina,Services,237887.0,3.9920386251800677,173,109.0,0
SN-9520,Pikine,Alimentation,1741358.0,-6.735542297146656,66,22.0,0
SN-9521,Yoff,Habillement,907473.0,51.445007303631584,149,28.0,0
SN-9522,Guediawaye,Électronique,28814.0,30.112148781759046,150,89.0,1
SN-9523,Parcelles Assainies,Alimentation,1379230.0,-14.866287732188555,42,21.0,1
SN-9524,Ouakam,Habillement,1460397.0,-3.306136401109824,119,46.0,0
SN-9525,Pikine,Services,1842940.0,-9.353921356796056,72,114.0,0
SN-9526,PIKINE,Restauration,613104.0,2.761152462790885,6,26.0,1
SN-9527,Parcelles Assainies,Alimentation,406643.0,14.810223385999826,25,47.0,1
SN-9528,Pikine,Électronique,213094.0,-3.6270658298493146,170,38.0,1
SN-9529,PIKINE,Services,165190.0,-0.9694393292847667,187,94.0,0
SN-9530,Parcelles Assainies,Habillement,455088.0,24.04133264053455,52,69.0,1
SN-9531,Marche Sandaga,Restauration,1571424.0,-9.296104533595702,15,70.0,0
SN-9532,Medina,Restauration,1490665.0,-3.531699055436994,11,30.0,1
SN-9533,Ouakam,Électronique,1214215.0,25.30985412409349,132,77.0,0
SN-9534,Yoff,Habillement,1089572.0,-14.922201833913045,98,117.0,0
SN-9535,Marche Sandaga,Habillement,1884412.0,-20.74683954918184,51,-1.0,0
SN-9536, Pikine ,Alimentation,1903440.0,3.196668164464385,101,90.0,0
SN-9537,Ouakam,Services,951791.0,11.848004280584526,179,-5.0,0
SN-9538,Yoff,Habillement,728436.0,-8.996033741241021,67,42.0,1
SN-9539,Guediawaye,Restauration,280569.0,29.619575354139187,140,42.0,0
SN-9540,PIKINE,Services,640747.0,-21.134774650151748,130,-2.0,0
SN-9541,Marché Sandaga,Alimentation,1763734.0,-5.722244354629012,36,89.0,0
SN-9542,Medina,Alimentation,1744112.0,9.191023550070677,14,54.0,0
SN-9543,Marche Sandaga,Alimentation,31778.0,25.557549784710453,128,49.0,1
SN-9544,Pikine,Habillement,3155.0,4.005851897636074,182,-1.0,1
SN-9545,Pikine,Habillement,725638.0,27.658005580427186,132,71.0,0
SN-9546,Marché Sandaga,Électronique,1090921.0,3.6747527942797085,26,64.0,0
SN-9547, Pikine ,nan,1399055.0,-24.786632612676627,108,62.0,0
SN-9548,Parcelles Assainies,Électronique,465236.0,5.1844182063218955,63,20.0,0
SN-9549, Pikine ,Électronique,839500.0,5.404746068104939,20,101.0,0
SN-9550,Yoff,Alimentation,1395759.0,20.402995615281586,104,64.0,0
SN-9551,Guediawaye,Restauration,1957006.0,-9.956820021459407,62,44.0,0
SN-9552, Pikine ,Restauration,1202472.0,-10.09430367705831,157,19.0,1
SN-9553,Marché Sandaga,Alimentation,16688.0,-11.877748104263253,106,14.0,1
SN-9554,Ouakam,nan,945003.0,17.43102835116856,8,113.0,1
SN-9555,Yoff,Habillement,71214.0,17.635870133454453,137,103.0,1
SN-9556,PIKINE,nan,37476.0,0.21077426054218834,161,-2.0,1
SN-9557, Pikine ,Services,1045927.0,-16.79905423940317,196,91.0,0
SN-9558,Ouakam,nan,683742.0,-12.428517414438396,6,77.0,0
SN-9559, Pikine ,Habillement,170779.0,10.745979626137029,77,48.0,0
SN-9560,Marché Sandaga,Restauration,277394.0,-21.942475331077915,71,15.0,1
SN-9561,Marché Sandaga,nan,239873.0,-2.560865518146243,18,114.0,0
SN-9562,Yoff,Électronique,1544887.0,-5.518657968319708,197,79.0,0
SN-9563,Marche Sandaga,Habillement,1801920.0,-23.28148684165878,73,46.0,0
SN-9564,PIKINE,Habillement,524429.0,-11.098353257987188,167,79.0,0
SN-9565,Yoff,Services,1782385.0,-21.799571892304517,4,54.0,0
SN-9566, Pikine ,Alimentation,1589950.0,5.431832445578626,45,51.0,0
SN-9567, Pikine ,Habillement,1487244.0,-1.1366271385701703,53,50.0,0
SN-9568,Yoff,Restauration,1147097.0,26.27514036730684,9,68.0,0
SN-9569,Ouakam,Restauration,1533188.0,4.2418761717387445,143,37.0,0
SN-9570, Pikine ,Électronique,1760551.0,26.082459920566624,32,82.0,0
SN-9571, Pikine ,Alimentation,1489996.0,19.363067924716372,117,114.0,0
SN-9572,Guediawaye,Habillement,1695571.0,-31.60471274244228,38,60.0,0
SN-9573,Medina,Habillement,1291949.0,14.56243041367358,70,63.0,0
SN-9574,Ouakam,Alimentation,847818.0,11.738829612607717,18,71.0,0
SN-9575,Pikine,Services,1761878.0,-14.971322389756132,160,95.0,0
SN-9576,Marché Sandaga,Habillement,1350067.0,12.281349622874183,35,77.0,0
SN-9577,Medina,Services,331951.0,8.9259366375687,3,-2.0,1
SN-9578,Parcelles Assainies,nan,1003395.0,41.171050597578976,39,89.0,0
SN-9579,Guediawaye,Habillement,1784464.0,-19.192008171575353,175,40.0,0
SN-9580,PIKINE,Restauration,238460.0,-11.884207406434726,166,37.0,0
SN-9581,Medina,Services,851848.0,24.613598019984536,159,20.0,0
SN-9582,Parcelles Assainies,Restauration,1704044.0,-19.321453339692802,129,37.0,0
SN-9583,Ouakam,Restauration,1570385.0,5.664761476011985,14,75.0,0
SN-9584,Pikine,nan,1925388.0,29.934772726601324,74,73.0,0
SN-9585,Yoff,Habillement,129150.0,17.722887317208333,153,26.0,0
SN-9586,Parcelles Assainies,Habillement,261913.0,24.949560177972877,79,102.0,0
SN-9587,Guediawaye,Alimentation,608171.0,12.704813237550528,125,40.0,1
SN-9588,Parcelles Assainies,Habillement,1440940.0,11.37383622081674,198,56.0,0
SN-9589,Pikine,Électronique,362141.0,18.75214302120328,83,8.0,0
SN-9590,Marche Sandaga,Alimentation,1458404.0,12.67148430804701,72,82.0,1
SN-9591,Marché Sandaga,Habillement,1561004.0,8.358712125214133,10,43.0,0
SN-9592,Pikine,Restauration,1087042.0,-17.10534256865618,101,20.0,0
SN-9593,Marché Sandaga,nan,330401.0,-23.56989403886429,12,19.0,1
SN-9594,Ouakam,Électronique,386757.0,-14.11982096316338,146,45.0,0
SN-9595,PIKINE,Électronique,1770760.0,,193,110.0,0
SN-9596,Parcelles Assainies,Alimentation,719993.0,-25.353820544848894,121,61.0,0
SN-9597,Parcelles Assainies,Électronique,435434.0,-8.378697099448827,115,97.0,0
SN-9598,Guediawaye,Habillement,732048.0,7.047771123244381,178,105.0,1
SN-9599,Ouakam,Électronique,1626321.0,-19.442445831213426,170,27.0,0
SN-9600,Yoff,nan,476005.0,-9.464624631961701,104,32.0,0
SN-9601,Yoff,Électronique,31675.0,10.473847016173943,48,63.0,1
SN-9602,Marché Sandaga,Alimentation,524965.0,-23.96058218866812,40,84.0,0
SN-9603,Parcelles Assainies,Habillement,1163384.0,-21.24303940780201,78,95.0,1
SN-9604,PIKINE,Restauration,1206894.0,5.26872266935981,57,78.0,1
SN-9605,Yoff,Électronique,1763479.0,-28.37096343890647,64,23.0,0
SN-9606,PIKINE,Restauration,260401.0,-41.3228221151505,43,81.0,0
SN-9607,Marché Sandaga,Alimentation,1491714.0,-22.309588837036177,48,62.0,0
SN-9608,Ouakam,Restauration,969015.0,-6.719633056292898,26,11.0,1
SN-9609,PIKINE,Alimentation,1608456.0,-14.572275485431215,35,12.0,0
SN-9610,Guediawaye,nan,764435.0,15.6693536748488,10,0.0,0
SN-9611,PIKINE,Services,721784.0,21.805815795723824,175,-2.0,0
SN-9612,Yoff,nan,1480945.0,19.393178312448633,198,92.0,0
SN-9613,Guediawaye,Restauration,119483.0,-63.012202213674584,18,1.0,1
SN-9614,Yoff,Restauration,602176.0,,134,-3.0,1
SN-9615,Medina,Restauration,1663926.0,15.399494716986034,122,99.0,0
SN-9616,PIKINE,Restauration,233693.0,-20.841291550363714,62,39.0,1
SN-9617,Guediawaye,Alimentation,104010.0,,139,51.0,1
SN-9618,Medina,Restauration,988641.0,-39.06394443375938,110,25.0,0
SN-9619,Pikine,Restauration,943097.0,-16.95179763639026,67,51.0,0
SN-9620,Marché Sandaga,Alimentation,771213.0,-23.572340300360935,18,64.0,0
SN-9621,Marche Sandaga,Restauration,1688733.0,-40.40678817238182,114,25.0,0
SN-9622,PIKINE,Services,257624.0,14.741636541644528,156,14.0,0
SN-9623,Medina,Électronique,1290043.0,15.58813406612186,25,71.0,0
SN-9624,Pikine,Services,1120284.0,10.100049064528324,133,53.0,0
SN-9625,PIKINE,Électronique,775776.0,2.898893467375987,183,29.0,1
SN-9626,Parcelles Assainies,Habillement,1710582.0,-4.958034530126655,102,102.0,0
SN-9627,Marche Sandaga,Alimentation,1805781.0,-38.59703220681973,138,86.0,0
SN-9628,Pikine,Services,48580.0,14.944058698739955,85,4.0,1
SN-9629,Marché Sandaga,Habillement,98852.0,-22.756342723214328,29,78.0,1
SN-9630, Pikine ,Électronique,575365.0,8.898844466202817,110,23.0,0
SN-9631,Yoff,Habillement,1899983.0,-20.811478101450206,176,90.0,0
SN-9632,Marché Sandaga,Électronique,49556.0,-10.516077651440332,170,17.0,1
SN-9633,Ouakam,Alimentation,1943558.0,16.26163238062358,186,28.0,1
SN-9634,Ouakam,Habillement,862335.0,-27.787817938723393,68,8.0,0
SN-9635,Medina,Alimentation,91503.0,-60.09610824547963,124,-5.0,1
SN-9636,Ouakam,Électronique,1854631.0,-18.335095917549534,178,113.0,0
SN-9637,Medina,Services,1556589.0,-8.015797345191887,76,104.0,0
SN-9638, Pikine ,Restauration,1492738.0,-0.3430080797139039,69,59.0,1
SN-9639, Pikine ,Services,505638.0,3.5317075530363433,79,53.0,0
SN-9640,Ouakam,Services,507136.0,-14.362107237708138,11,1.0,0
SN-9641,PIKINE,Habillement,186143.0,-12.500129503130278,186,55.0,1
SN-9642,Yoff,Services,1253349.0,,33,102.0,0
SN-9643, Pikine ,nan,956516.0,-27.3198285059712,115,21.0,0
SN-9644,Pikine,Électronique,1295115.0,-14.433899993828065,151,70.0,0
SN-9645,Pikine,Services,562713.0,7.240886520337476,62,23.0,0
SN-9646,Ouakam,Alimentation,594041.0,5.5079268601547025,116,39.0,0
SN-9647,PIKINE,Habillement,1052529.0,15.797497036886881,10,34.0,0
SN-9648, Pikine ,Alimentation,1180655.0,9.872037358392246,125,85.0,0
SN-9649,Ouakam,Services,1205560.0,,35,83.0,0
SN-9650,Parcelles Assainies,Restauration,1268028.0,13.084002411474513,65,84.0,0
SN-9651, Pikine ,Alimentation,1288482.0,-17.9595306216008,89,78.0,0
SN-9652,Guediawaye,Restauration,1104783.0,-1.6595833063771206,181,10.0,0
SN-9653,PIKINE,Habillement,703587.0,-1.9385853207237922,115,77.0,0
SN-9654,Guediawaye,Électronique,1137408.0,-0.7725040667665867,177,15.0,1
SN-9655,Marché Sandaga,Restauration,1363376.0,26.436620725782,151,34.0,1
SN-9656,Yoff,Habillement,463891.0,-10.449143193036969,47,12.0,0
SN-9657,Pikine,Habillement,1246035.0,-53.68889626595279,199,40.0,0
SN-9658,Parcelles Assainies,Électronique,1264770.0,6.092396319918595,194,53.0,0
SN-9659,PIKINE,Services,434906.0,2.4957172678212873,23,34.0,1
SN-9660, Pikine ,Services,1746803.0,-2.4896091715934108,92,57.0,0
SN-9661,Medina,Restauration,1011489.0,-8.012157390824797,89,-4.0,1
SN-9662,Yoff,Électronique,1137031.0,,189,102.0,0
SN-9663,Pikine,Habillement,395255.0,-31.48217288814611,64,44.0,0
SN-9664,Ouakam,Habillement,3967.0,34.157271760727724,188,14.0,0
SN-9665,PIKINE,Restauration,1915044.0,40.89577017165538,74,73.0,0
SN-9666,PIKINE,Électronique,1452905.0,-17.42948092160707,93,53.0,0
SN-9667,Medina,Habillement,707633.0,-0.2821272862813579,103,5.0,0
SN-9668, Pikine ,Électronique,874619.0,32.569889733628244,95,53.0,0
SN-9669,Pikine,Habillement,1973669.0,-5.825273788855629,78,57.0,0
SN-9670, Pikine ,Restauration,756984.0,8.520043287400638,143,19.0,0
SN-9671, Pikine ,Restauration,227944.0,-5.916219209817896,110,119.0,0
SN-9672,Ouakam,nan,47404.0,-5.334415457215858,107,24.0,0
SN-9673,Marche Sandaga,Habillement,12928.0,11.186880912761994,100,114.0,0
SN-9674,PIKINE,Électronique,492131.0,,170,36.0,0
SN-9675,PIKINE,Services,683710.0,0.5837706616372258,158,75.0,0
SN-9676, Pikine ,Électronique,529426.0,20.297549760169172,145,36.0,0
SN-9677,Parcelles Assainies,Alimentation,1975764.0,6.793908943498855,119,25.0,0
SN-9678,Ouakam,Restauration,1373209.0,15.582966962404175,119,97.0,0
SN-9679,Ouakam,Électronique,1849244.0,-12.008196044751704,173,30.0,0
SN-9680,Yoff,Électronique,1167255.0,52.846794214651695,184,13.0,0
SN-9681,PIKINE,Alimentation,1277035.0,7.994868887010302,118,18.0,0
SN-9682,Marche Sandaga,Services,905302.0,38.10743513392754,60,72.0,0
SN-9683,Marche Sandaga,Habillement,212945.0,-1.8450603044467073,132,108.0,0
SN-9684, Pikine ,Services,804700.0,,114,113.0,0
SN-9685,Pikine,Restauration,1050632.0,8.946318702422124,144,82.0,0
SN-9686,Yoff,Alimentation,1850820.0,25.203852255851867,147,-5.0,1
SN-9687,Parcelles Assainies,Restauration,490339.0,20.17058632965281,167,44.0,0
SN-9688,PIKINE,Services,1912777.0,-13.704357212395719,119,73.0,0
SN-9689,Guediawaye,Alimentation,372160.0,-8.704389199346599,99,78.0,0
SN-9690,Pikine,Habillement,674625.0,-2.8702227987592215,150,81.0,0
SN-9691, Pikine ,Habillement,1844709.0,1.3439012434068929,142,37.0,0
SN-9692,Marché Sandaga,Services,813886.0,33.52945563866348,46,87.0,0
SN-9693,Ouakam,Électronique,623906.0,25.21541228163859,98,76.0,0
SN-9694,Parcelles Assainies,Électronique,1094246.0,-1.1494671867321606,75,70.0,1
SN-9695,Guediawaye,Habillement,1364979.0,0.8336652323230033,147,107.0,0
SN-9696,Marché Sandaga,Restauration,1204501.0,,52,51.0,0
SN-9697,Yoff,Alimentation,273855.0,-1.6412025801820187,56,45.0,1
SN-9698,Medina,Restauration,1597975.0,,58,27.0,0
SN-9699,Marche Sandaga,Restauration,622327.0,-1.4241287433956886,140,0.0,1
SN-9700,Marche Sandaga,Restauration,652426.0,49.0604648435848,128,81.0,0
SN-9701,Ouakam,Électronique,59587.0,33.866591070879586,151,23.0,1
SN-9702,Medina,Services,1429045.0,42.250940142377154,37,44.0,0
SN-9703, Pikine ,Habillement,1971469.0,16.270842882795126,84,118.0,0
SN-9704,Pikine,Restauration,580696.0,-10.0545756194389,20,84.0,0
SN-9705,Guediawaye,Restauration,1507515.0,5.820718430295045,8,79.0,0
SN-9706, Pikine ,Électronique,1973987.0,-23.03029746560208,42,27.0,0
SN-9707,Yoff,Alimentation,40938.0,-17.53988408878734,77,43.0,0
SN-9708,Marche Sandaga,Services,70280.0,-14.333754529345704,12,77.0,0
SN-9709,Yoff,Alimentation,832018.0,36.878888492067176,15,110.0,0
SN-9710,Parcelles Assainies,Alimentation,1361648.0,-11.84201507295647,131,119.0,0
SN-9711,Marché Sandaga,Électronique,1693435.0,23.987084900121076,54,35.0,0
SN-9712,Yoff,Habillement,601767.0,-11.786063961019025,54,66.0,0
SN-9713,PIKINE,Électronique,1181513.0,-0.5493468196672693,55,99.0,0
SN-9714,Marché Sandaga,Restauration,297270.0,9.734822006453808,174,3.0,1
SN-9715,PIKINE,Alimentation,344670.0,9.248445845355489,106,47.0,0
SN-9716,PIKINE,Alimentation,641959.0,-0.5632873618141435,57,25.0,1
SN-9717,Marche Sandaga,Habillement,977283.0,,126,-5.0,1
SN-9718,Marche Sandaga,Services,310416.0,-10.715728312298651,122,89.0,1
SN-9719,Marche Sandaga,Services,1460782.0,-4.035684720588416,157,97.0,1
SN-9720,Ouakam,Restauration,164586.0,37.6654877497142,113,48.0,0
SN-9721,Marché Sandaga,Alimentation,734433.0,-38.54610433220649,140,93.0,0
SN-9722,Marché Sandaga,Habillement,1661335.0,10.313138841221857,101,88.0,0
SN-9723,Marche Sandaga,Restauration,991881.0,11.470920568091321,189,105.0,1
SN-9724,Yoff,Restauration,1798842.0,-5.346893853180086,125,33.0,0
SN-9725,Parcelles Assainies,Services,1068032.0,0.8143450051286636,55,76.0,0
SN-9726,Marche Sandaga,Restauration,228992.0,3.2811257721026497,148,44.0,1
SN-9727,Guediawaye,nan,869982.0,9.298234151005301,42,82.0,0
SN-9728,Marche Sandaga,Électronique,777344.0,30.338587182882275,85,-1.0,1
SN-9729,Marche Sandaga,Services,560524.0,12.976427088583362,95,93.0,0
SN-9730, Pikine ,Alimentation,140999.0,25.74116579161074,194,90.0,0
SN-9731,Medina,Habillement,985739.0,10.00626112006776,48,40.0,0
SN-9732,Pikine,Alimentation,1477707.0,-27.173905619117914,66,52.0,1
SN-9733,Marche Sandaga,Services,1007126.0,-23.897498104931874,160,92.0,0
SN-9734, Pikine ,Alimentation,684493.0,18.26209676656334,11,111.0,0
SN-9735,Ouakam,Habillement,1406951.0,,152,56.0,0
SN-9736,Parcelles Assainies,Habillement,714776.0,-45.61771122373685,90,25.0,0
SN-9737,Medina,Habillement,1974613.0,-18.535532260793172,182,70.0,0
SN-9738, Pikine ,Restauration,1211740.0,-21.185843175107095,139,35.0,0
SN-9739,Ouakam,Électronique,861248.0,4.688009174954787,48,77.0,0
SN-9740,Parcelles Assainies,Alimentation,1437642.0,14.105006684865417,20,13.0,0
SN-9741,Yoff,Habillement,846217.0,-0.811105637925033,52,103.0,0
SN-9742,Pikine,Services,683586.0,10.58597439420444,97,46.0,0
SN-9743,Medina,Restauration,1736123.0,-23.31079819789842,39,79.0,0
SN-9744,Parcelles Assainies,Services,1484299.0,6.1187761358751205,14,-1.0,0
SN-9745,Medina,Alimentation,681342.0,34.843348563646835,163,97.0,0
SN-9746,Guediawaye,Habillement,544477.0,7.205034478419686,120,97.0,0
SN-9747,Medina,Restauration,1442018.0,,132,97.0,0
SN-9748,Marché Sandaga,Restauration,873614.0,-0.06594271047382667,32,39.0,0
SN-9749,Marche Sandaga,Services,741071.0,-48.80565668452232,138,81.0,0
SN-9750,Guediawaye,Alimentation,525593.0,-41.516927226300254,29,111.0,1
SN-9751,Marché Sandaga,Alimentation,944943.0,-3.4863928002862754,181,105.0,0
SN-9752,Yoff,Services,1691920.0,21.47574848226242,164,26.0,0
SN-9753, Pikine ,Alimentation,775811.0,4.720892742961757,6,30.0,0
SN-9754,Medina,Habillement,169417.0,-21.186207603073,43,100.0,1
SN-9755,Pikine,Restauration,705592.0,7.352519583893874,95,81.0,0
SN-9756,Marché Sandaga,Habillement,1909597.0,19.854926954897586,89,91.0,0
SN-9757, Pikine ,Alimentation,495139.0,-19.86536306281762,113,40.0,1
SN-9758,Guediawaye,Services,1972688.0,-31.115088401786217,158,74.0,0
SN-9759,Marché Sandaga,Habillement,107529.0,-12.406639486316166,191,77.0,0
SN-9760,Marché Sandaga,Alimentation,850133.0,16.552222895942094,177,118.0,0
SN-9761,Yoff,Restauration,688713.0,16.696108988251474,63,69.0,0
SN-9762,Ouakam,Électronique,91173.0,-13.258579597847042,173,89.0,1
SN-9763, Pikine ,Alimentation,218854.0,3.5885260575208444,195,5.0,1
SN-9764,PIKINE,Électronique,749005.0,-7.118102137782603,57,0.0,0
SN-9765,Marche Sandaga,Alimentation,567450.0,24.006652348686277,184,84.0,0
SN-9766,Yoff,nan,1250043.0,-38.56371933940818,122,119.0,0
SN-9767,Marche Sandaga,Restauration,1825831.0,1.870967325498307,80,55.0,0
SN-9768,Ouakam,Restauration,942482.0,-5.422581059172197,192,59.0,0
SN-9769,Marché Sandaga,Restauration,974861.0,26.942591028435963,150,10.0,1
SN-9770,Medina,nan,1242384.0,25.174165936570127,197,105.0,0
SN-9771,Pikine,Services,788546.0,-1.5150862650249657,6,112.0,0
SN-9772, Pikine ,Alimentation,1847473.0,-19.665514536497707,196,75.0,0
SN-9773,Ouakam,Services,1347438.0,-26.228922632386897,138,51.0,0
SN-9774,Pikine,Restauration,381163.0,-26.73563691790723,44,1.0,0
SN-9775, Pikine ,Alimentation,1968250.0,-9.218631334571766,34,65.0,0
SN-9776,Pikine,Électronique,1846181.0,-8.226463325466703,114,27.0,0
SN-9777,Guediawaye,Services,1196368.0,-16.423988625770853,11,35.0,0
SN-9778,Guediawaye,Alimentation,1356546.0,21.53169939636094,35,42.0,0
SN-9779,Medina,Électronique,889411.0,-30.332141012694322,145,59.0,0
SN-9780,Pikine,Électronique,1721744.0,15.33050132216173,35,22.0,0
SN-9781,Pikine,Habillement,1001675.0,,118,1.0,0
SN-9782,Marche Sandaga,Alimentation,43837.0,-10.733755265729767,106,85.0,0
SN-9783,Medina,nan,37504.0,16.370779117226597,151,113.0,0
SN-9784,Ouakam,Restauration,1537541.0,21.920879973075678,173,20.0,0
SN-9785,Yoff,Électronique,1080953.0,-5.022162737037059,187,63.0,0
SN-9786,Marche Sandaga,Alimentation,132017.0,-4.359654373256733,182,71.0,0
SN-9787,Marche Sandaga,nan,359053.0,14.331097274011128,37,47.0,1
SN-9788,Guediawaye,nan,456599.0,0.8511274750026585,143,10.0,1
SN-9789,Marché Sandaga,Habillement,1880787.0,0.5314672452472156,38,56.0,0
SN-9790,Marche Sandaga,Restauration,64930.0,-3.25742986428991,161,74.0,0
SN-9791,Parcelles Assainies,Alimentation,468846.0,14.8664638713438,138,17.0,1
SN-9792, Pikine ,Habillement,1919638.0,-33.989764510070295,37,27.0,0
SN-9793,Ouakam,Électronique,1215610.0,-11.172040156898538,180,39.0,0
SN-9794,Pikine,Restauration,540910.0,21.56637799267334,90,78.0,0
SN-9795,Marché Sandaga,Électronique,1437770.0,14.450019433833923,93,10.0,0
SN-9796,Pikine,Électronique,382178.0,-29.049008896943466,72,72.0,0
SN-9797,Yoff,Restauration,910746.0,-14.619557988020846,94,32.0,1
SN-9798,Parcelles Assainies,Électronique,1914168.0,,92,46.0,0
SN-9799, Pikine ,Électronique,671344.0,-17.35213054983101,150,91.0,0
SN-9800,Marche Sandaga,Électronique,1304990.0,23.194860692134256,70,85.0,0
SN-9801,Guediawaye,Alimentation,1290262.0,-0.8987703083452245,91,107.0,0
SN-9802,PIKINE,Habillement,833239.0,-11.816528682500401,0,79.0,0
SN-9803,Ouakam,Restauration,1196852.0,1.9305527620970944,103,16.0,0
SN-9804, Pikine ,Restauration,1117508.0,-13.893440744544922,15,110.0,0
SN-9805,PIKINE,Alimentation,1074939.0,,145,85.0,0
SN-9806,Marche Sandaga,Alimentation,1020842.0,35.3170643878937,80,60.0,0
SN-9807,Guediawaye,Services,1823865.0,,151,106.0,0
SN-9808,Marche Sandaga,Habillement,101917.0,15.591100041893968,138,89.0,0
SN-9809, Pikine ,Restauration,1923252.0,-15.517467922445327,41,10.0,0
SN-9810,Yoff,Restauration,1658151.0,-43.499852778660504,19,105.0,0
SN-9811,Marche Sandaga,Restauration,232948.0,15.374176369387849,58,98.0,1
SN-9812,Medina,Habillement,172844.0,-2.652916083546519,19,36.0,1
SN-9813,Pikine,Alimentation,1220702.0,2.9292692973475516,143,24.0,0
SN-9814,Marché Sandaga,Habillement,677423.0,6.776667542613585,31,73.0,0
SN-9815,Marche Sandaga,Restauration,621181.0,-10.916495958095052,51,-3.0,1
SN-9816,Marche Sandaga,Électronique,701557.0,21.69700074308818,151,10.0,0
SN-9817,Ouakam,Restauration,117575.0,,87,100.0,1
SN-9818,Marche Sandaga,Restauration,91916.0,16.326936748540167,70,44.0,0
SN-9819,Ouakam,Restauration,946768.0,29.490327863381246,117,37.0,0
SN-9820,Pikine,Alimentation,1987221.0,7.016053852911882,39,98.0,0
SN-9821,Ouakam,Habillement,830526.0,30.526120917477737,101,89.0,0
SN-9822,Pikine,Habillement,354853.0,-4.547838688843035,75,41.0,1
SN-9823,Yoff,Alimentation,733779.0,-11.082335548956184,105,14.0,0
SN-9824,Marche Sandaga,Alimentation,1701474.0,0.7957460563419552,32,20.0,0
SN-9825,Yoff,Électronique,1104834.0,-17.488578584256402,8,41.0,0
SN-9826, Pikine ,Électronique,1755091.0,18.944477933043345,69,3.0,1
SN-9827,PIKINE,Services,558562.0,-18.068686077582374,194,79.0,1
SN-9828,Yoff,Habillement,842816.0,41.88323163626956,192,46.0,0
SN-9829,Yoff,Restauration,1759991.0,-11.920275898937408,45,56.0,0
SN-9830,Guediawaye,Restauration,376716.0,-41.076497341563474,58,100.0,0
SN-9831,Pikine,Restauration,105766.0,-2.8529708844152593,36,22.0,1
SN-9832,Marché Sandaga,Électronique,675648.0,26.316992368124392,52,104.0,0
SN-9833,Marché Sandaga,Électronique,490579.0,26.66671134612653,25,37.0,0
SN-9834,Guediawaye,Restauration,1613319.0,-9.530629657246052,75,32.0,0
SN-9835,Pikine,Alimentation,950684.0,1.3962172395186143,108,31.0,0
SN-9836,Parcelles Assainies,Restauration,1537404.0,-8.767440240000594,73,110.0,0
SN-9837,Marché Sandaga,Alimentation,305024.0,8.668144692401667,9,119.0,1
SN-9838,Pikine,Alimentation,119847.0,-8.755033843912832,65,59.0,1
SN-9839,Medina,Habillement,1516575.0,,14,61.0,0
SN-9840, Pikine ,Habillement,584127.0,35.169828953777454,107,40.0,1
SN-9841,Medina,Restauration,731780.0,-2.7192939438236596,150,43.0,1
SN-9842,Yoff,Habillement,1427357.0,6.153295788160449,0,96.0,0
SN-9843,Marche Sandaga,Habillement,1276685.0,0.9063548021735579,123,90.0,0
SN-9844,Guediawaye,Habillement,1746272.0,6.194717509203878,60,100.0,0
SN-9845,Marché Sandaga,Alimentation,866757.0,-12.511780947087026,61,70.0,0
SN-9846,PIKINE,Alimentation,1528461.0,5.210507654077712,170,17.0,0
SN-9847,PIKINE,Alimentation,1388489.0,-9.796167750246841,18,45.0,1
SN-9848,PIKINE,Restauration,348460.0,-20.207729373672493,124,22.0,0
SN-9849,Pikine,Restauration,1818775.0,20.52902912589159,143,30.0,0
SN-9850,Guediawaye,nan,1062344.0,-34.441485304924726,160,89.0,1
SN-9851,Pikine,nan,1159601.0,30.41452626885622,8,30.0,0
SN-9852, Pikine ,Services,1121078.0,32.59762037702528,176,70.0,0
SN-9853,Pikine,Habillement,156519.0,6.750227178271214,68,34.0,0
SN-9854,Marché Sandaga,Restauration,970119.0,-10.231993843074152,159,37.0,0
SN-9855, Pikine ,Habillement,1394875.0,12.428472069439708,95,73.0,0
SN-9856,Marche Sandaga,Alimentation,796076.0,-15.483507442530568,177,106.0,0
SN-9857,Pikine,Services,1532726.0,23.617518336349484,69,76.0,0
SN-9858,Parcelles Assainies,Alimentation,1141947.0,0.6997857869418244,35,7.0,0
SN-9859,Guediawaye,Services,902747.0,-51.23202601334506,74,83.0,0
SN-9860,Parcelles Assainies,Alimentation,1461636.0,-5.110734534312822,129,101.0,0
SN-9861, Pikine ,Habillement,92376.0,-6.388386821850444,23,74.0,0
SN-9862,Marché Sandaga,Restauration,1840701.0,-36.244184948081546,16,8.0,0
SN-9863,Marché Sandaga,Services,444519.0,29.353342715937394,63,24.0,1
SN-9864,Marche Sandaga,Alimentation,21477.0,6.292266218003987,131,33.0,1
SN-9865,Guediawaye,Habillement,1188892.0,2.5075506328727606,198,47.0,1
SN-9866,Pikine,Électronique,761210.0,-1.1096073415045937,194,48.0,0
SN-9867,Marche Sandaga,Électronique,737254.0,13.782001031934158,134,69.0,0
SN-9868,Parcelles Assainies,Électronique,1667745.0,19.523508737253717,12,79.0,0
SN-9869,Pikine,Habillement,1792487.0,23.87786645545087,167,116.0,0
SN-9870,Pikine,Électronique,1012036.0,8.295583073646188,50,88.0,0
SN-9871,Parcelles Assainies,nan,1592.0,48.023026178435096,114,111.0,0
SN-9872,Yoff,Habillement,575699.0,49.03572950643685,23,81.0,0
SN-9873,Ouakam,Alimentation,968815.0,11.144310985691195,58,67.0,0
SN-9874,Pikine,Alimentation,1295674.0,-12.14883777249711,191,18.0,0
SN-9875,Ouakam,Restauration,653654.0,,97,70.0,1
SN-9876,PIKINE,Électronique,126651.0,45.39432109032917,101,-1.0,0
SN-9877,Yoff,Habillement,182634.0,6.769182251250653,175,76.0,0
SN-9878,Parcelles Assainies,Alimentation,1657104.0,-23.38833427593816,127,92.0,0
SN-9879,Parcelles Assainies,Alimentation,1228211.0,12.078289342540192,14,-3.0,0
SN-9880,Marché Sandaga,Alimentation,203383.0,22.510438772932826,102,92.0,0
SN-9881,Guediawaye,Habillement,1654803.0,9.094414310076846,7,79.0,0
SN-9882,PIKINE,Alimentation,1025198.0,-15.700658473758091,151,45.0,0
SN-9883,Medina,Électronique,1037661.0,8.995131030830928,58,71.0,0
SN-9884,Marché Sandaga,Restauration,372940.0,,13,104.0,0
SN-9885, Pikine ,Services,636890.0,42.733779696885215,156,32.0,0
SN-9886,Pikine,Services,953128.0,17.354421140353573,23,96.0,0
SN-9887,Parcelles Assainies,Restauration,1623436.0,16.359880722139316,0,10.0,0
SN-9888,Parcelles Assainies,Restauration,1081124.0,9.340391932504291,151,16.0,0
SN-9889,Medina,Services,750203.0,33.78065397230899,179,105.0,0
SN-9890,Ouakam,Électronique,1391994.0,-14.138777971431672,163,-4.0,1
SN-9891,Marche Sandaga,Habillement,382206.0,39.296744763567176,142,64.0,1
SN-9892,Pikine,Restauration,899541.0,13.328976999890408,80,50.0,0
SN-9893,Pikine,Habillement,821423.0,5.8938398311075435,180,37.0,0
SN-9894,Marché Sandaga,Alimentation,1385376.0,-13.187464095389274,62,102.0,0
SN-9895,Pikine,Restauration,1755353.0,6.696756608935982,131,17.0,1
SN-9896,Marché Sandaga,Électronique,1215418.0,-10.912281457307696,124,115.0,0
SN-9897,Medina,Alimentation,884972.0,-19.77187343735642,167,54.0,1
SN-9898,Pikine,Services,520226.0,,76,49.0,0
SN-9899,Yoff,Habillement,903207.0,-32.755461240864335,127,19.0,1
SN-9900,Ouakam,Alimentation,331216.0,2.661738500909598,121,37.0,0
SN-9901,Marche Sandaga,Électronique,700217.0,14.345039473348626,195,106.0,0
SN-9902,Pikine,Habillement,1301117.0,7.2299253831377985,113,92.0,0
SN-9903,Pikine,Alimentation,1668603.0,-19.698239325018896,186,42.0,0
SN-9904,Medina,Services,1210458.0,14.603259096552055,133,42.0,0
SN-9905,Pikine,Alimentation,1384588.0,27.8847344388134,170,85.0,0
SN-9906,Pikine,Services,1665455.0,25.19186505561226,174,53.0,0
SN-9907,Yoff,Restauration,903670.0,-16.318686354184287,139,16.0,0
SN-9908,PIKINE,Alimentation,1620345.0,8.57251581537866,131,67.0,0
SN-9909,Medina,Alimentation,225287.0,21.72890554608417,175,12.0,1
SN-9910,Marché Sandaga,Habillement,289366.0,-20.602291363745127,136,15.0,1
SN-9911, Pikine ,Habillement,1963524.0,4.0530830944763245,144,91.0,0
SN-9912, Pikine ,Services,1468580.0,-10.658534887234975,4,102.0,0
SN-9913,Medina,Habillement,742940.0,17.623460776405192,18,93.0,0
SN-9914,Medina,Habillement,1590474.0,3.4633107470284745,85,87.0,0
SN-9915,Parcelles Assainies,Services,1167541.0,34.14488771223788,33,73.0,0
SN-9916,Parcelles Assainies,Restauration,20962.0,-12.868743939303549,199,11.0,1
SN-9917,Yoff,Alimentation,1688325.0,14.333263435762012,194,32.0,0
SN-9918,PIKINE,Restauration,672509.0,11.807436379102933,183,60.0,0
SN-9919,Parcelles Assainies,Restauration,469343.0,1.2713734996033967,82,109.0,0
SN-9920,PIKINE,Alimentation,1219607.0,-43.82930135314673,91,45.0,0
SN-9921,Marché Sandaga,Électronique,610106.0,6.151598544651407,117,29.0,1
SN-9922,Ouakam,Électronique,1476785.0,22.880495189353553,198,7.0,0
SN-9923,Medina,Habillement,1204236.0,22.253184058684873,94,7.0,1
SN-9924,PIKINE,Services,1091391.0,-20.729836001167683,138,54.0,0
SN-9925,Medina,Alimentation,785085.0,-28.218119653545703,109,18.0,1
SN-9926,Marche Sandaga,Électronique,1034920.0,,99,12.0,1
SN-9927,Marche Sandaga,Habillement,222183.0,-19.51511208654341,19,28.0,0
SN-9928, Pikine ,Électronique,427769.0,-19.460872963872568,63,98.0,1
SN-9929,Yoff,Habillement,11119.0,-11.960095543148642,56,41.0,1
SN-9930,Medina,Restauration,1006383.0,10.566552571799123,150,84.0,0
SN-9931,Ouakam,Services,1661123.0,-21.59369666659536,88,40.0,0
SN-9932,Marche Sandaga,Habillement,319304.0,-4.911436115666473,155,15.0,1
SN-9933, Pikine ,Alimentation,672420.0,15.879094971584138,102,93.0,0
SN-9934,Marche Sandaga,Habillement,1474448.0,5.658147398413006,81,30.0,0
SN-9935,Yoff,Électronique,302364.0,56.586999215248646,147,52.0,0
SN-9936,Marche Sandaga,Habillement,1393258.0,-10.605864693060983,194,88.0,0
SN-9937,Marché Sandaga,nan,625793.0,12.317701637861232,138,66.0,0
SN-9938,Marche Sandaga,Restauration,316491.0,19.277646510866383,52,65.0,0
SN-9939,Yoff,Alimentation,1551854.0,-11.745856347896808,57,43.0,0
SN-9940,Pikine,Électronique,349405.0,-0.7290928360325739,164,55.0,0
SN-9941,Marche Sandaga,Électronique,397333.0,-43.247429219494855,47,-5.0,1
SN-9942,Yoff,Alimentation,1019541.0,25.058432809614626,94,28.0,0
SN-9943,Medina,Services,1318279.0,-9.717083679617208,72,24.0,1
SN-9944,Guediawaye,Électronique,1433688.0,8.768234661453153,150,1.0,0
SN-9945,Marché Sandaga,Habillement,1869758.0,-1.0152313030079032,196,27.0,0
SN-9946,Marché Sandaga,Électronique,274419.0,23.62236384622755,39,89.0,0
SN-9947,Yoff,Alimentation,613613.0,10.745774550246264,27,66.0,0
SN-9948,Parcelles Assainies,Électronique,1387095.0,31.392743066989436,48,61.0,0
SN-9949,Marché Sandaga,Services,1401396.0,0.0832051616324912,57,91.0,0
SN-9950,Marché Sandaga,Habillement,836079.0,21.85325603763207,12,117.0,0
SN-9951,Yoff,Alimentation,1658499.0,12.658315760456487,170,29.0,1
SN-9952,Pikine,nan,1255577.0,-25.644889580625897,63,85.0,0
SN-9953,Parcelles Assainies,Restauration,1142699.0,12.635801656823265,135,90.0,0
SN-9954,Pikine,Électronique,110026.0,-41.798348371843815,97,57.0,1
SN-9955,Pikine,Alimentation,1170160.0,3.6990780081671253,146,97.0,0
SN-9956,Guediawaye,Restauration,1933679.0,3.5869335000510425,109,63.0,0
SN-9957,Guediawaye,Habillement,1387651.0,-30.716943173482754,87,77.0,0
SN-9958,Marche Sandaga,Électronique,1402551.0,,17,29.0,0
SN-9959,Guediawaye,Électronique,951713.0,-8.005926951106815,28,30.0,1
SN-9960,Yoff,Services,1869538.0,-4.5275410147145845,127,16.0,0
SN-9961,Marche Sandaga,Restauration,1423218.0,-19.853098252844525,61,42.0,0
SN-9962,Ouakam,Habillement,448597.0,40.737747821328945,58,85.0,0
SN-9963,Pikine,Électronique,1971114.0,-21.14666720831163,49,4.0,0
SN-9964, Pikine ,Services,1479206.0,-9.050420265812827,157,-3.0,0
SN-9965,Parcelles Assainies,Restauration,329801.0,17.66100420543708,68,26.0,0
SN-9966,Pikine,Électronique,742698.0,-10.389366019212611,183,74.0,0
SN-9967,Yoff,Restauration,1971792.0,41.67896000684824,85,53.0,0
SN-9968,Yoff,Alimentation,1662120.0,-0.5664717390147731,156,76.0,0
SN-9969,Pikine,Habillement,324009.0,-32.35834377584846,156,57.0,0
SN-9970,Ouakam,Électronique,371770.0,,13,100.0,0
SN-9971, Pikine ,nan,769942.0,12.940484024907095,160,7.0,0
SN-9972,Yoff,Restauration,48272.0,,100,86.0,1
SN-9973,Guediawaye,Électronique,1580258.0,-16.6045666721556,105,9.0,0
SN-9974, Pikine ,Habillement,1079564.0,10.637128648434677,130,31.0,0
SN-9975,Marché Sandaga,Alimentation,1822348.0,41.76429881248687,36,95.0,0
SN-9976,Pikine,Habillement,674638.0,-7.827895112550298,60,85.0,1
SN-9977,Medina,Alimentation,1513465.0,-3.4935431989055186,83,45.0,0
SN-9978,Parcelles Assainies,Habillement,529310.0,-1.3505466969729971,162,2.0,0
SN-9979,PIKINE,Habillement,1028551.0,4.580395659609733,124,-5.0,0
SN-9980,Marche Sandaga,Alimentation,870836.0,-25.422554490869985,179,97.0,0
SN-9981,Ouakam,Habillement,653722.0,-11.578743930813548,123,40.0,0
SN-9982,Pikine,Électronique,903768.0,25.442852225219305,126,9.0,0
SN-9983,PIKINE,Services,828572.0,48.40675031978897,0,17.0,1
SN-9984,Parcelles Assainies,Alimentation,1792354.0,13.148369106373593,56,59.0,0
SN-9985,Parcelles Assainies,nan,454269.0,-39.61581281819961,28,17.0,1
SN-9986,Parcelles Assainies,Habillement,1647360.0,8.922498554842422,133,2.0,0
SN-9987,Marche Sandaga,Habillement,383281.0,-9.106021875978284,80,24.0,0
SN-9988,Yoff,Électronique,1298304.0,14.85164445350842,128,60.0,0
SN-9989,Parcelles Assainies,Services,1375680.0,-11.633661010304907,83,41.0,0
SN-9990,Marche Sandaga,Alimentation,781280.0,32.08614192941913,84,85.0,0
SN-9991,Yoff,Électronique,1001481.0,-24.56170815480145,95,53.0,0
SN-9992,Medina,Restauration,508323.0,-11.46684471821435,160,87.0,0
SN-9993,Marché Sandaga,Services,1325935.0,-0.7269272715639861,155,88.0,0
SN-9994, Pikine ,Restauration,48962.0,56.73808282853833,92,86.0,1
SN-9995,Ouakam,Habillement,931894.0,-10.387374231399587,115,83.0,1
SN-9996,Yoff,Restauration,1286629.0,,186,-4.0,0
SN-9997,Medina,Alimentation,1716528.0,-2.3300614278721192,59,88.0,0
SN-9998,Yoff,Restauration,979089.0,38.954584050944156,15,42.0,1
SN-9999,Yoff,Électronique,1389067.0,-5.108129429142273,194,65.0,0
SN-9953,Parcelles Assainies,Restauration,1142699.0,12.635801656823265,135,90.0,0
SN-3850,PIKINE,Électronique,605190.0,-29.149442792897084,124,47.0,0
SN-4962,PIKINE,Restauration,680030.0,17.489285390630364,154,29.0,0
SN-3886,Marché Sandaga,Services,1312598.0,0.007755015317750381,173,36.0,1
SN-5437,Marché Sandaga,Alimentation,500438.0,-35.72401694482033,137,1.0,0
SN-8517,Guediawaye,Restauration,529769.0,,111,109.0,1
SN-2041,PIKINE,Électronique,1366249.0,-19.438683776416422,122,67.0,0
SN-1989,Marche Sandaga,Restauration,1164203.0,-25.661339789801087,135,-3.0,0
SN-1933,Pikine,Restauration,1794953.0,3.4437420656599067,86,21.0,0
SN-9984,Parcelles Assainies,Alimentation,1792354.0,13.148369106373593,56,59.0,0
SN-8418,Marché Sandaga,Restauration,1980593.0,-7.358283941708818,112,119.0,0
SN-2418, Pikine ,Alimentation,115390.0,-6.0101019189481795,105,51.0,0
SN-6811,Yoff,Habillement,1418367.0,-5.427724587747612,19,109.0,0
SN-1217,Medina,Alimentation,888909.0,-27.97469654939846,3,-2.0,1
SN-6978,Parcelles Assainies,Restauration,722265.0,17.079617097077204,178,67.0,0
SN-6111,PIKINE,Habillement,1173023.0,27.00895624636379,159,46.0,0
SN-7865,Marché Sandaga,Électronique,1907906.0,-16.649051941206768,106,23.0,0
SN-7781,Pikine,Restauration,326236.0,28.02317117792327,51,98.0,1
SN-7775,Pikine,Alimentation,1552761.0,65.97502888237443,158,32.0,0
SN-7039, Pikine ,Habillement,1042319.0,-17.247909552206163,70,99.0,0
SN-7673,PIKINE,Restauration,1523778.0,42.11618778929875,66,-3.0,0
SN-2907,Medina,Restauration,476094.0,,140,115.0,0
SN-1266,PIKINE,Services,1179154.0,2.186107590703463,73,60.0,0
SN-2370,Ouakam,Restauration,734191.0,-32.787991560604695,186,6.0,0
SN-3092,Yoff,Électronique,146894.0,13.694602281414092,105,84.0,0
SN-0130,Yoff,Services,1302561.0,11.25731756169004,162,4.0,0
SN-1988,Pikine,Restauration,879205.0,19.00773816397114,70,107.0,0
SN-7877,Marche Sandaga,Alimentation,1741372.0,40.01949279746921,157,43.0,0
SN-6450, Pikine ,Électronique,62891.0,20.39500663199242,131,60.0,0
SN-6880,Yoff,Électronique,1925176.0,34.30438488525163,46,76.0,0
SN-1768,Yoff,Alimentation,1822146.0,-2.793001666313366,111,114.0,0
SN-9059,Pikine,Habillement,701797.0,12.692259314271821,166,71.0,1
SN-5512,Pikine,Alimentation,350167.0,-18.049288074448853,175,85.0,0
SN-6343,Ouakam,Électronique,648390.0,16.16607946808496,5,106.0,0
SN-6702, Pikine ,Services,1915315.0,-28.584840528799397,16,49.0,0
SN-0574,Guediawaye,Restauration,1762735.0,-9.083283762319596,14,14.0,0
SN-6426,Marche Sandaga,Restauration,300030.0,18.362361901706723,121,-2.0,0
SN-1520,Yoff,Électronique,1059321.0,,20,69.0,0
SN-9887,Parcelles Assainies,Restauration,1623436.0,16.359880722139316,0,10.0,0
SN-1958,Marché Sandaga,Alimentation,483652.0,-14.71501929543247,106,100.0,0
SN-4487,PIKINE,Services,763293.0,30.92942348176566,26,65.0,0
SN-0859, Pikine ,Restauration,1770407.0,7.132076488723964,93,83.0,0
SN-2874,Ouakam,Électronique,466394.0,14.663195789093448,140,9.0,0
SN-8594,Ouakam,Restauration,1676392.0,-0.46476867849913645,163,94.0,0
SN-9725,Parcelles Assainies,Services,1068032.0,0.8143450051286636,55,76.0,0
SN-3265,Ouakam,Restauration,1276005.0,-6.207516402037573,0,100.0,0
SN-3727,Pikine,Restauration,116534.0,16.075347094241142,101,77.0,1
SN-8738,Pikine,Restauration,1316634.0,13.11719275046358,163,93.0,0
SN-4437,Pikine,Restauration,244333.0,-27.124182897612876,59,83.0,1
SN-3304,Guediawaye,Alimentation,1795276.0,-11.484792194712757,16,109.0,0
